user_id,grade_id,role,coin,score,streak,days_since_last_study,vip_days_remaining,is_vip_active,unit_progress_percent,section_progress_percent,active_days_7d,active_days_14d,active_days_30d,lessons_completed_7d,lessons_completed_14d,lessons_completed_30d,questions_answered_7d,questions_answered_14d,questions_answered_30d,accuracy_7d,accuracy_14d,accuracy_30d,avg_attempt_count_7d,coins_earned_7d,coins_earned_30d,writing_eval_count_30d,speaking_eval_count_30d,avg_writing_ai_score_30d,avg_speaking_ai_score_30d,skip_item_quantity,listening_accuracy_30d,speaking_accuracy_30d,reading_accuracy_30d,writing_accuracy_30d,vocabulary_accuracy_30d,grammar_accuracy_30d,strong_skill,weak_skill,trend_label
1,12,USER,217,1074,13,6,0,0,63.3,54.3,5,5,10,3,7,11,26,42,114,57.8,60.0,59.2,1.72,33,115,0,1,0.0,68.4,1,76.1,62.9,68.0,61.8,48.4,73.6,listening,vocabulary,STABLE
2,2,USER,299,2891,23,1,0,0,73.7,95.4,3,11,19,10,28,53,127,167,301,67.2,64.3,65.5,1.49,136,522,3,4,71.4,80.3,0,70.8,76.2,74.2,69.8,52.6,55.3,speaking,vocabulary,STABLE
3,8,USER,93,2375,11,3,0,0,89.8,91.3,3,9,18,10,15,35,70,90,231,60.4,59.8,59.5,1.83,105,323,1,2,50.8,60.2,0,79.1,53.0,67.2,48.8,61.7,68.6,listening,writing,STABLE
4,7,USER,526,2285,11,5,0,0,54.6,38.8,0,10,15,8,16,22,53,137,184,71.3,73.2,71.1,1.41,133,317,2,1,64.7,66.1,0,84.9,63.6,64.7,65.6,42.5,64.4,listening,vocabulary,STABLE
5,5,USER,998,3089,7,4,356,1,63.6,69.7,2,10,28,14,18,49,83,195,380,54.3,54.7,53.6,1.7,92,501,10,6,59.1,73.5,0,46.0,74.7,73.2,52.5,71.5,49.4,speaking,listening,STABLE
6,5,USER,0,1518,5,11,0,0,44.8,40.7,0,6,9,4,9,15,28,53,118,62.2,63.2,63.7,2.05,67,156,0,1,0.0,29.8,1,41.5,37.3,50.6,47.5,47.0,75.1,grammar,speaking,STABLE
7,11,USER,91,1532,1,2,0,0,70.8,85.5,2,9,10,5,9,21,52,95,169,52.2,54.0,57.2,1.67,59,238,1,0,73.5,0.0,1,58.1,48.4,60.3,75.4,53.5,53.7,writing,speaking,STABLE
8,3,USER,518,3912,25,3,0,0,77.8,75.7,4,13,29,30,39,60,187,359,550,43.1,53.3,51.0,1.83,279,618,8,7,38.5,54.7,0,54.6,45.5,42.5,45.7,44.3,63.3,grammar,reading,DECLINING
9,5,USER,0,1256,0,5,0,0,51.3,68.0,3,7,9,8,11,23,27,69,144,38.0,33.6,34.0,2.39,33,176,1,4,39.0,40.9,1,33.3,38.4,38.2,40.9,26.7,44.4,grammar,vocabulary,STABLE
10,6,USER,214,3294,19,4,10,1,73.8,72.2,6,9,20,16,37,54,155,232,413,44.2,42.4,42.1,2.06,242,529,5,8,54.2,69.9,0,59.8,55.9,42.6,49.2,52.9,29.8,listening,grammar,STABLE
11,7,USER,231,1414,8,10,0,0,38.2,41.5,3,4,10,4,7,18,40,70,119,35.7,41.4,35.1,2.1,67,173,0,1,0.0,62.6,3,27.4,51.0,53.1,63.3,27.5,34.5,writing,listening,STABLE
12,7,USER,280,1924,17,0,0,0,94.5,83.8,3,10,15,8,15,27,66,104,178,73.6,61.1,58.2,1.0,52,228,2,2,46.5,67.1,1,63.1,69.7,56.9,41.6,58.2,59.7,speaking,writing,IMPROVING
13,4,ADMIN,270,1744,16,7,0,0,45.4,26.7,5,5,11,11,16,23,37,60,120,70.9,63.7,65.6,1.79,85,257,2,0,50.3,0.0,0,76.8,65.3,64.8,52.4,88.2,58.4,vocabulary,writing,IMPROVING
14,9,USER,473,1519,7,4,273,1,57.1,72.7,0,3,7,3,7,11,25,41,75,61.4,61.5,64.8,1.72,55,143,0,0,0.0,0.0,5,77.9,48.4,52.2,58.5,64.8,66.2,listening,speaking,STABLE
15,1,USER,52,2594,6,5,0,0,39.7,40.4,2,10,16,8,21,33,76,155,232,60.0,62.2,65.1,1.42,112,292,3,4,57.5,51.5,0,72.6,58.9,64.8,56.8,70.2,74.5,grammar,writing,STABLE
16,4,USER,57,1804,6,13,0,0,49.4,54.5,3,5,11,4,10,18,41,61,135,52.2,53.7,54.7,1.81,86,189,0,0,0.0,0.0,0,49.3,51.2,60.7,72.2,60.9,74.9,grammar,listening,STABLE
17,3,USER,800,2843,6,7,248,1,93.1,76.1,3,9,17,10,14,38,50,142,314,62.7,59.4,61.3,1.43,175,397,2,1,65.3,49.0,0,61.5,48.0,63.1,52.9,62.9,69.1,grammar,speaking,STABLE
18,10,ADMIN,531,2259,10,6,0,0,67.4,60.8,2,10,15,11,16,22,115,151,206,51.2,54.8,54.7,1.63,104,223,3,3,58.0,68.9,1,63.7,55.1,53.8,52.1,48.2,70.9,grammar,vocabulary,STABLE
19,7,USER,199,2187,7,0,0,0,47.7,36.2,2,9,16,7,17,25,77,121,176,65.2,68.1,69.0,1.51,87,264,2,1,60.3,83.8,0,71.6,79.5,67.4,60.5,69.7,72.9,speaking,writing,STABLE
20,5,USER,138,1604,9,3,0,0,69.6,85.0,3,6,9,4,10,15,28,47,126,56.6,54.0,57.3,1.54,44,142,3,1,51.9,83.1,0,54.3,74.8,53.4,48.7,64.5,60.1,speaking,writing,STABLE
21,9,USER,460,2076,9,6,0,0,70.0,66.5,3,10,17,11,21,31,42,120,212,55.0,50.8,54.3,1.26,106,314,1,3,51.8,59.6,0,45.5,66.0,58.7,42.2,61.5,42.0,speaking,grammar,STABLE
22,7,USER,730,2941,17,4,114,1,72.4,64.0,2,8,22,16,26,38,132,213,292,59.3,53.2,55.8,1.45,102,415,2,3,47.1,69.8,0,56.0,57.9,63.1,50.0,84.1,45.8,vocabulary,grammar,STABLE
23,9,USER,432,1964,12,2,0,0,66.1,62.5,4,6,13,8,12,24,44,118,220,60.9,62.7,67.7,1.59,53,277,1,2,37.8,74.4,1,54.0,79.1,56.4,41.1,69.6,58.4,speaking,writing,DECLINING
24,11,USER,227,2331,11,3,0,0,47.3,51.5,3,10,18,11,15,38,118,170,287,43.8,42.1,43.9,2.06,76,383,1,2,48.0,28.2,2,49.0,26.2,43.7,45.0,26.0,49.0,listening,vocabulary,STABLE
25,5,USER,749,2351,18,0,68,1,87.7,72.5,6,10,24,16,28,49,89,131,273,72.8,74.0,70.6,1.39,228,543,9,5,69.9,68.3,4,83.5,67.5,41.3,66.8,63.3,69.7,listening,reading,STABLE
26,11,USER,1017,1795,11,0,321,1,46.7,56.9,4,7,12,8,13,18,36,60,132,63.0,57.1,59.3,1.83,67,248,3,1,70.0,63.2,5,55.4,66.8,67.1,63.0,37.2,81.3,grammar,vocabulary,STABLE
27,6,USER,134,1793,16,0,0,0,47.0,34.8,3,8,13,7,14,23,45,71,201,58.4,56.2,52.0,1.76,61,244,3,0,39.7,0.0,1,61.9,45.9,55.8,38.7,53.0,55.1,listening,writing,IMPROVING
28,3,USER,183,2894,8,0,0,0,79.4,89.6,3,6,17,11,14,39,37,98,279,71.3,61.6,63.1,1.78,140,405,4,2,72.2,60.6,4,61.4,56.7,67.2,72.5,56.6,49.3,writing,grammar,IMPROVING
29,1,USER,129,1271,5,1,0,0,61.3,62.3,3,6,12,6,11,16,27,68,103,57.8,55.8,55.4,1.42,33,110,0,0,0.0,0.0,0,62.3,57.5,47.8,57.2,48.5,56.5,listening,reading,STABLE
30,10,USER,247,1525,10,5,14,1,25.1,23.4,4,6,11,7,9,16,46,73,119,54.2,52.7,47.6,1.84,48,157,0,1,0.0,61.3,2,47.0,49.8,46.2,39.4,50.7,56.4,grammar,writing,IMPROVING
31,4,USER,0,2177,12,2,0,0,61.3,65.7,2,12,16,7,21,30,53,117,234,60.0,56.9,57.8,1.63,71,339,2,1,65.1,78.5,3,56.1,66.2,61.5,57.4,45.9,77.1,grammar,vocabulary,STABLE
32,2,USER,0,1956,6,6,0,0,22.2,27.7,3,10,18,7,11,17,47,74,124,64.6,68.5,68.3,1.74,32,178,1,0,60.2,0.0,3,70.0,69.7,55.7,61.7,62.7,72.7,grammar,reading,STABLE
33,2,USER,17,1646,4,7,0,0,44.9,63.3,1,8,11,4,8,21,19,35,87,44.9,46.0,52.5,2.54,53,187,2,1,46.9,58.5,0,70.5,50.5,59.7,37.2,52.4,52.1,listening,writing,DECLINING
34,10,USER,219,1149,0,7,62,1,37.1,34.1,0,4,5,3,5,8,20,25,60,36.7,39.9,47.4,2.11,16,86,0,0,0.0,0.0,0,53.6,45.4,71.4,51.5,40.2,32.9,reading,grammar,DECLINING
35,6,USER,245,1776,16,4,0,0,42.8,65.9,4,7,14,7,10,18,61,81,127,57.3,61.3,61.0,2.34,58,202,1,2,61.2,73.0,0,50.3,70.0,46.3,57.3,77.4,58.4,vocabulary,reading,STABLE
36,8,ADMIN,255,1901,15,0,0,0,91.8,91.7,5,10,22,8,11,32,110,165,235,65.5,63.2,62.8,1.42,155,342,3,2,66.2,70.4,0,61.0,62.4,62.0,64.2,53.1,68.6,grammar,vocabulary,STABLE
37,8,USER,72,1104,5,6,0,0,38.8,50.6,2,2,5,1,2,6,9,18,45,63.7,63.1,61.3,1.68,25,67,1,0,61.6,0.0,0,72.1,66.0,50.3,62.3,58.9,62.2,listening,reading,STABLE
38,6,USER,263,1816,6,3,115,1,46.9,64.1,4,8,17,7,10,26,45,115,203,59.1,54.2,53.5,1.39,66,234,2,4,64.5,40.7,0,55.5,36.5,54.0,58.1,51.5,76.6,grammar,speaking,IMPROVING
39,3,USER,445,2389,26,6,0,0,53.9,68.2,4,11,20,11,14,30,66,103,248,76.8,71.2,66.4,1.8,130,297,1,4,79.4,85.4,0,54.4,69.7,64.7,77.6,65.3,69.6,writing,listening,IMPROVING
40,7,USER,306,1694,0,5,0,0,57.1,57.9,3,8,13,6,9,16,60,86,126,62.0,57.2,59.2,1.96,66,141,0,1,0.0,67.7,0,51.1,70.9,60.5,33.7,44.3,54.9,speaking,writing,STABLE
41,5,USER,245,1419,16,6,0,0,60.3,53.5,1,8,11,4,11,16,48,66,135,52.1,58.3,57.1,1.6,80,188,0,0,0.0,0.0,5,63.5,40.6,40.7,73.8,62.8,55.2,writing,speaking,STABLE
42,4,USER,644,1998,7,0,0,0,54.8,52.0,2,6,10,6,8,18,23,58,137,46.3,46.9,50.8,2.01,91,233,1,1,47.4,54.5,1,60.0,51.1,55.4,44.3,57.3,46.9,listening,writing,STABLE
43,5,USER,202,2159,23,0,18,1,86.1,76.0,6,8,17,10,20,30,49,130,270,70.8,75.2,71.5,1.41,79,329,4,0,48.4,0.0,4,84.9,69.0,51.0,47.2,62.7,56.9,listening,writing,STABLE
44,2,USER,0,1477,15,5,0,0,53.9,75.2,6,9,12,5,9,19,40,92,134,61.2,65.7,69.2,1.64,76,213,2,1,65.7,74.9,0,93.3,70.9,69.8,70.5,79.6,55.7,listening,grammar,DECLINING
45,5,USER,206,1781,6,5,0,0,41.6,52.8,4,5,11,6,13,22,28,76,141,65.4,63.8,54.8,1.34,104,229,1,2,35.8,41.4,0,67.5,52.2,35.0,27.4,46.0,42.5,listening,writing,IMPROVING
46,11,USER,698,2418,14,5,51,1,67.1,56.8,3,10,25,15,24,43,77,99,225,77.6,74.3,72.4,1.51,206,472,7,2,74.7,68.7,0,78.2,65.1,64.1,62.4,83.5,85.4,grammar,writing,STABLE
47,6,USER,345,2193,13,5,0,0,46.3,49.5,3,9,14,8,15,31,93,178,246,43.2,40.7,40.8,1.62,81,261,3,3,49.0,33.0,2,42.1,29.3,45.6,40.8,54.9,42.6,vocabulary,speaking,STABLE
48,9,USER,582,2842,21,0,0,0,96.2,100.0,5,13,19,8,18,44,130,174,338,80.1,81.3,77.8,1.35,165,472,1,4,98.6,90.4,1,73.6,76.3,81.9,90.1,62.1,74.5,writing,vocabulary,STABLE
49,8,USER,45,1141,7,6,0,0,55.1,74.5,2,2,4,2,3,5,9,15,37,59.1,59.3,58.8,1.74,11,32,0,0,0.0,0.0,0,52.8,66.8,64.5,60.4,50.3,71.2,grammar,vocabulary,STABLE
50,1,USER,424,1571,9,8,0,0,66.7,74.0,2,8,13,9,13,18,20,45,120,51.5,49.0,50.7,1.92,42,155,0,1,0.0,39.1,0,50.6,35.0,68.8,54.2,43.9,50.6,reading,speaking,STABLE
51,2,USER,123,2127,3,6,0,0,56.7,49.0,0,7,15,8,11,21,51,102,198,49.8,48.5,51.1,1.78,63,214,0,3,0.0,43.6,0,48.3,48.2,64.1,29.1,42.2,53.9,reading,writing,STABLE
52,4,USER,601,2381,18,5,180,1,84.3,100.0,4,10,18,15,20,31,102,156,289,67.6,60.4,62.2,1.56,93,387,2,4,55.6,76.5,0,58.0,65.1,67.8,56.2,84.1,47.8,vocabulary,grammar,IMPROVING
53,6,USER,263,813,8,63,0,0,60.8,56.9,0,0,0,0,0,0,1,2,5,47.5,49.0,50.8,1.67,0,0,1,0,50.3,0.0,4,48.7,56.4,40.9,46.3,45.5,65.0,grammar,reading,STABLE
54,9,USER,275,1872,14,5,0,0,52.6,55.5,4,9,18,6,10,27,75,113,171,52.6,50.2,47.9,1.88,53,261,0,0,0.0,0.0,0,51.5,51.5,41.5,55.7,42.1,69.2,grammar,reading,IMPROVING
55,10,USER,340,2071,14,4,203,1,32.6,33.7,3,10,19,11,19,26,36,89,173,69.7,69.4,69.8,1.97,117,272,1,1,73.7,75.3,2,71.2,74.6,41.3,75.5,61.9,76.7,grammar,reading,STABLE
56,6,USER,107,1615,2,6,0,0,52.1,70.4,3,6,9,4,9,18,57,104,153,51.5,48.6,53.3,1.79,85,202,0,2,0.0,50.7,0,42.9,54.1,56.0,60.0,50.5,52.9,writing,listening,STABLE
57,12,USER,452,1891,20,8,321,1,75.2,65.7,6,10,14,5,11,26,22,57,147,50.7,45.7,47.8,1.89,58,245,3,1,46.5,63.8,1,46.6,58.7,35.9,38.7,57.3,48.1,speaking,reading,STABLE
58,6,USER,312,3649,22,0,0,0,87.8,70.0,3,8,30,28,43,59,104,291,439,74.7,76.0,71.8,1.31,274,630,3,2,74.5,44.4,0,67.6,48.8,66.1,85.2,54.7,74.3,writing,speaking,STABLE
59,5,USER,456,2258,5,3,0,0,57.9,49.3,5,9,13,11,17,25,31,88,187,83.6,78.1,79.0,1.51,47,254,3,2,65.4,80.1,0,72.4,81.6,53.8,71.7,93.1,62.3,vocabulary,reading,IMPROVING
60,2,USER,470,1427,5,9,0,0,56.5,78.2,4,6,9,1,3,9,26,59,85,64.2,68.0,64.5,1.68,56,121,3,2,41.1,73.6,0,58.9,65.0,70.1,46.2,60.7,64.1,reading,writing,STABLE
61,10,USER,0,1071,0,9,99,1,13.9,0.0,4,5,7,2,4,7,11,19,41,65.6,68.6,67.2,1.93,22,66,2,0,68.5,0.0,0,59.2,57.8,65.0,72.5,68.4,67.4,writing,speaking,STABLE
62,5,USER,362,2095,5,4,0,0,56.3,46.7,3,10,12,3,9,16,12,27,77,50.5,62.6,65.8,2.17,45,141,1,0,89.1,0.0,3,56.9,66.3,64.0,83.5,70.9,60.1,writing,listening,DECLINING
63,7,USER,453,2575,13,0,0,0,92.2,91.3,4,10,23,16,26,43,86,150,380,65.3,65.7,61.8,1.8,186,465,1,7,76.3,63.1,5,74.0,57.3,59.2,66.6,60.5,60.8,listening,speaking,STABLE
64,9,ADMIN,658,3685,20,0,0,0,78.2,84.6,5,10,29,19,38,60,98,168,393,58.0,63.0,59.6,1.74,265,592,6,6,46.9,45.1,0,64.9,52.0,74.8,42.6,39.9,57.1,reading,vocabulary,STABLE
65,10,USER,171,2233,17,3,0,0,62.8,76.0,4,9,20,12,18,27,71,90,207,63.7,59.0,62.5,1.67,81,292,2,4,60.4,85.1,0,49.9,68.0,63.0,60.6,49.1,79.9,grammar,vocabulary,STABLE
66,11,USER,951,2910,14,0,195,1,71.1,86.7,5,11,22,14,30,48,83,124,333,45.2,50.6,56.7,2.14,228,519,1,2,57.4,61.3,0,60.0,62.3,57.3,54.6,42.7,67.9,grammar,vocabulary,DECLINING
67,2,USER,693,1992,18,1,138,1,74.8,74.2,6,11,19,5,13,30,29,75,188,66.5,67.8,61.5,1.83,64,336,3,5,58.5,45.8,4,79.5,46.3,59.1,56.3,68.5,63.5,listening,speaking,IMPROVING
68,1,USER,281,2737,14,4,0,0,88.8,98.7,3,12,28,11,16,44,58,105,258,76.8,73.4,72.1,1.74,132,449,4,3,68.8,100.0,5,66.5,96.6,63.6,69.2,60.8,46.8,speaking,grammar,STABLE
69,10,USER,776,1179,9,12,232,1,42.9,54.9,1,2,5,2,4,7,15,27,64,53.8,56.7,63.6,1.69,48,122,0,0,0.0,0.0,3,44.8,56.2,64.2,85.9,64.5,59.5,writing,listening,DECLINING
70,5,USER,0,1234,2,8,0,0,27.3,27.4,2,4,7,5,6,13,21,43,83,53.0,46.9,48.7,1.66,40,100,3,0,52.1,0.0,1,65.6,54.1,30.9,49.8,48.8,48.0,listening,reading,STABLE
71,6,USER,213,1989,29,0,0,0,73.1,82.8,5,9,23,10,14,26,64,91,236,63.3,65.1,62.2,1.74,113,315,6,3,49.4,66.9,0,63.0,62.8,55.8,59.7,67.5,69.2,grammar,reading,STABLE
72,10,USER,174,2456,6,4,0,0,55.8,56.2,3,6,10,6,8,21,53,93,210,70.4,63.8,67.4,1.41,110,235,0,2,0.0,91.4,1,64.7,84.6,62.1,61.2,69.5,69.2,speaking,writing,STABLE
73,5,USER,582,3964,21,1,162,1,82.9,92.2,7,12,30,15,25,60,103,210,457,66.5,71.4,64.8,1.9,300,661,8,6,78.7,57.6,0,58.4,64.6,77.4,79.0,57.4,63.7,writing,vocabulary,STABLE
74,8,USER,637,3463,12,2,0,0,62.4,59.3,2,9,26,15,24,59,142,265,421,52.5,57.4,60.7,1.88,201,582,3,6,57.9,40.5,2,83.4,42.9,56.7,58.3,62.2,56.8,listening,speaking,DECLINING
75,4,USER,367,2249,17,0,271,1,76.5,65.1,4,11,20,12,17,30,92,161,242,49.7,53.6,49.8,1.88,121,312,2,4,29.5,75.2,0,36.2,62.0,48.5,38.3,50.5,60.5,speaking,listening,STABLE
76,8,USER,209,3000,17,0,0,0,60.9,84.1,6,11,28,25,34,59,176,287,411,57.4,56.4,60.3,1.32,266,564,6,4,64.1,81.7,0,57.3,72.5,73.1,62.9,70.3,46.0,reading,grammar,STABLE
77,12,USER,573,1371,6,6,0,0,72.9,78.1,1,4,8,4,6,12,17,49,77,53.1,54.2,62.7,2.03,25,127,0,0,0.0,0.0,0,71.7,72.7,62.6,44.6,50.6,70.3,speaking,writing,DECLINING
78,4,USER,122,993,12,6,0,0,75.9,74.9,4,5,10,3,7,13,38,54,86,51.3,49.0,48.7,1.95,57,130,1,1,50.9,59.9,0,32.7,66.3,35.9,51.7,44.7,60.0,speaking,listening,STABLE
79,2,ADMIN,988,3546,26,4,75,1,85.4,100.0,4,9,25,24,36,55,114,176,361,70.5,68.7,68.3,1.58,218,614,6,5,84.2,62.3,2,59.9,70.1,74.8,77.4,91.9,65.5,vocabulary,listening,STABLE
80,9,USER,340,1859,13,0,0,0,65.2,85.4,4,10,13,4,8,21,47,104,158,44.0,50.8,58.5,2.05,44,209,0,4,0.0,58.1,0,52.3,59.6,64.7,47.3,57.7,62.7,reading,writing,DECLINING
81,2,USER,137,2709,17,4,0,0,82.9,82.0,6,9,18,20,25,36,146,184,297,57.8,55.2,51.7,1.94,131,354,1,2,49.5,68.4,1,46.7,62.5,34.8,50.7,63.5,41.7,vocabulary,reading,IMPROVING
82,8,USER,231,1634,8,4,0,0,45.4,37.7,4,5,10,8,10,23,21,57,152,55.9,53.4,50.7,1.85,78,210,1,3,36.8,68.2,0,48.8,60.5,51.3,45.2,66.0,43.4,vocabulary,grammar,IMPROVING
83,9,ADMIN,251,2612,7,1,0,0,38.7,38.3,3,7,16,8,13,35,77,101,272,76.8,82.4,77.7,1.25,174,420,4,0,77.5,0.0,0,85.3,93.6,88.3,71.6,62.7,94.0,grammar,vocabulary,STABLE
84,3,USER,129,441,2,11,0,0,44.8,33.2,0,1,2,1,1,2,2,6,12,37.7,44.7,43.6,1.92,0,0,0,1,0.0,50.3,0,46.1,46.9,59.9,50.0,46.6,20.0,reading,grammar,DECLINING
85,4,USER,440,2570,7,4,175,1,67.8,63.8,3,10,17,8,12,31,130,165,244,60.5,58.9,57.8,1.84,126,307,1,2,71.9,62.3,1,54.8,61.2,65.1,63.0,45.0,68.7,grammar,vocabulary,STABLE
86,4,USER,81,1688,12,6,0,0,40.6,73.3,3,7,13,12,17,23,38,69,165,47.9,42.6,44.5,1.82,67,243,0,0,0.0,0.0,4,45.2,55.6,51.9,35.7,36.1,52.0,speaking,writing,STABLE
87,6,USER,261,1759,5,2,0,0,34.2,53.5,3,7,18,13,20,27,32,79,159,46.8,46.8,46.4,1.74,74,226,0,0,0.0,0.0,0,60.1,47.3,46.1,68.1,37.6,54.6,writing,vocabulary,STABLE
88,2,USER,580,2631,19,3,0,0,70.4,84.2,6,13,23,7,18,42,123,192,268,63.9,59.9,59.4,1.46,142,402,6,5,74.2,56.5,1,56.0,51.8,46.9,67.0,55.3,58.5,writing,reading,IMPROVING
89,7,USER,212,1998,8,3,0,0,48.4,56.6,5,11,17,12,18,31,55,126,184,52.7,50.5,51.7,2.15,103,294,4,2,46.0,46.4,0,47.7,52.4,60.0,42.3,48.8,50.8,reading,writing,STABLE
90,9,USER,520,2631,6,0,0,0,75.0,71.7,4,11,17,9,22,36,151,210,312,63.1,51.9,52.2,1.67,152,330,1,4,66.2,60.2,0,53.7,55.2,55.2,58.8,71.9,22.3,vocabulary,grammar,IMPROVING
91,10,USER,459,2470,18,4,0,0,71.7,81.0,5,10,24,18,23,45,101,181,243,56.8,55.1,56.4,1.77,177,409,3,5,41.1,53.0,0,60.9,55.1,41.1,38.8,60.5,51.9,listening,writing,STABLE
92,10,USER,411,2096,14,4,0,0,81.0,94.6,2,6,18,7,9,21,21,47,131,68.5,71.3,75.0,1.46,93,216,1,0,67.0,0.0,0,55.8,67.6,73.6,64.2,83.4,70.9,vocabulary,listening,DECLINING
93,11,USER,225,2251,11,7,0,0,50.6,39.9,2,11,20,11,16,33,49,82,158,71.1,69.8,75.3,1.77,82,320,2,2,68.2,71.3,3,90.8,68.6,65.3,61.6,73.3,71.5,listening,writing,DECLINING
94,11,USER,393,1537,6,14,0,0,49.2,66.8,1,4,8,4,9,17,40,80,132,52.7,51.9,60.3,2.39,58,168,1,0,63.5,0.0,0,74.4,41.4,62.1,53.7,37.2,43.6,listening,vocabulary,DECLINING
95,11,USER,208,2095,9,1,0,0,72.4,55.0,4,10,16,9,17,27,20,56,118,59.6,56.9,61.6,1.41,116,247,2,1,59.3,55.0,0,66.0,51.8,90.0,50.8,61.2,51.0,reading,writing,STABLE
96,9,USER,203,1484,8,2,0,0,51.8,55.0,3,8,14,7,14,26,52,138,185,49.6,48.1,49.8,1.82,110,273,2,0,53.3,0.0,2,62.7,10.0,51.5,56.2,48.6,42.6,listening,speaking,STABLE
97,3,USER,215,2349,20,3,0,0,62.4,47.5,4,8,20,21,27,37,76,123,233,71.7,65.8,69.5,1.49,102,394,4,1,78.6,46.1,3,63.1,62.5,66.2,72.8,67.5,50.6,writing,grammar,STABLE
98,6,USER,1075,2387,15,5,348,1,90.0,97.0,3,10,19,6,14,31,64,119,199,70.5,72.1,72.4,1.55,70,362,1,1,53.5,79.4,0,64.7,67.6,75.2,52.6,73.1,76.1,grammar,writing,STABLE
99,10,ADMIN,546,1180,11,6,212,1,56.0,57.3,1,2,4,2,3,5,11,17,31,63.0,61.7,64.4,1.47,7,38,0,0,0.0,0.0,0,47.0,53.4,65.8,62.1,73.8,78.5,grammar,listening,STABLE
100,2,USER,617,1700,4,1,249,1,79.9,94.5,4,12,19,10,16,28,35,83,136,47.9,48.6,48.2,1.52,74,251,1,0,43.1,0.0,0,74.0,55.4,46.3,42.2,46.2,41.7,listening,grammar,STABLE
101,7,USER,35,1396,15,7,0,0,20.4,44.5,4,5,9,3,8,12,13,37,76,73.3,67.9,64.0,1.29,70,157,0,1,0.0,65.5,1,63.7,58.6,67.7,70.1,48.6,55.8,writing,vocabulary,IMPROVING
102,5,USER,198,1229,8,8,0,0,56.5,64.3,2,3,6,2,4,7,20,35,65,39.7,50.9,52.3,1.93,33,73,0,0,0.0,0.0,0,46.9,44.8,56.3,56.9,52.4,51.8,writing,speaking,DECLINING
103,7,ADMIN,289,2214,10,6,0,0,75.3,73.2,4,8,17,13,18,28,46,107,189,70.4,73.1,71.3,1.6,60,282,5,2,46.9,74.4,3,75.3,65.9,71.7,38.7,80.2,74.1,vocabulary,writing,STABLE
104,5,USER,0,1115,1,5,0,0,48.7,43.1,1,2,3,1,2,4,15,23,35,60.9,56.1,62.7,1.64,13,40,0,2,0.0,62.8,0,63.8,58.5,41.3,78.0,73.5,58.2,writing,reading,STABLE
105,11,USER,0,895,0,7,0,0,49.6,44.8,1,4,6,3,4,12,9,21,56,59.2,56.1,61.8,1.51,47,122,0,0,0.0,0.0,0,61.7,61.9,55.3,72.1,51.1,57.5,writing,vocabulary,STABLE
106,9,USER,525,2129,17,6,352,1,80.1,72.2,5,13,14,6,12,22,85,136,182,42.7,47.3,46.2,1.95,76,231,4,1,51.0,56.2,0,34.4,47.7,52.5,54.4,42.2,56.7,grammar,listening,STABLE
107,11,USER,382,3356,17,2,0,0,92.5,98.6,4,10,24,15,25,46,104,170,286,65.7,61.1,59.2,1.75,97,459,5,2,57.7,66.2,0,59.8,56.6,64.1,64.4,67.4,43.3,vocabulary,grammar,IMPROVING
108,5,USER,522,1919,8,8,0,0,37.3,38.9,3,12,15,12,16,30,61,89,202,55.6,59.3,57.9,1.84,60,270,1,5,55.2,81.2,3,48.5,78.3,38.5,54.5,54.9,41.7,speaking,reading,STABLE
109,1,USER,480,2019,13,3,0,0,62.6,76.9,3,8,18,8,12,26,58,135,206,68.9,62.0,56.5,1.68,62,283,2,0,59.2,0.0,1,59.8,52.5,59.8,56.8,53.4,38.8,listening,grammar,IMPROVING
110,5,USER,351,1994,15,3,0,0,66.3,64.2,3,10,18,9,20,29,96,129,266,40.8,49.0,51.0,1.91,129,289,0,4,0.0,66.7,1,60.3,69.7,48.6,59.5,38.2,64.1,speaking,vocabulary,DECLINING
111,9,USER,302,2467,19,0,0,0,99.2,88.1,4,12,18,11,14,41,54,148,326,53.9,52.9,54.7,1.94,190,414,2,1,73.7,55.2,0,69.4,51.0,69.4,59.2,41.5,49.9,listening,vocabulary,STABLE
112,10,USER,386,1710,11,2,0,0,39.0,28.1,4,8,15,15,20,33,35,57,161,43.2,48.1,42.1,2.36,99,283,0,5,0.0,47.3,0,21.5,40.5,47.7,36.2,50.0,58.4,grammar,listening,STABLE
113,10,USER,302,2392,20,5,0,0,100.0,98.6,5,14,27,12,33,45,58,147,244,74.5,68.2,64.1,1.63,81,437,1,6,64.3,54.4,1,72.3,55.4,60.6,72.9,54.9,65.2,writing,vocabulary,IMPROVING
114,9,USER,176,1253,11,3,0,0,61.6,78.5,3,7,13,6,12,23,25,56,88,59.0,61.2,64.1,1.72,88,208,2,4,87.3,51.8,0,67.6,56.4,49.7,82.3,50.8,72.8,writing,reading,STABLE
115,3,USER,36,1265,2,2,0,0,54.3,56.1,2,5,7,3,5,10,16,36,81,34.4,32.5,38.7,1.76,26,78,0,1,0.0,36.9,0,44.1,43.5,40.3,72.2,13.7,36.8,writing,vocabulary,STABLE
116,12,USER,0,1820,12,3,0,0,67.7,68.5,5,10,12,6,10,23,46,86,170,39.2,42.6,45.8,2.04,36,194,0,1,0.0,31.9,1,46.7,34.5,52.1,67.3,75.0,64.1,vocabulary,speaking,DECLINING
117,9,USER,261,1538,10,9,0,0,51.6,40.9,3,4,8,5,6,11,14,29,83,66.8,61.0,65.0,1.52,29,143,0,1,0.0,69.3,1,49.2,71.4,75.1,61.5,86.4,57.6,vocabulary,listening,STABLE
118,8,USER,834,2349,22,4,271,1,41.9,27.5,5,11,23,17,24,43,52,92,256,47.1,46.2,43.7,1.89,137,444,6,4,53.6,63.5,2,51.4,48.6,37.5,42.7,62.0,33.9,vocabulary,grammar,STABLE
119,11,USER,32,1248,0,11,0,0,38.5,35.9,2,4,5,3,4,7,5,10,24,53.0,55.6,57.7,1.64,17,40,2,0,63.1,0.0,0,61.7,65.8,42.3,61.0,45.0,61.5,speaking,reading,DECLINING
120,10,USER,150,743,0,17,0,0,33.9,34.2,0,0,0,0,0,0,0,0,0,41.7,45.5,49.6,1.95,2,5,0,0,0.0,0.0,3,48.5,48.3,39.1,57.2,69.2,60.1,vocabulary,reading,DECLINING
121,9,USER,97,2205,3,3,0,0,45.9,46.8,3,8,18,6,10,29,54,84,198,49.4,51.2,51.9,2.21,121,259,2,5,66.2,34.8,0,55.2,36.2,49.7,56.8,64.2,53.0,vocabulary,speaking,STABLE
122,8,USER,150,1673,3,2,0,0,65.4,60.6,2,7,12,5,10,16,16,40,85,59.2,60.9,60.3,1.47,62,167,2,0,59.2,0.0,2,38.5,88.8,58.4,57.1,58.9,60.8,speaking,listening,STABLE
123,8,ADMIN,70,2051,8,8,0,0,76.5,59.8,3,12,18,10,19,35,33,76,175,52.0,51.8,51.0,1.84,119,304,0,3,0.0,61.9,0,53.0,70.2,59.4,40.1,42.6,46.8,speaking,writing,STABLE
124,4,USER,708,2672,20,0,171,1,100.0,100.0,6,11,19,6,16,42,143,218,321,63.0,68.4,63.4,1.25,120,534,2,4,75.9,61.8,1,66.0,59.8,57.3,76.3,62.1,63.2,writing,reading,STABLE
125,11,USER,411,1993,10,2,0,0,55.3,73.8,2,8,13,9,16,30,92,122,197,56.9,62.3,63.0,1.59,55,269,1,4,60.0,60.7,0,38.5,69.6,60.0,51.4,59.6,73.1,grammar,listening,DECLINING
126,8,USER,190,1866,17,3,0,0,47.7,46.4,4,10,19,10,19,27,44,97,182,44.7,49.5,47.4,2.2,117,247,1,1,59.2,37.7,3,50.7,32.5,41.0,58.2,47.1,56.9,writing,speaking,STABLE
127,10,USER,365,3069,10,5,101,1,98.8,99.8,4,11,23,10,19,48,55,133,307,73.9,74.4,73.8,1.36,202,538,4,2,66.8,89.2,1,63.7,81.1,68.3,56.5,92.7,72.7,vocabulary,writing,STABLE
128,5,USER,598,2318,14,6,0,0,70.6,68.5,6,8,17,14,23,34,29,72,174,51.4,62.6,65.2,1.67,96,323,3,3,64.4,89.8,5,57.6,83.6,72.8,78.7,58.2,89.1,grammar,listening,DECLINING
129,5,USER,256,1613,12,4,0,0,57.8,46.9,4,7,13,8,12,17,51,77,107,70.3,63.2,59.3,1.86,42,156,0,3,0.0,53.0,0,67.1,53.1,55.5,60.8,68.8,41.5,vocabulary,grammar,IMPROVING
130,7,USER,61,1313,3,11,0,0,74.7,83.4,3,5,10,2,4,7,17,33,64,60.2,56.9,55.8,1.51,17,69,0,0,0.0,0.0,0,51.3,40.5,57.5,48.0,66.2,58.5,vocabulary,speaking,STABLE
131,3,USER,441,2215,17,4,0,0,95.8,100.0,4,8,16,16,21,29,44,89,249,55.8,54.8,52.6,1.77,124,317,2,1,50.2,61.6,0,49.9,55.4,23.6,56.1,53.3,75.1,grammar,reading,STABLE
132,5,USER,65,1333,14,3,0,0,84.8,100.0,2,5,11,3,7,15,20,37,98,47.5,54.0,55.8,1.91,57,143,0,0,0.0,0.0,1,48.7,54.6,56.3,60.2,66.8,38.5,vocabulary,grammar,DECLINING
133,8,USER,695,2268,12,5,0,0,70.7,57.8,6,14,18,10,18,38,130,187,272,56.5,51.8,52.0,1.86,138,379,3,3,41.4,53.0,3,68.0,50.3,58.4,42.4,58.6,51.2,listening,writing,IMPROVING
134,9,USER,69,2239,13,1,0,0,66.3,66.5,4,9,16,3,9,25,81,116,191,68.1,64.5,60.7,1.65,44,217,2,2,63.0,57.2,1,44.9,65.2,57.9,57.9,65.8,45.3,vocabulary,listening,IMPROVING
135,5,USER,250,1255,0,9,0,0,51.1,33.8,4,4,8,2,5,8,17,39,67,59.6,62.4,58.5,1.42,26,93,1,0,74.9,0.0,0,63.7,54.8,40.1,66.8,50.5,48.0,writing,reading,STABLE
136,8,USER,0,1033,0,8,0,0,49.1,45.4,3,3,5,2,5,8,19,38,75,46.7,52.7,52.2,1.67,32,80,0,0,0.0,0.0,0,48.3,73.5,52.0,48.1,60.5,46.0,speaking,grammar,DECLINING
137,6,USER,410,2879,17,4,0,0,81.8,71.0,5,11,23,14,27,41,83,224,320,61.3,68.9,69.8,1.83,130,445,4,2,81.5,86.2,0,72.3,76.1,78.0,77.9,56.1,73.0,reading,vocabulary,DECLINING
138,8,USER,126,1482,5,4,0,0,47.1,51.7,3,7,9,3,7,13,43,57,92,29.1,32.1,34.6,2.28,30,126,2,1,71.1,23.7,0,34.7,30.2,36.6,62.9,38.8,27.5,writing,grammar,STABLE
139,11,USER,287,2887,18,0,0,0,68.8,86.5,5,8,19,13,31,41,59,110,261,63.1,67.0,60.4,1.71,152,397,5,6,60.7,75.1,1,55.5,65.3,54.6,56.9,55.5,67.1,grammar,reading,STABLE
140,4,USER,500,2296,16,4,0,0,75.1,87.8,5,9,20,16,25,46,49,127,234,48.8,51.3,55.4,2.08,212,451,2,4,62.0,43.9,4,52.0,38.0,62.7,55.3,32.5,68.9,grammar,vocabulary,DECLINING
141,4,USER,399,2041,18,1,0,0,83.1,88.9,4,10,19,12,19,34,98,148,243,55.4,61.4,58.6,1.67,136,358,4,3,37.9,58.9,0,61.4,58.3,75.5,43.8,53.9,68.7,reading,writing,STABLE
142,12,USER,66,1479,12,2,0,0,40.8,28.1,5,6,9,3,5,12,23,36,99,57.1,50.5,52.7,1.69,41,118,0,0,0.0,0.0,1,70.4,55.3,39.8,37.6,49.1,48.4,listening,writing,IMPROVING
143,10,USER,314,2127,10,2,0,0,73.7,98.3,6,12,15,13,16,34,39,104,198,75.2,76.1,71.7,1.34,98,348,2,1,70.9,93.7,0,63.9,97.2,68.7,64.5,80.4,65.1,speaking,listening,STABLE
144,8,USER,0,2098,19,4,0,0,69.2,97.3,3,9,20,14,18,33,115,163,246,57.9,49.4,52.7,1.72,103,324,4,3,35.4,56.8,0,66.2,50.3,41.7,35.3,47.5,61.8,listening,writing,STABLE
145,1,USER,71,2193,0,5,0,0,54.7,70.7,3,7,13,10,14,26,114,145,205,56.6,47.1,46.2,1.56,71,213,1,1,38.5,53.2,2,39.6,48.0,52.7,41.8,26.2,61.6,grammar,vocabulary,IMPROVING
146,9,USER,171,1778,4,7,0,0,92.9,93.7,5,10,16,12,19,29,78,120,184,56.6,60.5,58.9,1.72,119,263,3,3,65.3,59.7,4,49.3,60.0,61.4,55.0,71.3,66.4,vocabulary,listening,STABLE
147,10,USER,481,3363,15,4,0,0,55.1,48.7,7,8,17,11,18,38,92,135,326,65.6,69.6,69.6,1.61,155,452,2,1,65.5,72.1,1,59.7,73.0,87.8,63.1,69.5,52.4,reading,grammar,STABLE
148,3,USER,0,950,23,7,0,0,69.7,73.2,2,5,9,7,9,16,27,48,88,45.5,48.6,52.0,1.93,83,175,1,1,50.2,80.2,0,46.9,75.9,57.7,46.2,51.6,45.1,speaking,grammar,DECLINING
149,6,USER,656,2985,20,4,218,1,75.8,100.0,5,7,27,9,24,56,152,226,344,57.4,61.2,57.6,1.6,179,580,7,5,54.5,78.7,1,51.5,65.8,51.4,54.1,59.7,61.8,speaking,reading,STABLE
150,2,USER,508,2770,9,1,0,0,57.0,61.8,1,9,19,13,26,46,103,163,246,77.8,76.6,73.5,1.68,131,442,2,3,77.4,91.3,2,70.4,87.5,72.2,74.8,58.4,65.7,speaking,vocabulary,STABLE
151,4,USER,798,1679,11,0,327,1,97.0,70.1,5,7,17,8,16,22,44,76,108,80.2,82.5,79.9,1.79,46,247,1,1,76.8,86.9,5,83.0,87.7,81.7,77.1,77.1,66.7,speaking,grammar,STABLE
152,3,USER,936,1919,10,0,353,1,81.6,88.9,5,10,19,8,17,23,56,82,197,75.4,70.1,68.3,1.19,114,287,0,2,0.0,63.5,1,49.2,66.6,66.6,79.5,76.4,64.0,writing,listening,IMPROVING
153,12,USER,112,900,14,0,0,0,51.4,47.7,4,10,11,3,5,10,19,41,66,47.5,45.7,48.0,2.01,46,121,0,2,0.0,60.5,0,60.2,64.8,64.7,21.1,68.0,74.3,grammar,writing,STABLE
154,4,USER,263,2770,17,6,0,0,72.9,68.1,6,12,25,16,27,41,55,136,255,62.4,58.7,59.4,1.32,107,403,2,1,56.3,62.8,1,58.2,72.6,57.7,53.4,46.3,61.3,speaking,vocabulary,STABLE
155,9,USER,453,2237,16,3,0,0,43.6,61.1,5,8,27,13,22,43,84,154,233,49.7,50.3,50.9,2.19,90,389,2,1,51.7,49.1,0,57.9,40.2,52.0,47.1,74.9,54.0,vocabulary,speaking,STABLE
156,8,USER,724,2544,9,1,255,1,78.5,73.9,6,11,20,9,18,30,70,137,221,69.9,63.5,60.5,1.71,153,334,5,2,52.7,72.7,5,56.9,67.3,59.4,44.1,55.1,56.5,speaking,writing,IMPROVING
157,8,USER,376,2171,20,3,0,0,74.5,47.1,3,9,18,8,11,28,78,149,234,57.8,65.2,61.7,1.14,69,296,2,3,76.8,83.7,1,67.8,79.9,60.9,67.4,55.9,67.6,speaking,vocabulary,STABLE
158,7,USER,100,2203,10,0,0,0,84.4,87.8,5,11,21,7,17,28,38,67,190,63.4,68.0,65.8,1.87,70,291,2,3,80.9,65.0,3,76.4,59.5,69.1,70.4,66.1,50.4,listening,grammar,STABLE
159,10,USER,34,1537,8,2,0,0,36.3,24.5,4,8,12,5,10,21,42,67,169,49.2,52.6,53.7,1.87,51,190,3,2,64.4,52.8,0,58.1,50.0,40.7,50.2,63.6,56.3,vocabulary,reading,STABLE
160,5,USER,206,2659,11,0,0,0,100.0,94.5,2,12,24,12,19,48,81,136,318,42.2,47.7,48.9,1.96,159,454,4,5,61.5,52.8,0,45.8,44.8,50.7,61.3,48.8,71.0,grammar,speaking,DECLINING
161,8,USER,339,1905,13,4,44,1,58.4,75.3,4,9,15,11,19,30,65,94,181,60.1,62.8,59.8,1.43,57,263,0,3,0.0,51.1,1,47.6,49.9,57.4,63.6,66.6,67.1,grammar,listening,STABLE
162,9,USER,212,1250,11,8,0,0,65.7,75.9,4,7,11,3,5,11,35,66,93,70.5,69.9,75.8,1.77,52,121,0,2,0.0,75.3,0,62.1,71.9,42.9,56.9,86.1,84.8,vocabulary,reading,DECLINING
163,5,USER,292,1511,8,0,0,0,68.6,64.0,4,11,19,8,15,21,30,84,140,64.7,57.9,57.2,1.5,67,238,0,1,0.0,41.6,1,51.3,40.3,56.0,71.1,54.8,84.5,grammar,speaking,IMPROVING
164,3,USER,257,2108,9,0,0,0,72.1,76.0,5,7,14,11,21,33,53,92,167,64.3,68.8,66.4,1.42,84,335,3,1,62.3,60.6,0,72.5,59.1,74.9,60.7,78.6,63.4,vocabulary,speaking,STABLE
165,12,USER,149,2093,9,9,0,0,61.7,40.9,3,8,16,5,12,32,90,113,155,68.3,65.3,68.4,2.09,99,298,3,4,86.1,82.1,3,88.2,80.5,70.3,79.4,64.6,75.3,listening,vocabulary,STABLE
166,3,USER,484,2513,12,2,103,1,60.5,64.2,4,11,20,10,21,36,79,119,232,56.6,56.5,59.4,2.1,81,393,0,7,0.0,44.2,4,45.7,33.6,62.4,51.8,59.6,57.9,reading,speaking,STABLE
167,1,USER,459,1654,14,4,114,1,46.0,60.1,5,12,18,6,11,28,56,70,141,58.7,55.1,57.2,1.61,97,284,1,1,47.4,63.1,1,49.8,59.8,51.1,39.9,47.3,73.6,grammar,writing,STABLE
168,2,USER,167,1103,11,5,0,0,72.6,96.2,1,6,12,6,10,15,22,32,91,47.2,55.5,54.2,2.08,65,142,5,2,77.9,55.8,0,53.6,49.5,60.6,73.2,54.4,57.6,writing,speaking,DECLINING
169,7,ADMIN,60,2832,9,4,0,0,67.6,92.0,4,8,20,20,27,40,114,150,270,64.0,69.3,68.9,1.56,121,408,3,2,56.0,70.4,3,66.7,64.0,55.5,56.3,80.9,60.5,vocabulary,reading,STABLE
170,9,USER,476,1846,15,2,0,0,43.7,50.1,5,5,13,7,14,27,46,78,120,56.0,59.2,54.4,1.95,53,243,4,3,48.2,46.3,0,45.1,58.6,55.9,45.7,65.2,71.4,grammar,listening,STABLE
171,6,USER,0,1529,3,7,0,0,41.9,37.5,6,6,10,7,11,17,55,77,104,57.5,56.5,52.2,1.82,56,159,2,0,70.4,0.0,0,46.2,55.8,36.1,65.6,51.6,52.9,writing,reading,IMPROVING
172,7,USER,248,1342,4,7,0,0,71.6,90.1,2,2,5,1,2,4,10,24,35,63.1,64.0,67.7,1.93,13,55,0,0,0.0,0.0,0,53.8,64.9,83.4,60.9,56.1,79.4,reading,listening,DECLINING
173,7,USER,386,2496,21,0,351,1,73.5,83.3,4,8,19,17,26,35,112,158,280,50.4,57.5,64.1,2.0,186,389,4,0,70.7,0.0,0,72.8,65.1,66.3,77.0,65.3,49.6,writing,grammar,DECLINING
174,12,USER,522,1304,12,8,0,0,44.8,53.1,3,4,7,3,6,12,17,38,74,53.4,49.9,49.6,1.54,46,109,0,0,0.0,0.0,1,47.3,52.3,50.4,48.6,39.6,47.3,speaking,vocabulary,STABLE
175,4,USER,708,2675,14,0,206,1,99.1,92.9,5,11,20,9,26,44,94,157,346,57.9,61.7,54.9,1.62,223,473,5,7,70.0,69.9,0,43.6,62.0,62.4,67.1,63.5,59.4,writing,listening,STABLE
176,7,USER,228,1346,13,6,0,0,48.5,23.6,2,7,13,5,7,17,16,40,92,49.9,53.7,52.0,1.48,55,150,2,1,38.1,56.4,1,63.4,48.0,65.3,33.0,37.5,61.5,reading,writing,STABLE
177,4,USER,147,1527,4,8,0,0,40.2,27.0,2,7,11,5,8,17,26,44,103,53.9,48.3,44.2,1.88,64,167,2,1,42.2,60.3,0,36.6,52.0,41.1,50.5,44.1,53.1,grammar,listening,IMPROVING
178,6,USER,133,1663,4,0,0,0,99.1,100.0,3,13,14,5,9,17,56,74,125,60.2,56.8,57.3,1.5,36,157,1,2,83.3,65.6,0,58.3,58.9,57.1,83.2,61.0,48.6,writing,grammar,STABLE
179,11,USER,0,1755,9,5,0,0,49.9,82.4,3,5,13,10,15,25,36,65,161,51.9,53.5,56.8,2.05,103,245,0,0,0.0,0.0,1,44.3,54.7,43.9,51.6,29.5,78.3,grammar,vocabulary,STABLE
180,3,USER,496,1663,13,3,0,0,62.1,68.7,4,9,15,6,9,20,54,89,145,68.8,69.7,63.4,1.54,52,223,1,5,61.8,68.7,2,79.5,65.0,56.8,73.3,57.9,63.2,listening,reading,IMPROVING
181,12,USER,0,1156,2,7,0,0,51.6,37.2,2,6,14,3,7,12,38,70,95,38.0,44.4,45.4,1.87,35,157,2,0,46.0,0.0,3,44.4,55.5,43.7,46.7,39.6,46.1,speaking,vocabulary,DECLINING
182,5,USER,163,1814,12,0,0,0,79.3,92.6,4,12,13,8,15,21,39,88,154,55.1,54.7,51.9,1.56,45,200,4,2,37.9,78.8,2,59.2,72.1,49.7,40.6,47.2,53.9,speaking,writing,STABLE
183,7,USER,67,1890,23,5,0,0,61.5,72.5,4,11,19,5,8,22,73,111,166,52.9,51.3,54.4,2.15,93,235,0,2,0.0,62.7,0,77.3,67.0,51.9,46.8,46.9,62.8,listening,writing,STABLE
184,11,USER,123,2212,12,6,0,0,62.4,61.2,3,8,16,11,21,30,106,136,207,56.3,54.9,57.4,1.87,78,333,4,0,65.2,0.0,1,56.6,59.7,72.7,62.9,52.5,39.0,reading,grammar,STABLE
185,1,USER,810,2710,15,5,0,0,84.5,98.3,5,12,20,19,26,42,69,122,293,52.1,50.3,49.6,1.64,115,411,2,2,56.6,64.6,0,46.6,52.0,49.2,54.3,65.2,38.8,vocabulary,grammar,STABLE
186,4,USER,255,2527,22,4,0,0,44.9,47.2,6,10,13,4,10,20,58,106,188,58.1,56.7,57.6,2.12,62,220,3,1,64.1,70.9,0,58.0,66.3,53.4,59.2,57.0,60.5,speaking,reading,STABLE
187,12,USER,518,2753,14,2,0,0,75.5,89.9,2,9,18,12,24,39,118,174,320,62.0,60.6,64.1,1.43,143,368,2,4,59.5,65.2,0,55.6,67.9,55.8,63.4,58.3,74.6,grammar,listening,STABLE
188,7,USER,427,3348,27,3,0,0,88.7,73.7,5,8,25,12,22,51,117,233,375,64.7,60.3,56.6,1.79,149,483,3,4,57.5,60.4,0,60.2,62.6,47.0,55.5,41.0,53.5,speaking,vocabulary,IMPROVING
189,5,USER,51,1540,13,10,0,0,69.2,50.5,3,7,16,4,10,16,39,52,118,35.5,37.9,41.3,1.99,45,160,0,0,0.0,0.0,3,44.4,48.4,42.9,55.7,33.7,31.9,writing,grammar,DECLINING
190,7,USER,448,1956,19,6,254,1,59.3,41.5,5,8,17,11,18,28,29,80,136,61.3,59.9,55.4,1.75,68,270,4,5,62.1,67.3,1,54.7,68.4,69.7,60.1,59.1,26.1,reading,grammar,IMPROVING
191,9,USER,406,2277,3,8,0,0,53.1,58.1,5,7,12,5,10,19,42,103,162,63.1,64.3,68.2,1.8,81,216,0,2,0.0,53.1,2,42.9,52.3,83.7,64.2,69.4,68.5,reading,listening,DECLINING
192,6,USER,77,3347,29,1,108,1,64.2,63.3,4,10,27,21,42,60,70,176,271,69.4,63.5,64.2,1.67,232,599,9,0,76.9,0.0,4,49.9,65.7,71.6,62.5,70.9,81.5,grammar,listening,IMPROVING
193,6,USER,0,1356,2,0,0,0,64.4,71.0,4,4,8,5,7,12,32,66,89,63.4,64.6,63.3,1.42,48,107,1,0,80.9,0.0,0,70.1,49.6,62.6,73.9,76.3,62.2,vocabulary,speaking,STABLE
194,8,USER,170,3172,18,4,0,0,40.6,38.2,4,8,22,9,22,46,172,246,363,62.2,59.0,61.8,1.52,222,484,5,1,84.1,58.9,0,71.8,58.4,69.8,76.8,56.5,53.3,writing,grammar,STABLE
195,7,USER,367,1835,5,2,0,0,49.2,50.3,3,7,15,11,17,29,46,66,168,57.9,51.8,58.1,1.5,106,279,3,3,63.7,41.5,1,49.2,52.4,61.4,56.9,72.7,52.0,vocabulary,listening,STABLE
196,7,USER,558,3311,17,2,0,0,89.9,86.2,5,14,27,26,36,60,95,258,359,72.1,68.1,66.5,1.31,224,611,6,5,67.5,57.3,0,64.4,59.0,85.5,63.4,66.7,61.5,reading,speaking,IMPROVING
197,9,USER,468,1499,11,9,0,0,19.8,36.5,2,4,6,2,5,8,19,32,46,54.4,54.6,54.6,1.57,54,117,0,0,0.0,0.0,1,46.2,61.2,53.1,47.0,48.0,39.6,speaking,grammar,STABLE
198,7,USER,0,620,5,6,0,0,38.3,41.5,1,1,2,1,1,3,10,15,25,40.3,46.4,50.4,1.95,9,24,0,0,0.0,0.0,0,35.7,43.9,53.8,50.3,76.9,50.0,vocabulary,listening,DECLINING
199,3,USER,315,1450,7,1,0,0,57.6,48.4,3,12,14,4,5,14,15,37,89,57.8,64.1,62.8,1.41,67,143,0,0,0.0,0.0,0,61.3,59.5,41.6,65.2,78.5,76.9,vocabulary,reading,STABLE
200,5,USER,16,1396,9,4,0,0,58.3,57.6,5,7,11,4,6,9,19,29,54,65.9,64.5,60.0,1.42,27,82,0,0,0.0,0.0,0,62.9,56.6,58.2,77.8,62.5,62.8,writing,speaking,IMPROVING
201,1,ADMIN,730,1668,20,2,320,1,50.1,60.0,4,4,13,5,10,21,39,98,143,56.7,48.1,43.3,1.99,42,207,0,1,0.0,67.5,2,52.2,61.2,28.0,50.5,37.6,42.1,speaking,reading,IMPROVING
202,7,ADMIN,217,1647,1,4,0,0,80.7,99.4,1,4,8,8,11,15,24,58,124,56.7,62.3,66.3,1.69,27,128,0,4,0.0,85.1,2,61.3,81.4,60.3,70.1,56.1,67.0,speaking,vocabulary,DECLINING
203,10,USER,125,2308,15,5,0,0,66.2,68.4,3,9,16,12,15,27,101,172,258,56.2,59.5,58.4,1.84,59,308,2,4,61.3,68.0,0,56.9,58.5,71.7,67.1,50.6,68.0,reading,vocabulary,STABLE
204,3,USER,304,2369,4,2,0,0,78.1,68.2,5,11,18,20,25,36,144,183,256,59.8,56.3,57.9,1.58,108,338,4,2,54.6,34.0,4,57.9,51.9,53.8,47.5,68.4,51.4,vocabulary,writing,STABLE
205,10,USER,472,2555,13,2,143,1,62.5,57.3,5,9,26,13,22,45,71,145,237,68.9,66.2,60.8,1.6,113,460,5,6,57.0,68.9,0,56.4,68.2,83.5,57.1,55.8,60.5,reading,vocabulary,IMPROVING
206,11,USER,349,3418,17,0,146,1,57.9,56.7,4,12,29,11,25,53,121,209,438,82.8,64.9,65.1,1.0,178,590,6,4,64.8,76.0,1,58.1,77.1,66.7,65.9,53.1,60.1,speaking,vocabulary,IMPROVING
207,8,USER,0,1276,1,6,0,0,72.7,80.7,1,5,13,5,7,14,34,58,88,53.0,59.6,62.1,1.64,29,137,2,5,67.6,22.0,3,60.1,35.6,55.9,67.0,67.4,58.3,vocabulary,speaking,DECLINING
208,3,USER,652,2947,19,1,0,0,92.4,100.0,4,11,27,31,40,55,80,153,379,61.9,54.7,54.3,2.0,114,522,2,8,57.0,68.6,0,72.4,63.7,46.6,51.8,56.7,81.5,grammar,reading,IMPROVING
209,7,USER,175,1543,12,4,0,0,45.7,40.9,5,11,18,6,14,29,76,114,180,54.6,52.2,49.3,1.69,85,280,1,2,60.1,60.8,0,68.7,61.2,45.2,51.8,45.4,48.5,listening,reading,IMPROVING
210,8,USER,212,2341,24,4,0,0,78.1,73.2,3,7,18,11,23,32,70,141,228,58.1,66.6,66.5,1.59,105,342,4,3,53.5,85.8,3,56.0,78.6,64.2,65.6,70.1,60.8,speaking,listening,DECLINING
211,3,USER,580,3052,16,5,0,0,97.6,100.0,4,9,20,12,28,41,112,183,319,76.3,70.1,70.9,1.46,171,437,2,3,75.9,60.6,0,64.5,59.6,65.4,79.7,66.0,78.9,writing,speaking,IMPROVING
212,12,USER,352,1811,12,0,0,0,62.3,77.2,4,6,14,10,18,25,48,106,171,71.3,77.2,72.0,1.48,69,243,2,2,68.5,87.3,0,67.7,85.6,77.2,70.6,70.7,75.9,speaking,listening,STABLE
213,11,USER,27,1372,11,5,0,0,78.2,80.3,1,3,6,2,4,6,17,21,46,67.0,71.7,74.3,1.05,11,55,1,0,68.1,0.0,1,60.5,76.6,81.7,74.0,72.6,57.0,reading,grammar,DECLINING
214,12,USER,304,2833,13,0,0,0,65.0,55.5,6,9,26,20,26,39,96,164,271,70.2,64.9,60.2,1.66,117,368,1,5,53.2,51.8,2,36.8,53.5,53.7,62.4,63.8,74.7,grammar,listening,IMPROVING
215,1,USER,147,2124,4,2,0,0,35.0,37.1,4,8,15,8,14,28,72,92,186,59.0,62.8,62.1,2.08,80,271,3,2,76.4,46.9,1,54.9,49.7,65.5,69.9,82.7,64.5,vocabulary,speaking,STABLE
216,9,USER,670,1540,8,3,222,1,65.7,84.8,2,11,13,3,5,11,34,45,74,74.0,65.4,66.5,1.67,66,145,3,0,76.2,0.0,1,76.0,49.0,79.4,64.3,71.8,56.4,reading,speaking,IMPROVING
217,5,USER,65,1418,18,7,0,0,55.5,39.4,4,4,7,2,4,10,13,33,65,55.6,57.2,55.8,1.56,21,69,0,1,0.0,38.3,0,50.5,48.1,62.1,53.2,59.0,68.6,grammar,speaking,STABLE
218,11,USER,133,2972,16,1,0,0,79.7,90.0,4,11,20,18,26,43,93,241,349,56.4,59.4,57.5,1.86,88,462,6,4,71.6,54.3,0,60.4,60.9,60.2,58.0,41.1,60.2,speaking,vocabulary,STABLE
219,7,USER,825,3000,15,0,189,1,71.7,83.5,4,10,21,9,20,46,58,138,289,50.0,52.5,56.2,1.58,170,468,2,7,65.6,58.8,1,46.8,60.7,56.9,59.7,47.1,64.4,grammar,listening,DECLINING
220,8,USER,203,1935,18,10,0,0,59.2,57.1,4,5,11,6,11,18,35,48,124,63.8,71.5,71.6,1.56,64,174,1,2,50.8,69.6,0,81.3,63.5,81.6,49.1,76.4,68.4,reading,writing,DECLINING
221,8,USER,351,3633,25,0,0,0,81.8,100.0,5,10,23,16,20,52,118,260,359,52.4,57.7,63.4,2.1,234,514,3,3,83.8,55.5,2,51.0,54.8,54.7,77.1,58.4,57.5,writing,listening,DECLINING
222,5,USER,247,1396,13,6,0,0,34.5,59.7,2,6,10,3,6,11,26,37,51,49.9,58.9,59.8,1.68,46,116,0,0,0.0,0.0,0,45.6,58.9,56.0,61.6,60.2,62.2,grammar,listening,DECLINING
223,11,USER,14,1471,12,4,0,0,35.0,25.2,5,8,13,3,8,16,45,84,153,48.5,51.3,58.4,2.19,52,178,1,1,72.9,50.3,0,57.0,54.3,58.8,73.7,52.6,58.9,writing,vocabulary,DECLINING
224,7,USER,114,1804,12,5,0,0,82.7,61.3,3,9,13,9,14,23,40,84,179,63.5,63.2,63.2,1.71,71,228,2,2,71.3,80.2,0,51.4,73.7,61.0,64.1,66.7,77.2,grammar,listening,STABLE
225,2,USER,733,2882,26,1,347,1,81.3,91.3,5,13,29,16,35,47,94,180,322,74.4,65.3,62.2,1.38,178,501,3,6,65.6,62.8,2,44.6,56.9,76.5,55.5,65.6,52.9,reading,listening,IMPROVING
226,6,USER,96,1728,6,4,0,0,40.6,53.4,3,8,12,10,13,23,50,81,175,57.3,57.4,59.0,1.8,84,184,2,2,70.1,60.9,1,66.1,49.1,63.7,74.7,62.7,37.0,writing,grammar,STABLE
227,3,USER,188,1546,7,4,0,0,32.0,31.8,0,5,9,4,5,10,17,40,84,64.5,64.8,65.5,1.84,25,92,1,0,69.8,0.0,5,77.5,55.5,92.8,66.7,78.9,74.0,reading,speaking,STABLE
228,9,USER,4,2504,19,0,0,0,51.3,53.8,4,12,15,7,12,25,75,125,196,78.7,68.7,66.9,1.25,109,290,2,5,67.2,90.3,0,69.5,87.2,72.3,67.2,62.4,55.0,speaking,grammar,IMPROVING
229,8,USER,0,2228,14,6,0,0,42.7,51.1,4,6,13,4,10,28,49,75,190,76.2,70.3,69.5,1.56,138,302,3,1,52.2,45.1,0,67.5,51.1,52.0,55.3,81.0,63.2,vocabulary,speaking,IMPROVING
230,7,USER,209,1825,9,4,0,0,60.9,61.5,2,6,9,3,8,16,25,48,110,75.6,71.0,72.6,1.21,33,169,1,2,59.7,70.3,0,53.1,72.0,82.0,62.0,74.5,67.7,reading,listening,STABLE
231,5,USER,360,2502,14,1,0,0,90.8,84.8,5,5,11,5,10,21,72,109,173,67.9,67.9,65.4,1.9,96,217,3,1,87.7,68.1,0,72.6,65.0,62.1,80.2,55.0,59.7,writing,vocabulary,STABLE
232,6,USER,12,1471,16,6,0,0,24.1,38.1,2,10,14,5,12,22,72,118,164,50.2,56.2,52.3,2.02,81,214,2,2,71.1,48.5,5,49.6,45.1,50.5,59.9,70.3,46.6,vocabulary,speaking,STABLE
233,7,USER,0,2764,15,11,0,0,56.8,67.2,4,7,19,8,13,35,118,165,268,80.8,80.7,77.1,1.65,127,353,2,2,63.3,79.7,4,70.4,78.5,65.1,63.3,77.7,82.0,grammar,writing,STABLE
234,10,USER,583,2225,10,2,0,0,64.0,65.9,5,9,16,12,16,34,95,123,166,77.7,78.4,70.6,1.73,139,355,4,4,80.9,69.5,2,69.9,65.1,73.6,69.9,76.5,64.8,vocabulary,grammar,IMPROVING
235,6,USER,320,1413,5,5,0,0,48.8,73.7,1,5,13,6,14,26,40,80,132,37.2,35.9,38.0,2.21,85,206,2,0,45.8,0.0,0,32.4,50.1,37.6,47.4,44.8,31.3,speaking,grammar,STABLE
236,7,USER,220,1672,10,7,0,0,88.8,76.4,3,7,9,8,10,14,28,54,106,78.6,82.5,83.7,1.55,63,158,2,1,63.8,93.9,0,49.0,93.0,69.8,64.6,63.3,66.9,speaking,listening,DECLINING
237,4,USER,451,2302,21,4,68,1,84.3,78.2,5,8,19,8,12,31,63,113,242,43.9,50.2,50.1,2.02,96,322,5,7,60.0,73.7,1,47.7,64.0,47.2,56.9,48.5,49.2,speaking,reading,DECLINING
238,11,USER,578,2830,7,3,0,0,82.7,81.9,3,10,19,15,20,37,96,210,283,67.6,67.6,70.5,1.61,92,384,5,6,58.7,70.2,3,73.5,63.8,64.2,64.2,76.9,85.5,grammar,speaking,STABLE
239,9,USER,747,3503,7,3,297,1,95.0,100.0,3,9,21,6,17,48,122,251,370,63.7,61.4,60.3,1.7,220,529,5,2,70.1,55.4,1,68.4,58.4,45.3,66.0,51.6,55.9,listening,reading,STABLE
240,12,USER,200,989,6,5,0,0,46.4,57.1,1,3,5,1,2,3,10,15,24,45.3,49.3,47.3,1.89,15,38,0,0,0.0,0.0,3,41.5,52.7,53.6,61.6,53.5,47.6,writing,listening,STABLE
241,6,USER,672,2890,15,0,337,1,68.6,64.7,4,12,23,7,20,42,84,202,279,60.6,55.1,52.6,1.82,195,462,3,1,62.7,64.7,0,45.0,63.9,39.9,55.1,71.1,53.7,vocabulary,reading,IMPROVING
242,5,USER,592,1746,16,3,243,1,97.1,100.0,3,10,13,6,9,23,37,91,182,61.3,60.6,58.3,1.95,114,245,1,2,45.0,56.0,4,56.5,50.8,59.7,39.4,62.7,69.5,grammar,writing,STABLE
243,8,USER,217,488,0,8,0,0,38.8,43.9,1,1,2,1,1,2,4,7,15,33.6,34.9,35.3,1.54,0,0,1,0,66.5,0.0,3,24.6,35.8,35.4,57.1,43.9,35.1,writing,listening,STABLE
244,6,USER,49,1964,22,3,0,0,59.9,73.9,2,10,21,7,14,33,33,93,207,74.1,68.4,64.2,1.48,137,322,1,1,73.2,73.7,1,91.1,78.1,81.9,63.8,56.3,54.0,listening,grammar,IMPROVING
245,10,USER,111,1860,15,4,26,1,89.5,83.3,5,8,17,5,11,23,47,80,157,59.4,58.6,59.0,1.47,56,247,3,0,68.3,0.0,0,68.9,62.1,62.5,72.5,45.4,47.2,writing,vocabulary,STABLE
246,2,USER,468,2780,7,1,0,0,89.5,74.5,4,12,22,29,38,53,119,210,354,57.8,59.6,54.3,1.92,230,533,10,12,61.0,52.5,0,72.3,51.8,66.5,64.5,81.1,40.1,vocabulary,grammar,STABLE
247,12,USER,426,1587,18,7,0,0,33.9,51.5,3,8,13,2,6,18,36,70,127,56.6,53.7,55.7,1.7,64,222,0,2,0.0,75.9,0,40.6,63.5,52.9,70.3,68.2,54.1,writing,listening,STABLE
248,10,USER,344,1814,15,4,0,0,56.8,62.5,3,11,16,4,9,21,33,44,120,63.6,62.1,58.1,2.06,59,178,0,2,0.0,57.1,2,62.5,49.2,50.2,39.0,56.0,68.3,grammar,writing,STABLE
249,10,USER,148,1435,12,1,0,0,64.3,57.9,3,12,14,6,12,24,58,77,129,48.9,48.3,49.0,2.09,61,208,2,2,70.0,57.4,0,38.2,48.7,45.1,61.8,67.4,51.7,vocabulary,listening,STABLE
250,3,USER,653,1194,16,7,312,1,66.8,71.8,0,5,11,5,12,18,43,99,143,45.4,47.3,49.2,1.73,77,181,1,0,31.8,0.0,3,47.7,57.8,58.8,32.9,60.9,55.6,vocabulary,writing,STABLE
251,6,USER,138,2295,9,6,0,0,97.3,100.0,2,13,17,17,22,32,40,69,167,57.2,55.1,60.3,1.92,129,283,1,5,80.7,69.3,1,52.4,65.6,67.4,73.8,76.6,58.5,vocabulary,listening,STABLE
252,9,USER,294,1371,6,5,0,0,69.2,59.5,2,7,17,6,9,23,21,57,157,43.5,43.2,40.8,1.54,65,215,0,1,0.0,60.0,1,27.3,59.3,61.7,58.7,38.9,40.5,reading,listening,STABLE
253,4,USER,516,2461,20,6,0,0,81.5,99.3,6,10,17,15,24,36,96,129,202,43.5,46.2,46.9,2.03,93,360,0,4,0.0,31.2,2,44.2,39.0,48.9,73.1,62.0,44.1,writing,speaking,STABLE
254,12,USER,444,1516,12,6,202,1,66.9,77.2,5,10,12,6,12,20,95,132,184,54.4,56.8,58.3,1.61,67,203,0,4,0.0,52.7,4,63.2,49.9,55.9,63.2,44.1,57.3,listening,vocabulary,STABLE
255,8,USER,272,1366,11,6,0,0,50.8,71.1,3,9,14,3,8,18,46,72,150,47.4,49.9,52.6,2.01,52,178,1,0,73.4,0.0,0,55.7,53.6,40.5,64.2,48.5,73.1,grammar,reading,STABLE
256,3,USER,50,1633,6,0,0,0,42.3,69.7,3,9,12,6,10,20,58,80,129,67.8,66.4,65.4,1.53,44,203,0,1,0.0,63.8,2,76.4,64.7,77.4,66.8,39.8,58.2,reading,vocabulary,STABLE
257,3,USER,459,3110,20,0,0,0,96.5,100.0,4,8,20,10,19,47,132,221,319,54.5,56.5,58.8,1.78,112,447,3,2,75.3,64.0,0,51.1,62.0,77.8,69.1,47.1,61.6,reading,vocabulary,STABLE
258,6,USER,196,2421,17,3,0,0,71.8,66.6,4,11,24,8,18,38,89,122,252,77.8,74.8,75.0,1.05,163,419,4,2,74.3,78.5,0,59.9,70.3,74.5,80.3,72.4,83.6,grammar,listening,STABLE
259,11,USER,11,1588,11,6,0,0,47.6,62.2,3,7,13,6,8,17,24,62,112,54.4,53.6,54.2,1.82,84,191,0,0,0.0,0.0,3,49.6,50.8,58.8,56.0,64.8,53.9,vocabulary,listening,STABLE
260,5,USER,365,2259,24,6,0,0,83.9,82.5,4,10,17,6,12,32,39,88,170,63.7,57.9,57.0,1.53,126,291,2,0,74.1,0.0,0,60.1,65.0,56.0,68.1,52.6,52.8,writing,vocabulary,IMPROVING
261,10,USER,481,2152,7,2,0,0,80.0,85.7,3,9,13,10,18,28,60,113,229,62.6,64.1,64.9,1.94,71,283,2,0,56.4,0.0,0,60.0,44.5,69.4,60.8,54.5,72.1,grammar,speaking,STABLE
262,2,USER,79,926,9,8,0,0,35.6,66.6,2,3,8,5,7,9,16,23,31,73.2,68.4,67.0,1.39,28,70,0,0,0.0,0.0,0,71.7,49.1,52.2,56.6,77.3,62.5,vocabulary,speaking,IMPROVING
263,7,USER,247,2733,15,0,0,0,77.6,85.9,5,8,21,12,24,37,129,185,251,55.7,60.1,61.0,1.87,103,360,5,2,60.4,58.5,1,61.8,62.1,57.3,62.9,54.5,65.7,grammar,vocabulary,STABLE
264,12,USER,420,3488,18,1,0,0,85.6,100.0,7,10,21,9,18,50,63,143,390,82.9,76.9,74.4,1.06,202,520,6,4,70.0,76.4,0,51.9,79.1,85.2,68.0,78.4,87.7,grammar,listening,IMPROVING
265,3,USER,89,2538,11,4,0,0,67.5,86.3,2,10,19,11,14,32,150,214,306,49.9,47.0,47.3,1.76,99,355,3,2,45.8,39.5,1,53.6,48.7,49.2,39.1,55.9,48.2,vocabulary,writing,STABLE
266,8,USER,255,2789,16,1,0,0,90.4,71.2,2,13,22,17,31,41,61,131,356,58.3,56.8,59.6,1.73,150,402,3,3,62.2,82.1,2,58.9,75.3,49.5,62.2,51.2,57.3,speaking,reading,STABLE
267,10,USER,43,1223,1,7,0,0,35.5,45.4,0,5,8,3,4,10,8,23,61,55.3,58.2,57.5,1.82,32,81,1,2,49.0,82.3,0,55.6,75.8,61.8,49.1,45.5,52.5,speaking,vocabulary,STABLE
268,9,USER,134,1569,3,4,0,0,70.0,71.1,3,5,10,6,10,14,27,52,84,69.6,69.7,67.1,1.59,45,117,1,2,72.7,56.5,0,66.5,54.9,82.1,69.6,58.6,70.1,reading,speaking,STABLE
269,3,USER,119,2207,11,6,0,0,27.4,31.6,2,5,12,8,10,19,59,125,211,72.8,69.9,70.0,1.22,91,213,0,2,0.0,66.1,1,68.3,63.2,70.0,68.6,50.0,84.4,grammar,vocabulary,STABLE
270,7,USER,468,3727,17,0,108,1,75.4,73.7,6,11,22,15,19,47,112,294,452,59.2,59.1,56.3,1.44,140,501,5,0,69.1,0.0,0,54.4,57.7,64.3,64.3,43.0,38.4,reading,grammar,STABLE
271,12,USER,541,2675,17,5,0,0,61.2,44.2,4,10,21,9,16,44,125,196,332,60.9,68.3,69.0,1.29,199,466,3,6,55.9,78.5,0,81.4,76.3,74.4,52.5,69.7,68.9,listening,writing,DECLINING
272,2,USER,109,1686,4,6,0,0,39.6,36.6,4,10,14,10,14,21,25,64,133,59.6,55.6,51.5,1.94,68,151,4,1,64.4,58.8,0,72.1,46.0,47.6,62.4,48.5,47.0,listening,speaking,IMPROVING
273,10,USER,371,3528,19,0,0,0,83.9,71.1,6,10,27,10,18,50,120,310,428,56.5,63.3,59.8,1.73,143,509,6,3,73.6,68.7,0,56.7,69.8,54.6,66.0,54.9,65.7,speaking,reading,STABLE
274,5,USER,150,1184,0,11,0,0,29.6,32.5,1,2,4,3,4,6,14,22,29,55.5,55.3,56.6,1.64,18,73,0,0,0.0,0.0,5,42.8,62.6,50.5,68.7,66.1,66.3,writing,listening,STABLE
275,8,USER,707,1757,10,5,49,1,64.0,75.8,5,10,16,9,14,25,58,88,188,73.3,66.4,62.2,1.42,70,274,0,1,0.0,61.3,4,58.6,59.9,64.3,52.8,70.3,70.3,vocabulary,writing,IMPROVING
276,5,USER,203,2392,9,5,0,0,53.5,40.7,1,7,20,8,19,41,122,162,279,52.4,52.0,58.6,1.61,109,390,1,4,44.6,95.7,1,62.6,87.5,55.2,46.8,59.5,58.0,speaking,writing,DECLINING
277,12,USER,129,937,4,1,0,0,57.5,89.7,3,7,9,3,4,7,15,26,48,56.0,58.9,57.8,1.19,18,60,1,0,44.5,0.0,0,63.5,55.0,63.5,50.8,63.6,54.5,vocabulary,writing,STABLE
278,8,USER,87,727,0,67,32,1,29.0,33.1,0,0,0,0,0,0,2,3,6,59.7,62.7,54.3,1.9,1,2,0,0,0.0,0.0,2,61.7,56.5,63.9,40.4,48.5,32.3,reading,grammar,STABLE
279,6,USER,252,1429,3,1,0,0,36.6,48.7,3,5,11,8,12,18,16,42,94,70.1,69.8,68.2,1.64,45,197,2,0,77.0,0.0,0,68.0,67.1,57.1,69.4,71.8,69.3,vocabulary,reading,STABLE
280,2,USER,963,1177,0,4,247,1,52.3,40.5,1,4,8,4,8,11,33,46,91,44.8,53.4,52.3,2.01,52,120,0,0,0.0,0.0,4,53.0,51.1,68.6,43.8,41.5,46.2,reading,vocabulary,DECLINING
281,5,USER,126,1916,11,8,111,1,41.8,51.4,3,7,14,9,15,20,64,85,155,57.3,59.3,60.5,1.58,108,229,1,1,43.3,61.4,0,70.4,55.6,63.8,55.2,57.0,38.1,listening,grammar,STABLE
282,4,ADMIN,614,2126,8,0,318,1,81.1,90.2,4,11,21,13,18,28,125,159,223,63.2,68.4,69.8,1.47,61,319,2,4,74.5,71.4,0,68.0,67.7,75.3,70.5,48.3,76.0,grammar,vocabulary,DECLINING
283,12,USER,67,1397,15,4,0,0,98.2,100.0,4,11,17,11,14,25,68,109,147,65.7,66.3,65.0,1.76,71,204,1,3,78.9,81.9,0,62.0,69.5,67.0,67.2,41.0,69.2,speaking,vocabulary,STABLE
284,11,USER,248,3086,23,2,0,0,85.5,80.9,3,10,21,26,34,46,211,331,466,50.3,50.1,46.3,1.66,225,471,3,4,51.1,59.8,0,65.8,54.8,37.2,42.0,38.6,46.1,listening,reading,STABLE
285,4,USER,251,1173,21,6,0,0,42.5,24.3,4,8,18,9,14,20,33,45,92,61.1,57.3,55.7,1.41,61,209,1,0,65.6,0.0,0,57.9,67.3,58.1,59.4,77.0,36.9,vocabulary,grammar,IMPROVING
286,8,USER,0,2207,13,1,0,0,76.9,72.2,6,9,24,8,11,29,44,57,144,73.6,68.0,64.8,1.46,84,243,3,2,70.1,61.8,0,61.1,59.4,40.7,66.6,75.5,76.7,grammar,reading,IMPROVING
287,1,USER,165,2372,12,1,0,0,72.6,98.7,6,11,23,12,20,31,67,95,220,53.3,55.1,60.0,1.48,122,297,1,2,75.0,48.2,2,60.7,47.2,59.6,71.2,89.7,37.8,vocabulary,grammar,DECLINING
288,7,USER,605,2417,8,2,0,0,59.1,65.7,5,12,17,13,23,35,40,100,226,53.5,54.7,56.7,1.93,108,357,4,4,45.4,69.1,0,56.8,67.2,57.3,45.0,61.0,71.0,grammar,writing,STABLE
289,6,USER,889,3121,10,0,0,0,69.1,83.5,7,10,19,7,18,47,105,173,291,65.0,62.3,64.1,1.31,189,431,4,8,69.6,56.0,1,66.4,55.6,63.4,66.2,69.3,65.9,vocabulary,speaking,STABLE
290,7,USER,289,1712,9,7,0,0,55.8,65.4,5,9,12,8,11,22,26,69,141,55.1,60.1,64.8,1.73,75,222,2,2,73.5,71.8,0,51.8,74.0,74.2,70.2,58.9,66.8,reading,listening,DECLINING
291,8,USER,0,611,8,7,0,0,41.4,46.4,3,5,10,3,7,11,27,35,66,41.9,45.1,47.3,2.14,15,52,0,0,0.0,0.0,0,46.9,52.5,22.9,47.8,43.1,61.3,grammar,reading,DECLINING
292,8,USER,278,1509,15,0,0,0,50.3,57.5,5,7,11,3,8,20,49,67,168,69.2,63.3,65.2,1.35,39,218,0,3,0.0,86.3,0,50.5,71.7,73.7,79.1,68.9,61.9,writing,listening,IMPROVING
293,3,USER,0,1402,0,6,0,0,19.4,0.9,3,3,5,2,3,8,17,37,66,53.0,50.7,49.2,1.98,33,72,0,1,0.0,38.9,3,62.0,39.2,42.9,33.3,53.7,39.1,listening,writing,STABLE
294,6,USER,614,1557,12,7,101,1,75.4,77.8,3,6,13,8,12,20,46,59,135,50.4,48.8,47.6,2.21,122,255,1,0,54.3,0.0,1,59.4,39.1,34.3,59.7,48.0,45.9,writing,reading,STABLE
295,6,USER,639,2469,11,3,325,1,50.0,37.1,4,9,20,10,27,38,86,151,244,64.8,55.7,54.7,1.56,136,369,4,4,67.3,83.3,2,74.4,74.6,61.7,72.0,49.8,39.6,speaking,grammar,IMPROVING
296,1,USER,333,924,6,10,0,0,50.7,59.8,3,4,8,4,5,9,20,37,77,45.2,47.4,48.2,2.05,33,88,0,0,0.0,0.0,3,45.0,28.7,55.1,41.1,57.0,45.8,vocabulary,speaking,STABLE
297,10,ADMIN,123,2510,14,3,0,0,77.2,91.8,3,9,17,9,19,36,100,137,201,73.2,74.7,68.6,1.86,140,364,4,1,63.7,87.5,1,71.4,83.1,87.2,65.3,47.0,76.4,reading,vocabulary,STABLE
298,7,USER,94,1524,16,4,0,0,47.5,44.1,3,8,14,8,11,23,39,65,121,66.7,68.7,65.0,1.71,109,251,2,0,52.0,0.0,1,63.3,61.0,77.4,45.1,59.1,52.1,reading,writing,STABLE
299,2,USER,690,2533,15,6,343,1,75.1,63.9,3,6,12,10,13,31,64,154,231,73.4,72.3,70.3,1.38,93,331,3,1,68.8,65.6,0,78.5,61.3,75.6,51.4,67.3,68.2,listening,writing,STABLE
300,2,USER,152,1658,17,4,0,0,63.1,83.7,3,9,15,5,8,22,37,80,187,47.6,51.2,51.1,1.73,60,265,0,1,0.0,59.7,0,58.5,55.7,49.5,49.9,32.3,60.1,grammar,vocabulary,STABLE
301,9,USER,379,2440,12,3,0,0,59.3,60.6,5,11,19,11,14,36,51,80,223,73.3,75.2,74.1,1.19,170,365,5,6,83.4,81.0,2,63.5,78.0,81.0,76.0,67.9,84.8,grammar,listening,STABLE
302,4,USER,0,608,0,15,0,0,50.9,70.9,0,0,0,0,0,0,0,0,0,44.0,45.6,47.9,2.11,8,18,1,1,51.5,65.7,1,64.7,59.5,36.0,47.4,60.6,40.5,listening,reading,STABLE
303,2,USER,374,3041,12,0,144,1,72.0,100.0,6,11,22,13,25,39,182,297,398,59.6,63.1,63.8,1.57,109,468,3,3,67.4,57.0,2,67.5,45.3,68.9,69.5,59.1,51.9,writing,speaking,STABLE
304,12,USER,255,2743,15,4,0,0,92.0,100.0,4,6,24,11,18,36,79,158,313,60.4,58.0,56.8,1.87,72,359,4,2,50.5,63.5,0,68.5,61.2,54.0,48.3,41.5,59.9,listening,vocabulary,STABLE
305,8,USER,377,2486,9,6,0,0,93.0,96.7,2,6,12,11,14,28,46,123,187,61.7,61.7,64.4,1.57,86,266,1,1,72.3,66.5,3,50.2,61.0,64.5,72.5,65.2,48.1,writing,grammar,STABLE
306,9,ADMIN,779,2069,7,0,278,1,88.5,72.2,4,9,20,10,20,27,33,89,196,67.6,69.6,64.1,1.53,55,294,7,1,68.9,58.1,3,78.0,59.2,68.3,62.5,67.5,36.4,listening,grammar,STABLE
307,1,USER,320,3227,16,4,33,1,81.2,100.0,5,6,28,20,40,60,106,227,305,60.6,61.0,62.9,1.63,170,645,6,12,56.6,74.6,0,82.4,52.4,57.2,62.8,64.7,65.9,listening,speaking,STABLE
308,12,USER,213,1759,12,5,0,0,43.3,55.6,1,7,16,4,8,16,35,48,121,53.0,59.7,60.6,1.82,51,180,2,3,64.5,67.0,5,51.7,58.7,54.1,55.6,40.8,82.7,grammar,vocabulary,DECLINING
309,6,USER,76,1470,2,6,0,0,76.4,52.0,2,6,12,11,15,21,41,63,100,57.5,61.6,62.0,2.48,75,214,0,1,0.0,72.0,0,66.8,59.8,41.6,62.4,50.4,62.4,listening,reading,STABLE
310,7,USER,464,2126,4,3,50,1,68.2,74.7,3,7,16,9,17,23,34,75,150,62.7,56.5,60.1,1.82,79,238,1,4,53.0,65.9,1,51.1,65.5,61.2,53.4,63.0,55.7,speaking,listening,STABLE
311,6,USER,134,2779,13,4,0,0,83.5,85.5,4,11,21,15,20,39,76,149,298,63.9,61.7,60.9,1.14,184,392,2,4,71.0,57.1,1,56.4,63.6,56.7,69.1,59.9,55.7,writing,grammar,STABLE
312,3,USER,595,1900,9,5,166,1,56.7,46.7,3,9,16,10,16,31,32,78,203,54.6,58.4,56.4,1.83,96,330,2,3,46.6,78.1,0,55.5,73.5,45.9,44.2,77.3,36.9,vocabulary,grammar,STABLE
313,9,USER,413,2620,10,4,196,1,72.7,77.9,4,12,22,16,21,43,121,171,346,51.2,55.8,55.6,2.11,219,466,2,4,60.2,65.0,4,50.8,58.5,63.2,62.8,43.8,71.4,grammar,vocabulary,STABLE
314,1,USER,49,905,0,5,81,1,41.5,47.7,3,5,10,2,4,7,8,20,31,51.7,48.3,45.0,1.34,19,74,0,0,0.0,0.0,0,41.7,61.0,29.8,50.6,40.5,37.4,speaking,reading,IMPROVING
315,11,USER,436,1896,9,7,0,0,85.4,84.2,4,6,9,5,10,18,29,61,170,63.7,61.2,61.5,1.97,96,203,1,1,58.9,65.2,0,64.6,71.2,63.5,49.5,54.0,59.6,speaking,writing,STABLE
316,11,USER,177,2636,21,4,232,1,84.7,100.0,5,10,19,9,20,28,50,72,181,68.5,65.8,64.8,2.03,157,328,5,4,79.2,72.7,0,61.8,72.7,79.6,70.7,59.0,59.8,reading,vocabulary,STABLE
317,6,USER,423,3024,21,2,0,0,98.9,86.4,7,10,24,11,23,35,89,136,262,81.8,74.2,73.3,1.38,142,347,3,3,82.8,70.0,0,66.6,71.7,61.8,80.0,80.4,81.7,grammar,reading,IMPROVING
318,5,USER,106,1943,14,0,0,0,72.7,75.8,4,9,19,7,11,30,73,96,235,66.9,65.3,63.8,1.74,95,315,1,4,64.4,69.7,0,61.0,73.9,72.3,67.4,41.1,47.4,speaking,vocabulary,STABLE
319,7,USER,0,1367,16,10,0,0,68.1,59.2,3,11,15,3,5,14,44,56,79,60.3,61.8,62.6,1.61,57,124,2,0,60.3,0.0,0,54.5,75.4,64.1,47.5,70.1,59.9,speaking,writing,STABLE
320,9,USER,785,1531,14,4,282,1,63.5,95.1,5,9,13,7,12,18,29,51,83,59.8,54.9,56.0,1.62,34,162,1,1,57.6,49.8,1,40.0,60.2,58.5,47.2,73.3,41.1,vocabulary,listening,STABLE
321,5,USER,733,2531,14,0,0,0,75.7,97.2,5,13,24,16,24,38,81,122,315,55.3,50.5,52.1,1.89,136,343,4,2,38.8,45.6,1,56.7,53.0,48.3,32.1,51.9,61.6,grammar,writing,STABLE
322,3,USER,210,1788,16,5,0,0,71.2,78.4,4,11,15,8,17,25,46,101,138,54.8,61.1,60.3,1.97,63,248,1,1,79.6,65.7,0,44.8,65.5,61.7,81.3,65.6,56.6,writing,listening,STABLE
323,11,USER,0,1369,0,1,0,0,51.5,58.0,3,5,11,5,7,11,16,31,70,50.2,53.8,50.8,1.96,49,106,1,0,43.9,0.0,0,63.5,50.1,50.9,37.5,53.6,53.3,listening,writing,STABLE
324,3,USER,424,3811,24,3,0,0,98.3,100.0,6,10,22,27,35,53,93,182,473,52.4,52.3,51.8,1.82,136,558,4,3,52.5,43.1,0,44.4,39.3,50.7,51.6,58.2,63.1,grammar,speaking,STABLE
325,9,USER,118,1026,18,3,0,0,43.0,39.2,2,7,11,3,7,15,44,84,116,50.0,55.7,54.8,1.81,58,143,0,0,0.0,0.0,0,61.2,44.2,61.8,66.9,51.2,52.0,writing,speaking,STABLE
326,2,USER,749,2174,12,1,251,1,59.1,76.7,5,11,19,17,24,40,126,170,232,61.8,63.6,62.9,1.47,107,423,2,3,69.5,56.9,1,78.6,59.4,50.6,64.0,70.2,62.1,listening,reading,STABLE
327,4,USER,571,2003,6,4,0,0,51.6,43.9,3,11,20,11,14,30,61,146,196,57.5,55.3,51.7,1.36,132,281,3,4,73.2,55.8,0,56.9,61.4,70.5,68.0,69.4,32.8,reading,grammar,STABLE
328,6,USER,420,759,7,9,0,0,15.5,19.3,0,1,3,1,2,3,3,6,9,46.3,48.0,49.8,1.84,25,52,0,0,0.0,0.0,0,48.0,33.3,48.2,40.0,55.2,56.2,grammar,speaking,STABLE
329,10,USER,188,2038,12,6,0,0,33.0,39.0,1,10,14,6,14,23,35,64,140,43.1,41.0,49.3,1.89,46,244,1,0,60.1,0.0,0,77.5,36.2,59.4,48.7,48.7,55.3,listening,speaking,DECLINING
330,9,USER,164,2499,8,3,0,0,75.4,63.1,2,12,25,11,19,45,106,140,239,68.7,69.1,64.4,1.37,148,443,6,4,56.8,81.8,0,86.2,77.7,52.6,63.2,63.3,76.2,listening,reading,STABLE
331,11,USER,735,2418,19,3,0,0,93.8,91.9,2,9,21,12,20,40,78,188,269,60.2,62.3,60.0,1.67,197,419,3,5,57.9,56.5,0,52.7,61.3,66.8,56.8,53.5,63.4,reading,listening,STABLE
332,12,USER,477,2917,15,0,0,0,79.2,90.4,5,13,18,10,22,39,171,215,343,56.1,61.3,59.3,1.89,183,396,3,5,71.6,63.0,0,56.0,65.3,70.9,70.7,54.5,65.4,reading,vocabulary,STABLE
333,4,USER,37,2086,12,5,0,0,87.0,100.0,5,9,20,5,13,30,57,76,180,39.3,48.1,47.6,2.2,81,234,5,1,51.8,46.3,0,54.5,51.6,38.3,51.3,62.0,46.2,vocabulary,reading,DECLINING
334,4,USER,47,1800,3,4,0,0,65.6,58.4,2,6,10,6,8,18,40,56,90,46.2,46.0,52.8,2.28,41,174,1,1,60.6,56.9,1,38.4,54.3,72.4,48.9,69.3,44.6,reading,listening,DECLINING
335,8,USER,1187,2910,19,4,0,0,70.0,59.6,5,11,28,12,32,60,97,199,318,57.9,56.8,56.9,1.65,127,555,4,6,51.9,78.9,0,63.9,73.0,52.3,39.6,52.0,58.7,speaking,writing,STABLE
336,5,USER,152,1437,9,2,0,0,69.6,86.0,0,2,6,5,6,12,34,47,89,45.1,48.2,50.3,1.93,48,120,0,3,0.0,87.2,0,44.3,77.9,64.8,33.4,52.3,49.2,speaking,writing,STABLE
337,6,USER,719,2934,14,5,0,0,94.0,79.2,4,8,25,9,19,48,143,214,292,64.9,67.6,66.3,1.3,88,480,5,2,63.5,67.8,3,79.0,64.4,62.3,63.9,75.5,59.9,listening,grammar,STABLE
338,7,USER,416,1529,7,6,0,0,67.9,78.5,4,4,12,4,9,20,29,59,83,61.8,64.0,63.0,1.7,88,192,0,0,0.0,0.0,5,61.1,56.2,68.0,73.0,50.9,66.8,writing,vocabulary,STABLE
339,11,USER,510,985,1,8,0,0,28.1,34.3,2,3,7,6,9,13,30,41,56,44.5,54.4,52.0,1.99,69,156,1,1,58.3,63.7,0,41.5,57.1,88.7,51.3,56.2,58.7,reading,listening,DECLINING
340,9,USER,0,865,5,2,0,0,34.3,25.4,0,2,7,5,7,14,40,53,105,57.3,55.6,57.1,1.83,30,164,0,0,0.0,0.0,2,52.7,67.2,68.7,49.0,49.9,52.7,reading,writing,STABLE
341,6,USER,748,2370,21,2,118,1,67.2,85.4,5,9,19,13,27,52,63,157,258,50.0,47.3,44.1,1.5,122,487,9,5,52.5,58.2,2,60.8,53.3,59.3,54.8,54.9,24.4,listening,grammar,IMPROVING
342,10,USER,459,1755,10,4,0,0,39.6,52.1,5,13,17,9,14,27,65,104,155,46.9,46.8,50.1,1.8,111,246,3,2,54.6,46.5,3,36.0,42.9,49.9,48.2,44.7,59.8,grammar,listening,STABLE
343,6,USER,641,2554,9,2,0,0,76.3,74.5,4,10,21,9,18,41,74,143,222,75.0,66.1,65.6,1.66,143,396,7,3,62.3,95.1,0,66.2,90.2,70.8,62.3,62.4,53.1,speaking,grammar,IMPROVING
344,5,USER,206,1898,4,1,0,0,58.6,83.1,3,12,14,10,12,22,56,119,191,69.1,64.8,66.0,1.83,70,239,1,3,82.8,39.4,3,61.4,34.1,63.4,75.8,60.4,61.1,writing,speaking,STABLE
345,5,USER,242,1756,10,1,0,0,42.2,49.9,3,7,13,8,11,20,46,73,162,51.5,58.5,61.1,1.83,98,205,1,1,58.1,58.2,2,56.5,61.8,64.2,54.4,55.0,66.2,grammar,writing,DECLINING
346,7,USER,234,2480,11,4,0,0,72.5,63.6,4,11,24,17,22,45,110,176,311,63.9,58.1,57.1,1.96,151,433,0,3,0.0,53.6,0,90.3,62.7,46.7,69.6,74.3,70.7,listening,reading,IMPROVING
347,12,USER,335,2388,13,4,0,0,52.6,56.0,4,8,14,8,11,29,74,152,260,55.9,57.3,54.0,1.63,67,288,2,0,60.1,0.0,0,59.3,69.4,44.9,52.1,67.0,64.3,speaking,reading,STABLE
348,10,USER,546,2453,18,3,16,1,72.6,80.9,7,7,24,12,21,46,77,170,292,60.4,57.9,56.7,1.54,149,449,5,4,74.8,63.7,0,58.4,65.4,40.2,71.3,61.0,42.7,writing,reading,STABLE
349,1,USER,772,2429,27,1,160,1,68.5,79.1,5,9,22,6,14,36,83,199,326,58.4,57.8,55.2,1.32,154,395,3,2,51.9,67.4,0,47.5,60.1,32.2,55.8,67.9,36.5,vocabulary,reading,STABLE
350,10,USER,35,498,0,82,0,0,60.3,57.0,0,0,0,0,0,0,2,4,6,56.3,60.0,60.4,1.78,12,56,0,0,0.0,0.0,1,58.3,56.7,56.9,64.4,58.7,63.9,writing,speaking,DECLINING
351,4,USER,347,1759,4,5,0,0,97.4,100.0,6,7,13,5,14,25,60,85,175,64.2,60.5,59.6,1.6,101,233,3,1,61.1,37.5,2,60.4,43.2,41.1,64.7,45.8,61.1,writing,reading,IMPROVING
352,1,USER,324,2914,19,3,0,0,66.9,63.7,7,10,21,20,26,39,182,236,333,51.4,46.2,42.9,1.68,112,389,1,3,44.4,48.9,0,34.2,46.7,62.7,32.6,38.6,47.6,reading,writing,IMPROVING
353,12,USER,425,1910,6,5,0,0,47.4,61.0,5,12,15,12,17,31,79,121,216,50.7,57.5,58.8,1.79,60,332,0,1,0.0,59.4,0,64.6,62.1,51.1,48.4,55.5,57.7,listening,writing,DECLINING
354,12,USER,761,3669,20,4,327,1,67.9,87.5,6,12,23,10,19,51,177,237,410,63.0,73.2,73.5,1.48,168,587,5,5,71.9,75.4,1,81.6,77.6,73.7,65.4,45.6,73.4,listening,vocabulary,DECLINING
355,4,USER,89,2073,15,7,0,0,64.4,62.2,4,9,13,4,11,25,34,88,159,54.7,51.7,51.2,2.15,60,261,1,1,50.8,50.4,1,61.7,55.3,40.9,56.1,49.7,57.4,listening,reading,STABLE
356,4,USER,665,1719,16,10,165,1,53.5,62.5,1,7,11,4,12,19,40,75,182,49.3,50.7,53.3,2.11,38,198,1,0,61.6,0.0,0,50.5,66.2,60.1,55.2,44.4,51.1,speaking,vocabulary,DECLINING
357,11,USER,70,2291,8,6,0,0,59.3,37.5,2,5,13,7,9,26,67,111,216,53.2,54.0,61.0,2.0,55,264,3,2,50.8,72.8,0,66.4,64.8,59.5,49.9,85.5,48.6,vocabulary,grammar,DECLINING
358,8,USER,966,2158,8,3,330,1,66.7,71.1,4,10,20,11,20,37,52,103,221,66.5,62.9,63.8,1.59,100,381,3,6,57.2,84.4,4,67.8,81.8,66.1,62.6,56.8,57.8,speaking,vocabulary,STABLE
359,8,USER,313,3097,7,4,0,0,64.7,90.0,2,10,20,5,15,39,34,95,257,89.4,84.4,81.7,1.54,91,407,4,5,62.8,58.2,1,68.5,66.1,82.7,63.2,85.0,94.5,grammar,writing,IMPROVING
360,11,USER,247,2359,10,4,0,0,100.0,100.0,1,7,17,10,21,31,89,162,219,55.5,56.5,57.5,1.96,128,290,3,1,66.8,61.1,0,53.4,58.6,57.5,60.8,26.7,74.6,grammar,vocabulary,STABLE
361,4,USER,437,771,8,7,0,0,42.3,35.2,0,2,4,2,2,4,8,11,15,47.1,45.8,49.1,1.49,25,56,0,1,0.0,27.8,0,71.5,29.5,44.4,59.1,43.4,40.1,listening,speaking,STABLE
362,11,USER,31,1408,2,2,0,0,56.4,68.2,2,5,7,4,10,15,30,86,115,58.4,55.0,54.3,1.56,61,142,1,0,67.8,0.0,3,55.4,53.8,52.9,64.2,56.6,54.5,writing,reading,STABLE
363,12,USER,172,1559,18,9,0,0,80.0,56.5,4,8,15,7,10,21,19,51,97,61.2,61.8,62.2,1.21,74,200,3,1,59.4,63.0,0,44.0,52.0,64.5,62.1,62.7,64.8,grammar,listening,STABLE
364,8,USER,256,1464,4,3,0,0,32.2,18.0,3,3,7,6,8,13,17,44,90,61.2,64.1,66.5,1.92,46,152,2,0,71.6,0.0,0,68.0,40.8,71.4,69.9,66.7,50.7,reading,speaking,STABLE
365,10,USER,330,2255,9,2,0,0,59.9,36.3,4,9,16,13,22,32,76,174,257,35.3,42.6,45.8,1.94,98,262,6,2,46.7,41.3,1,31.7,37.8,48.8,45.1,42.3,76.0,grammar,listening,DECLINING
366,9,USER,427,2692,24,2,0,0,84.8,77.8,7,10,23,14,19,39,39,96,169,60.4,62.0,61.6,1.58,78,361,2,4,76.0,50.7,0,64.7,50.2,65.2,73.9,64.6,49.6,writing,grammar,STABLE
367,7,USER,192,1631,11,9,0,0,52.6,58.3,2,5,14,4,10,20,31,59,94,64.4,63.9,61.8,1.76,77,212,0,2,0.0,47.7,1,51.9,50.2,81.6,58.3,65.9,51.6,reading,speaking,STABLE
368,4,USER,300,2774,12,6,0,0,69.2,81.9,5,9,21,13,22,33,62,89,244,77.9,74.9,72.7,1.71,163,350,2,3,85.5,79.2,1,63.0,72.0,86.3,78.9,67.5,72.0,reading,listening,IMPROVING
369,3,USER,282,1513,17,4,0,0,86.4,87.6,2,10,14,8,11,19,25,40,95,46.9,49.6,53.3,1.88,68,204,3,2,71.4,63.6,1,48.3,60.9,58.4,74.1,57.5,44.3,writing,grammar,DECLINING
370,12,USER,0,2114,16,1,0,0,74.0,98.1,5,8,18,10,19,29,58,85,192,55.6,50.6,53.8,1.76,129,289,2,1,65.3,60.3,0,51.9,59.8,47.9,66.0,69.4,62.5,vocabulary,reading,STABLE
371,6,USER,49,2467,13,0,0,0,54.1,80.1,5,10,19,8,11,28,57,111,188,62.0,61.8,62.1,1.86,134,294,2,2,63.8,69.2,0,63.1,67.8,43.6,62.0,74.6,57.5,vocabulary,reading,STABLE
372,7,USER,267,1717,4,5,0,0,61.0,66.4,0,6,13,7,10,21,68,86,141,47.2,53.8,52.7,1.74,71,176,1,4,60.1,70.6,0,44.1,60.2,57.6,60.1,78.2,53.0,vocabulary,listening,STABLE
373,9,USER,219,3051,10,4,0,0,64.6,72.6,2,10,20,12,29,45,96,199,286,61.4,65.2,64.1,1.7,175,443,2,4,47.8,74.7,1,67.5,70.5,63.0,44.2,67.8,68.0,speaking,writing,STABLE
374,12,USER,547,3641,18,0,0,0,91.9,94.3,5,12,23,18,23,52,128,237,387,66.1,70.1,65.2,1.57,131,519,3,12,75.6,67.7,1,47.8,68.2,50.6,67.4,68.0,51.7,speaking,listening,STABLE
375,4,USER,826,2867,24,2,285,1,72.5,91.9,6,12,24,7,21,34,117,167,304,64.3,65.9,59.3,1.37,89,390,4,1,86.2,62.6,0,45.5,66.7,50.7,70.3,50.3,64.1,writing,listening,IMPROVING
376,3,USER,393,2480,9,1,0,0,61.6,62.6,5,11,20,7,20,30,66,98,218,57.5,60.9,60.6,1.71,90,312,4,0,57.8,0.0,1,45.5,82.9,57.6,52.7,66.1,64.7,speaking,listening,STABLE
377,8,USER,257,1326,2,6,0,0,65.3,63.3,2,7,9,3,4,8,10,27,74,52.7,55.4,54.9,2.27,36,84,0,0,0.0,0.0,0,68.2,51.4,56.3,63.7,45.8,50.0,listening,vocabulary,STABLE
378,3,USER,352,1542,6,5,0,0,39.3,53.2,2,7,12,2,5,14,24,53,122,43.6,47.0,45.8,2.0,27,145,1,2,41.2,61.2,2,62.0,60.6,48.1,36.6,31.9,43.4,listening,vocabulary,STABLE
379,2,USER,0,653,5,7,0,0,33.8,44.0,3,5,7,1,4,9,16,31,83,46.5,45.9,47.9,1.88,21,66,1,0,34.6,0.0,1,58.6,33.6,34.6,38.7,57.6,29.7,listening,grammar,STABLE
380,9,USER,747,1972,16,3,0,0,69.6,83.5,2,9,15,7,12,30,83,148,216,57.6,57.2,57.2,2.01,71,286,6,4,70.7,49.0,0,45.4,59.5,56.7,63.1,49.0,51.1,writing,listening,STABLE
381,7,USER,227,2361,5,0,0,0,79.6,56.3,2,11,18,12,21,37,96,139,195,85.7,77.7,77.5,1.43,92,384,2,3,68.5,71.5,0,54.2,73.6,74.0,67.6,97.6,70.2,vocabulary,listening,IMPROVING
382,8,USER,0,2559,14,2,0,0,78.3,92.6,4,9,17,7,19,34,70,128,250,64.9,64.8,67.3,1.69,120,377,8,0,65.9,0.0,0,58.3,70.0,71.0,66.6,79.0,46.9,vocabulary,grammar,STABLE
383,7,USER,295,1769,5,8,0,0,76.4,63.3,5,9,18,4,7,17,40,51,105,64.9,62.8,63.1,1.42,57,165,4,0,72.5,0.0,2,52.4,49.2,48.3,64.8,70.7,49.8,vocabulary,reading,STABLE
384,9,USER,895,2363,12,10,347,1,64.7,57.4,4,9,17,10,19,42,52,146,289,52.3,48.6,48.2,1.91,129,382,3,2,57.0,42.6,0,47.8,43.1,76.1,54.4,28.0,44.3,reading,vocabulary,IMPROVING
385,10,USER,111,1767,15,1,0,0,85.7,68.8,4,8,12,4,8,20,28,71,167,67.9,67.0,61.3,1.91,54,214,2,3,48.8,54.1,0,67.2,47.8,63.1,48.7,64.7,57.3,listening,speaking,IMPROVING
386,7,USER,397,2522,18,1,0,0,79.6,85.5,5,9,16,10,19,37,101,198,270,50.6,55.2,56.8,1.29,115,390,4,3,77.1,50.8,3,50.9,51.1,42.8,85.3,44.1,52.7,writing,reading,DECLINING
387,4,USER,442,1492,9,6,0,0,60.6,64.2,5,5,8,5,8,18,52,76,143,54.0,52.5,54.1,1.3,54,184,0,0,0.0,0.0,0,61.5,53.7,65.3,42.7,53.7,58.6,reading,writing,STABLE
388,2,USER,183,1665,4,6,0,0,58.6,53.7,2,7,8,3,6,14,46,68,100,67.4,62.9,67.9,1.44,53,139,1,1,71.4,54.1,0,67.4,48.6,64.5,69.7,78.4,64.5,vocabulary,speaking,STABLE
389,8,USER,793,1279,9,4,291,1,17.1,0.0,3,7,11,7,9,13,29,53,81,58.4,60.9,56.0,1.5,42,125,1,0,56.5,0.0,0,70.6,48.4,40.8,52.7,50.8,52.0,listening,reading,STABLE
390,6,USER,100,2097,10,5,0,0,77.0,78.7,5,9,20,7,15,32,33,59,166,69.1,66.2,63.1,1.92,74,313,3,2,67.6,74.3,3,70.5,70.7,74.1,69.1,50.4,63.3,reading,vocabulary,IMPROVING
391,9,USER,6,2745,13,1,0,0,74.0,79.7,5,11,22,15,19,38,96,141,274,66.9,65.4,64.8,1.54,151,411,4,5,70.5,57.1,0,72.9,51.2,72.8,64.0,61.8,62.3,listening,speaking,STABLE
392,4,USER,568,2633,11,5,37,1,75.2,70.5,4,12,21,21,34,48,166,209,296,59.0,59.5,58.4,1.7,168,459,9,4,77.8,56.4,0,42.8,56.7,47.6,77.8,68.7,63.0,writing,listening,STABLE
393,11,USER,323,1657,7,4,0,0,47.6,33.8,2,10,13,11,15,22,63,84,120,51.4,51.6,48.2,1.84,69,248,2,2,48.5,33.3,1,46.4,33.8,32.0,49.5,56.6,47.8,vocabulary,reading,STABLE
394,8,USER,139,1650,11,0,131,1,51.0,42.4,4,10,17,4,11,17,29,64,125,62.2,70.2,68.9,1.45,72,151,1,0,61.7,0.0,0,80.5,49.8,80.2,70.8,67.9,66.3,listening,speaking,DECLINING
395,3,USER,876,1514,11,3,354,1,51.0,37.6,2,9,12,9,11,18,71,90,124,42.8,47.1,47.2,2.15,59,181,2,0,57.9,0.0,1,44.6,67.4,42.2,46.2,31.6,50.4,speaking,vocabulary,STABLE
396,11,USER,0,1994,9,1,0,0,69.3,90.5,4,8,15,6,11,23,50,112,158,60.3,56.2,53.1,1.53,70,232,2,0,88.5,0.0,0,54.9,54.2,58.8,69.5,54.4,48.4,writing,grammar,IMPROVING
397,6,USER,350,3288,19,4,0,0,68.9,72.5,4,13,26,20,28,55,103,132,300,61.6,55.3,56.4,2.0,210,499,6,6,69.0,61.2,0,63.5,53.0,59.2,69.2,45.4,47.8,writing,vocabulary,IMPROVING
398,10,USER,671,2615,6,4,200,1,86.4,85.6,4,8,20,5,14,31,28,73,189,50.7,60.8,63.8,1.84,125,322,3,2,60.9,81.1,3,81.0,74.4,38.5,65.1,71.2,59.9,listening,reading,DECLINING
399,5,USER,363,3103,14,1,0,0,89.3,71.1,2,10,26,11,24,53,50,114,301,76.5,74.8,76.4,1.68,241,583,6,6,84.4,78.1,0,72.2,84.0,76.6,82.8,75.9,67.9,speaking,grammar,STABLE
400,12,USER,452,1755,8,5,349,1,38.5,60.0,2,5,8,3,7,13,30,50,100,34.8,38.2,40.1,2.41,54,126,1,1,27.8,48.8,0,36.2,41.8,51.4,22.8,65.7,37.1,vocabulary,writing,STABLE
401,7,USER,649,2605,3,6,230,1,85.5,93.8,3,13,14,7,19,27,83,125,191,70.1,71.0,71.2,1.4,52,284,2,1,85.3,67.2,1,86.2,68.0,64.2,68.3,72.9,69.1,listening,reading,STABLE
402,2,USER,293,1638,9,8,253,1,46.7,59.3,5,9,14,4,9,21,30,49,130,61.3,61.3,61.1,1.68,103,238,0,4,0.0,68.2,0,46.3,67.8,39.3,78.7,60.8,63.4,writing,reading,STABLE
403,8,USER,303,1267,11,10,0,0,54.9,50.8,3,3,3,2,2,3,10,14,37,62.2,54.4,54.3,1.88,8,21,0,0,0.0,0.0,4,54.1,62.8,47.6,52.2,58.9,54.1,speaking,reading,IMPROVING
404,7,USER,14,1256,0,9,0,0,38.2,29.4,0,2,5,4,6,9,14,32,65,47.1,43.3,42.1,1.96,26,78,0,0,0.0,0.0,0,40.0,55.3,34.7,53.4,41.6,56.2,grammar,reading,STABLE
405,9,USER,827,3465,25,1,310,1,84.8,100.0,5,10,25,15,25,40,107,161,374,66.3,70.1,71.7,2.09,196,483,2,3,70.7,73.8,0,55.0,61.5,81.5,65.9,51.1,78.2,reading,vocabulary,STABLE
406,7,USER,288,991,8,7,0,0,52.5,71.1,1,2,3,1,2,4,11,14,29,69.2,70.3,66.5,2.05,19,40,1,0,64.5,0.0,3,69.3,73.4,44.2,61.6,64.5,49.8,speaking,reading,STABLE
407,5,USER,461,1750,2,2,0,0,85.0,100.0,3,6,13,11,15,26,66,90,145,65.7,66.0,66.7,1.56,94,294,3,3,68.3,89.4,1,76.2,84.3,58.9,68.8,74.0,74.9,speaking,reading,STABLE
408,11,USER,0,2026,6,2,0,0,46.9,33.9,4,6,16,8,11,16,36,71,124,55.6,47.6,50.3,1.71,32,160,0,2,0.0,51.7,1,44.9,43.5,46.1,48.1,37.6,73.4,grammar,vocabulary,IMPROVING
409,4,USER,82,1346,4,0,0,0,48.3,51.7,2,7,12,6,10,20,29,49,106,54.7,61.4,57.7,1.93,35,158,1,3,46.9,27.0,0,83.8,33.8,48.2,45.7,53.4,55.4,listening,speaking,STABLE
410,10,USER,270,2795,22,2,0,0,63.6,47.9,6,9,21,13,19,32,115,169,306,69.9,67.5,62.4,1.26,72,356,3,3,34.9,62.7,0,48.2,60.2,56.1,38.1,46.3,82.5,grammar,writing,IMPROVING
411,12,USER,575,1716,14,2,306,1,23.7,14.1,2,4,10,7,10,17,40,66,108,58.7,57.6,61.1,1.53,82,205,0,0,0.0,0.0,0,56.3,46.8,61.7,88.6,58.6,48.9,writing,speaking,STABLE
412,2,USER,565,1999,1,6,0,0,47.1,50.3,1,7,11,4,10,17,33,51,116,63.4,66.3,65.8,1.64,43,163,3,2,52.3,68.4,2,31.9,72.1,64.1,53.3,62.7,77.3,grammar,listening,STABLE
413,9,USER,101,1989,16,4,173,1,51.6,24.1,4,8,19,10,15,24,49,132,182,56.3,56.4,52.9,1.58,109,256,2,1,33.0,52.5,0,64.3,52.7,45.1,26.4,53.8,44.9,listening,writing,STABLE
414,11,USER,300,997,3,88,0,0,30.9,51.2,0,0,0,0,0,0,0,0,0,44.0,57.3,59.8,1.96,7,16,0,0,0.0,0.0,0,66.9,54.2,67.3,45.7,53.3,50.6,reading,writing,DECLINING
415,11,USER,79,1349,0,4,0,0,16.4,9.8,1,3,5,2,3,9,26,45,61,43.3,45.8,50.1,1.84,20,69,0,1,0.0,63.6,1,47.3,52.2,49.2,44.6,49.8,59.5,grammar,writing,DECLINING
416,5,USER,133,2131,12,5,0,0,75.3,99.1,5,11,15,6,13,21,48,103,149,83.2,77.8,75.5,1.47,115,252,1,0,83.1,0.0,0,80.0,77.3,65.8,84.3,66.0,77.1,writing,reading,IMPROVING
417,7,USER,308,2019,7,9,0,0,63.0,74.6,1,9,16,7,13,21,49,87,127,64.6,62.3,61.9,1.8,68,189,1,2,62.6,57.8,0,59.5,52.0,35.8,56.4,58.2,77.9,grammar,reading,STABLE
418,3,USER,731,3039,16,0,287,1,57.9,72.4,3,13,18,16,23,37,118,188,342,50.9,53.0,48.3,1.88,151,375,0,4,0.0,49.3,2,58.8,55.6,54.1,42.9,36.3,51.0,listening,vocabulary,STABLE
419,6,USER,0,1010,0,4,0,0,40.2,25.9,2,2,3,0,1,3,8,14,22,49.4,50.7,50.3,1.65,6,13,0,0,0.0,0.0,0,57.9,52.5,45.3,48.6,48.9,44.7,listening,grammar,STABLE
420,8,USER,424,2665,11,2,0,0,70.0,69.7,2,14,21,12,20,44,138,198,324,64.2,64.5,60.2,1.56,153,481,1,4,59.8,45.5,0,65.3,50.3,69.8,71.1,64.8,63.2,writing,speaking,STABLE
421,9,USER,147,2901,25,3,0,0,88.9,79.6,4,11,21,18,33,49,138,180,352,50.4,49.3,53.1,1.72,190,488,8,4,60.4,61.2,2,50.5,48.2,55.6,51.2,59.3,77.3,grammar,speaking,STABLE
422,4,USER,514,1397,12,6,324,1,60.0,74.7,4,4,7,2,4,7,12,34,61,39.8,45.5,48.3,2.12,32,70,0,0,0.0,0.0,1,51.4,48.0,51.5,57.3,48.6,46.0,writing,grammar,DECLINING
423,11,USER,682,1467,1,0,347,1,68.6,84.2,1,2,2,1,2,4,4,7,12,69.4,70.5,69.6,1.45,21,48,1,0,100.0,0.0,1,53.2,59.1,72.3,89.6,50.0,62.1,writing,vocabulary,STABLE
424,7,USER,329,1728,8,2,0,0,68.0,69.1,1,4,10,3,7,16,16,40,94,59.6,64.1,66.6,1.66,45,150,0,0,0.0,0.0,0,40.0,71.3,63.4,81.7,64.4,65.1,writing,listening,DECLINING
425,4,USER,0,2064,17,14,0,0,57.6,67.5,3,8,17,7,13,22,61,83,144,62.8,64.7,66.9,1.86,57,221,2,2,64.7,86.4,0,56.0,77.7,85.2,65.3,61.1,68.6,reading,listening,DECLINING
426,11,USER,240,1310,0,2,0,0,27.4,30.6,2,5,9,3,5,7,9,19,55,53.4,52.0,58.6,1.89,18,48,0,1,0.0,65.6,0,60.3,57.1,58.8,46.7,63.6,67.3,grammar,writing,STABLE
427,4,USER,517,3036,12,1,0,0,58.7,66.9,1,14,23,9,22,54,94,211,310,52.1,56.8,54.5,1.64,193,501,6,9,61.1,36.3,3,57.1,39.2,58.0,55.8,55.8,49.8,reading,speaking,STABLE
428,12,USER,311,2172,8,8,0,0,67.5,64.8,3,9,13,7,14,25,77,126,204,72.5,73.0,70.2,1.58,87,298,1,2,89.8,72.1,1,64.7,73.1,68.9,89.1,57.3,76.9,writing,vocabulary,STABLE
429,5,USER,283,2423,4,1,0,0,59.0,70.0,4,8,14,9,16,36,62,140,231,61.2,59.1,60.5,1.79,147,363,1,4,50.9,63.9,1,64.7,69.7,60.4,55.8,36.0,63.1,speaking,vocabulary,STABLE
430,8,USER,501,1961,10,6,0,0,46.1,56.5,4,10,15,4,8,22,69,104,161,47.9,47.4,47.6,2.37,95,200,1,1,30.3,69.2,0,52.3,59.0,62.0,39.8,34.7,50.8,reading,vocabulary,STABLE
431,4,USER,1,1456,14,5,0,0,51.0,34.1,1,5,10,6,9,18,47,61,82,42.1,44.1,48.4,1.97,74,178,3,1,36.0,70.2,1,52.8,52.7,73.1,37.1,53.1,46.7,reading,writing,DECLINING
432,4,USER,437,1291,3,6,0,0,28.0,30.5,2,8,12,3,5,13,33,56,101,59.8,63.1,59.5,1.94,73,152,5,0,62.3,0.0,0,64.2,54.9,65.8,64.1,76.1,45.0,vocabulary,grammar,STABLE
433,12,USER,642,1379,10,6,235,1,71.3,62.8,2,10,16,6,11,18,53,92,126,59.5,59.9,61.7,1.16,76,226,1,0,53.3,0.0,0,56.1,65.2,56.5,58.3,57.8,68.9,grammar,listening,STABLE
434,8,USER,333,3680,24,0,0,0,75.9,76.6,6,11,30,17,31,60,115,318,477,73.8,74.0,73.9,1.0,152,635,8,4,59.1,67.3,0,73.3,64.6,79.1,59.0,63.7,72.8,reading,writing,STABLE
435,6,USER,818,1726,7,8,0,0,63.9,75.1,4,8,14,10,14,22,36,91,124,66.9,63.5,65.4,1.58,53,190,1,1,86.7,88.8,0,65.0,77.0,49.4,77.5,69.2,68.1,writing,reading,STABLE
436,2,USER,161,2912,18,5,0,0,81.3,82.7,4,10,25,13,27,57,114,226,306,65.8,67.8,70.8,1.76,174,596,8,5,75.3,60.5,0,67.1,70.2,88.8,75.2,70.9,64.9,reading,grammar,STABLE
437,8,USER,401,2933,14,2,0,0,87.4,91.2,5,14,22,14,29,52,77,210,336,62.8,55.2,52.0,1.56,95,487,7,7,47.5,43.9,0,60.9,50.0,64.4,45.8,45.3,52.5,reading,vocabulary,IMPROVING
438,9,USER,63,1282,1,10,0,0,35.0,48.8,3,5,8,5,6,13,31,67,97,53.0,51.0,53.5,1.52,57,159,0,0,0.0,0.0,0,45.2,58.0,61.8,56.4,53.3,46.8,reading,listening,STABLE
439,5,USER,348,1499,15,1,309,1,49.0,73.4,4,7,10,6,11,19,37,75,131,64.5,61.3,60.3,1.57,64,218,2,3,73.2,71.1,0,46.5,64.6,66.2,63.3,68.5,64.1,vocabulary,listening,IMPROVING
440,3,USER,175,1465,7,6,0,0,43.8,30.8,2,5,7,3,8,11,16,32,76,58.5,52.6,52.8,1.57,31,132,0,0,0.0,0.0,1,47.8,51.2,79.4,48.0,64.0,52.7,reading,listening,STABLE
441,10,USER,188,1221,10,4,0,0,59.3,75.8,5,6,10,6,8,13,33,44,88,68.9,63.6,70.1,1.46,41,140,1,1,52.9,49.3,1,31.9,47.1,66.8,50.8,77.1,45.9,vocabulary,listening,STABLE
442,12,ADMIN,72,2676,6,6,72,1,68.1,89.0,5,7,17,11,16,33,95,150,204,66.8,66.6,67.9,1.49,126,370,1,2,64.2,84.5,0,57.9,72.4,71.2,69.4,55.9,64.6,speaking,vocabulary,STABLE
443,3,USER,527,3413,7,0,85,1,77.4,76.9,1,10,21,6,17,48,188,277,382,63.7,65.3,63.3,1.52,208,503,5,4,70.2,81.4,0,55.9,74.4,57.2,65.2,61.3,60.8,speaking,listening,STABLE
444,3,USER,186,2458,18,0,0,0,81.8,85.1,5,11,22,12,25,37,69,170,335,59.1,58.8,56.8,1.67,92,373,6,3,49.5,64.4,5,47.2,73.3,40.7,57.8,68.1,64.2,speaking,reading,STABLE
445,11,USER,226,3153,17,0,0,0,52.3,62.3,5,9,22,22,36,50,188,254,408,61.3,60.5,61.0,1.58,207,516,8,4,82.8,55.9,1,66.3,56.5,43.4,87.2,65.4,60.0,writing,reading,STABLE
446,8,USER,411,1885,6,8,0,0,58.6,63.0,1,10,15,14,18,31,47,88,184,52.3,50.5,54.8,2.05,101,307,2,2,71.6,56.8,0,39.4,46.1,44.3,63.2,56.3,59.7,writing,listening,STABLE
447,9,USER,576,2030,15,5,0,0,72.7,67.8,3,11,21,7,12,25,38,53,138,54.3,60.0,61.8,1.48,69,222,1,3,64.2,72.4,0,28.8,67.2,64.4,63.3,63.6,58.2,speaking,listening,DECLINING
448,7,USER,700,2028,13,4,212,1,49.2,36.9,5,11,14,7,18,29,75,149,212,46.3,51.3,50.8,1.77,99,311,5,0,61.6,0.0,0,58.5,64.0,53.9,49.9,42.0,42.7,speaking,vocabulary,STABLE
449,3,USER,466,1625,20,8,0,0,79.9,89.4,5,7,14,5,7,13,14,39,86,48.8,47.5,48.8,1.64,52,116,2,1,58.8,32.2,0,44.7,37.9,46.1,60.9,59.2,55.0,writing,speaking,STABLE
450,1,USER,611,2459,23,0,178,1,69.9,82.0,5,10,22,9,16,37,102,205,311,71.1,71.8,69.7,1.33,106,456,3,4,78.5,74.8,0,69.9,77.8,76.2,75.0,72.9,60.8,speaking,grammar,STABLE
451,6,USER,302,1604,0,7,0,0,56.3,64.5,2,5,8,5,10,13,27,49,80,44.3,50.9,53.3,1.84,34,98,0,1,0.0,50.8,1,66.2,50.0,52.7,54.4,52.2,39.9,listening,grammar,DECLINING
452,9,ADMIN,153,1189,11,9,100,1,19.8,16.1,2,6,7,3,6,12,15,33,77,57.9,53.8,58.4,2.06,57,135,1,1,61.9,47.6,0,52.0,56.5,66.1,61.2,54.4,52.0,reading,listening,STABLE
453,8,USER,416,2363,13,0,0,0,68.4,81.3,3,10,17,14,22,36,79,131,214,46.6,47.3,48.1,1.82,81,299,1,1,43.6,58.0,0,44.7,59.1,38.5,44.4,46.9,49.1,speaking,reading,STABLE
454,7,USER,204,2099,3,10,0,0,50.5,55.2,4,7,13,12,19,27,35,92,200,67.4,64.2,60.2,1.58,97,259,4,3,61.1,77.5,0,54.0,67.3,61.8,57.8,74.1,41.8,vocabulary,grammar,IMPROVING
455,9,USER,402,2199,10,0,0,0,55.8,64.0,5,9,15,11,24,33,73,103,210,72.8,71.9,66.3,1.4,126,317,2,2,75.9,78.1,0,57.1,66.9,50.0,72.7,65.3,67.4,writing,reading,IMPROVING
456,4,USER,705,1489,12,4,138,1,49.8,71.7,3,7,10,3,7,17,12,27,78,61.3,61.9,61.6,1.86,32,160,2,1,60.2,68.0,0,66.4,61.4,63.2,57.7,66.6,47.3,vocabulary,grammar,STABLE
457,12,USER,113,2262,5,5,0,0,50.4,37.6,2,7,15,12,16,30,60,81,216,53.8,55.1,55.7,1.77,108,318,0,3,0.0,51.7,0,65.7,48.0,56.0,76.5,54.4,57.1,writing,speaking,STABLE
458,5,USER,783,3773,15,3,0,0,70.2,97.4,4,9,29,12,29,60,130,227,426,76.8,70.8,70.4,1.74,222,609,5,4,86.6,63.6,1,65.0,65.9,43.3,82.1,46.6,60.2,writing,reading,IMPROVING
459,6,USER,306,2074,10,4,0,0,34.8,26.5,3,9,21,10,28,40,70,106,260,49.8,49.5,51.9,1.87,110,341,4,2,34.2,51.0,0,59.6,52.9,64.6,36.5,56.5,46.6,reading,writing,STABLE
460,1,USER,297,1756,4,5,0,0,22.2,0.0,3,5,11,7,11,25,56,93,162,29.5,32.5,34.5,2.29,97,231,0,1,0.0,53.4,3,26.7,56.1,30.6,29.4,52.4,35.0,speaking,listening,STABLE
461,7,USER,364,3167,26,6,0,0,76.8,84.7,3,10,26,18,29,52,96,147,353,68.7,67.5,64.7,1.52,118,516,5,2,72.2,48.9,1,61.5,50.8,63.1,61.8,60.4,70.5,grammar,speaking,STABLE
462,8,USER,405,1798,14,2,0,0,58.0,74.5,5,9,16,9,17,25,113,144,202,47.1,50.3,48.0,2.28,57,234,1,0,50.8,0.0,2,57.3,51.6,49.6,42.0,59.3,27.7,vocabulary,grammar,STABLE
463,8,USER,0,2615,0,2,0,0,64.3,58.2,5,11,16,9,16,27,99,130,222,69.0,68.2,68.8,1.42,134,285,2,1,60.3,61.6,1,42.6,60.3,79.8,58.2,62.7,61.0,reading,listening,STABLE
464,3,USER,244,1319,6,9,20,1,47.5,47.8,2,9,13,3,6,12,20,47,94,58.1,53.1,50.6,1.34,32,117,1,0,66.9,0.0,0,44.1,46.2,38.8,64.4,53.5,47.4,writing,reading,IMPROVING
465,12,USER,483,2613,3,4,98,1,74.0,63.3,5,6,12,3,9,23,51,83,192,76.2,68.6,65.9,1.27,57,262,0,1,0.0,64.0,0,68.1,66.7,64.9,52.7,62.7,75.5,grammar,writing,IMPROVING
466,5,USER,116,1662,9,6,0,0,64.6,78.0,4,8,18,13,19,31,59,90,181,39.3,47.6,50.9,2.06,66,296,2,1,35.9,48.9,2,51.0,52.9,53.4,44.0,47.7,46.3,reading,writing,DECLINING
467,8,USER,178,1876,18,1,0,0,50.3,61.0,3,9,19,6,16,27,80,138,188,50.0,51.2,50.1,1.66,55,282,0,1,0.0,35.1,3,55.7,35.8,63.7,26.9,37.5,41.4,reading,writing,STABLE
468,4,USER,0,2152,17,6,0,0,62.6,49.9,2,10,13,8,16,26,57,118,246,65.8,67.6,74.1,1.48,60,277,2,4,89.2,64.6,0,76.6,73.0,85.5,75.6,74.6,62.4,reading,grammar,DECLINING
469,4,USER,163,2130,12,2,0,0,38.4,36.5,4,7,16,9,13,18,51,75,120,69.1,71.6,63.7,1.49,92,222,0,1,0.0,87.7,1,54.3,75.4,55.6,62.5,54.1,55.2,speaking,vocabulary,IMPROVING
470,5,USER,631,2865,20,0,71,1,76.2,85.0,5,9,19,17,30,47,120,181,325,57.2,57.3,57.0,1.62,128,482,3,5,58.1,40.3,0,64.2,39.7,60.6,65.1,61.3,50.9,writing,speaking,STABLE
471,5,USER,342,1584,1,10,0,0,36.6,51.6,2,8,16,4,8,15,28,48,125,56.8,63.0,63.9,1.88,59,144,2,1,55.6,56.8,0,73.2,54.2,58.1,50.3,49.7,53.7,listening,vocabulary,DECLINING
472,11,USER,252,1890,9,7,0,0,59.7,67.5,3,8,13,7,12,27,98,148,221,44.0,51.7,55.2,2.21,55,261,1,2,50.7,59.8,1,45.1,54.9,61.6,47.3,65.7,53.0,vocabulary,listening,DECLINING
473,12,USER,656,1508,20,9,143,1,61.0,59.1,6,8,12,7,11,21,30,45,102,61.6,53.8,49.0,1.76,96,204,1,1,57.1,52.2,0,80.2,52.5,58.1,60.5,28.9,51.3,listening,vocabulary,IMPROVING
474,2,USER,155,1363,9,12,0,0,48.7,69.1,4,6,11,5,6,11,41,58,78,46.8,57.6,65.3,1.67,23,119,1,1,71.9,60.6,1,67.1,57.9,55.5,76.2,86.6,58.7,vocabulary,reading,DECLINING
475,3,USER,287,1677,7,4,0,0,51.8,67.4,1,4,8,4,10,18,23,58,127,52.1,51.6,50.8,2.02,50,168,0,0,0.0,0.0,0,50.7,54.0,49.9,54.4,55.4,34.2,vocabulary,grammar,STABLE
476,9,USER,564,3008,12,4,0,0,53.7,47.3,2,11,20,11,30,46,142,236,407,66.6,62.2,62.8,1.51,213,476,2,3,81.1,42.3,0,59.6,54.0,66.4,72.6,42.0,63.1,writing,vocabulary,STABLE
477,10,USER,489,1136,7,2,164,1,49.2,68.4,3,3,7,5,7,13,44,64,97,61.1,55.6,53.7,1.72,35,150,1,0,68.1,0.0,3,60.1,62.3,71.4,70.9,42.7,52.3,reading,vocabulary,IMPROVING
478,11,USER,189,2174,10,4,0,0,68.0,90.4,3,10,16,16,22,30,60,85,208,55.8,55.6,57.5,1.96,102,298,2,1,47.6,43.6,2,37.5,50.2,53.5,51.1,65.2,74.9,grammar,listening,STABLE
479,11,ADMIN,317,1793,6,9,0,0,80.6,80.6,4,8,14,7,10,22,62,81,151,63.0,64.0,67.4,1.25,50,230,0,1,0.0,63.9,0,68.1,53.5,71.4,71.4,64.6,71.1,reading,speaking,DECLINING
480,5,USER,209,1588,7,9,0,0,41.6,43.5,2,8,12,8,10,19,29,67,122,57.0,63.8,65.3,1.61,79,191,1,2,66.9,72.3,0,63.2,70.3,51.0,67.7,57.3,62.4,speaking,reading,DECLINING
481,12,USER,600,1327,2,6,214,1,40.5,18.0,3,6,11,4,8,12,16,43,81,49.7,51.4,51.7,1.57,42,108,1,0,61.5,0.0,0,49.7,42.3,60.4,45.9,51.3,56.0,reading,speaking,STABLE
482,2,USER,297,1228,10,1,211,1,21.7,22.2,3,3,5,3,6,8,9,15,28,64.9,65.5,61.4,1.61,16,78,0,0,0.0,0.0,0,85.5,75.6,46.5,51.5,72.6,67.1,listening,reading,STABLE
483,11,USER,374,2530,17,2,0,0,64.7,55.2,4,9,20,18,27,39,121,154,241,71.3,67.6,66.1,1.84,102,414,2,3,46.2,86.1,1,63.6,81.8,76.6,45.6,82.2,75.8,vocabulary,writing,IMPROVING
484,6,USER,281,2561,10,4,0,0,65.3,65.4,3,7,15,10,21,37,132,172,283,62.8,58.9,64.8,1.46,153,407,4,4,56.0,84.9,0,73.8,72.2,60.9,58.0,51.7,62.9,listening,vocabulary,STABLE
485,12,USER,621,1510,6,6,263,1,28.3,46.1,3,5,11,4,9,17,68,90,134,69.8,65.5,66.6,1.53,46,168,1,2,39.6,67.3,1,56.1,67.5,55.5,43.7,62.0,72.6,grammar,writing,STABLE
486,11,USER,365,1279,5,10,0,0,48.6,49.9,3,5,7,6,8,12,27,54,102,49.9,57.7,58.6,1.9,52,126,1,0,71.0,0.0,1,57.0,46.0,64.3,63.8,45.5,52.2,reading,vocabulary,DECLINING
487,3,USER,491,2099,14,10,198,1,69.6,83.1,3,7,12,7,13,21,76,108,166,66.6,71.6,68.2,1.36,87,216,1,1,69.0,51.4,0,63.6,54.9,64.6,64.1,72.2,69.0,vocabulary,speaking,STABLE
488,3,USER,53,1488,12,7,0,0,44.1,42.0,3,4,8,1,3,4,15,26,47,68.0,75.2,76.0,1.29,9,36,1,0,86.4,0.0,0,75.5,74.7,76.6,67.8,81.4,50.7,vocabulary,grammar,DECLINING
489,10,USER,374,2344,20,1,102,1,76.2,77.5,4,10,20,9,13,27,49,126,211,93.7,86.3,83.3,1.28,140,324,4,2,86.6,86.4,0,70.6,87.1,98.0,86.0,84.5,74.3,reading,listening,IMPROVING
490,9,USER,0,1878,29,4,43,1,72.5,86.4,7,10,16,7,9,23,59,96,188,49.3,56.9,58.7,1.75,104,271,2,4,61.5,49.0,0,84.9,40.8,71.6,64.7,57.2,61.0,listening,speaking,DECLINING
491,11,USER,0,1834,12,0,0,0,51.4,71.3,5,9,12,4,9,20,47,72,135,72.1,71.1,73.3,1.26,55,189,2,1,85.0,45.3,4,70.8,57.6,81.8,71.4,81.4,65.6,reading,speaking,STABLE
492,8,USER,761,1807,16,3,329,1,71.2,79.9,3,8,21,4,9,20,36,81,122,52.8,58.6,63.1,1.93,81,198,1,1,62.3,67.2,0,63.0,63.2,61.0,58.4,45.4,86.7,grammar,vocabulary,DECLINING
493,1,USER,265,812,0,0,0,0,21.9,7.3,0,2,3,1,2,5,6,10,19,60.1,56.9,60.2,1.95,8,38,0,0,0.0,0.0,2,68.2,45.6,61.0,65.1,60.0,59.8,listening,speaking,STABLE
494,5,USER,211,1951,15,5,36,1,93.6,100.0,4,8,10,9,12,19,59,130,188,57.5,55.2,57.8,1.9,54,212,3,1,59.7,53.8,0,57.4,56.3,40.9,64.2,78.4,64.1,vocabulary,reading,STABLE
495,7,USER,0,1337,8,1,0,0,63.1,64.0,2,3,5,2,3,7,13,30,46,67.2,72.5,65.0,1.92,13,57,0,1,0.0,52.8,0,66.9,59.1,66.8,60.1,55.6,48.0,listening,grammar,STABLE
496,8,USER,434,2498,17,0,0,0,58.7,43.7,4,10,25,8,22,37,61,102,201,68.2,68.4,68.3,1.62,157,376,3,2,49.8,74.8,2,69.0,73.7,66.2,54.9,65.9,53.4,speaking,grammar,STABLE
497,7,USER,281,1215,3,6,0,0,56.2,78.6,4,7,11,5,8,11,26,36,71,69.4,69.2,66.4,1.78,24,66,0,1,0.0,76.8,1,44.0,71.6,50.4,50.4,51.8,81.2,grammar,listening,STABLE
498,7,USER,302,1601,13,6,0,0,64.4,60.5,2,9,15,7,12,19,35,56,136,56.6,59.3,59.0,1.74,66,163,0,0,0.0,0.0,4,61.7,46.1,72.8,40.2,59.4,45.8,reading,writing,STABLE
499,11,USER,427,2052,10,3,140,1,67.9,72.2,1,7,11,5,8,19,23,55,136,62.6,59.6,61.7,2.12,73,209,0,2,0.0,33.3,0,68.3,36.8,46.0,58.1,62.9,69.0,grammar,speaking,STABLE
500,5,USER,0,1134,0,2,0,0,35.1,33.4,2,4,6,4,7,12,41,54,75,47.7,53.5,57.0,1.58,48,112,0,0,0.0,0.0,3,70.3,67.0,54.4,48.9,42.3,61.7,listening,vocabulary,DECLINING
501,5,USER,133,2389,9,0,0,0,76.2,83.0,4,8,18,14,20,32,44,94,152,56.6,55.9,56.9,1.79,110,263,3,2,42.0,72.9,0,65.9,62.7,60.9,38.7,68.2,41.6,vocabulary,writing,STABLE
502,9,USER,656,1908,13,4,123,1,37.5,30.1,4,7,19,9,12,29,55,80,182,52.7,54.3,50.2,1.62,155,337,2,1,49.9,54.0,1,45.1,56.0,62.3,47.8,61.9,44.7,reading,grammar,STABLE
503,5,USER,384,2739,13,1,0,0,73.7,78.5,5,9,19,9,22,33,64,174,238,76.2,79.9,78.5,1.54,121,353,4,2,50.9,84.3,3,85.8,81.6,83.6,53.6,79.9,75.5,listening,writing,STABLE
504,5,USER,340,2504,27,0,0,0,58.0,51.2,6,11,22,23,30,41,87,204,311,80.1,79.7,75.6,1.17,166,445,2,2,45.4,78.0,0,85.0,71.0,82.6,52.1,71.8,68.0,listening,writing,IMPROVING
505,7,USER,563,2954,23,0,0,0,63.8,52.1,4,12,24,23,32,51,105,186,335,61.3,59.3,59.7,1.62,92,487,2,3,70.9,52.0,0,41.7,49.0,32.9,58.9,65.9,48.4,vocabulary,reading,STABLE
506,7,USER,595,2042,18,8,285,1,40.9,51.7,5,8,17,6,10,17,26,58,120,70.1,64.7,63.6,1.4,37,168,2,1,66.6,58.4,3,66.6,60.2,70.4,66.7,42.5,54.7,reading,vocabulary,IMPROVING
507,5,USER,0,2354,3,0,0,0,40.3,43.1,3,9,19,5,14,32,94,171,286,62.6,64.8,59.2,1.75,120,363,1,3,65.7,75.7,1,61.2,72.8,50.7,58.7,55.5,61.5,speaking,reading,STABLE
508,5,USER,354,942,9,3,23,1,56.1,63.9,4,7,10,5,8,14,33,60,88,45.1,47.2,48.5,1.92,56,142,0,2,0.0,39.3,0,51.4,39.3,55.7,26.7,43.7,67.9,grammar,writing,STABLE
509,10,USER,74,1528,12,6,0,0,59.7,47.5,3,8,11,4,8,15,42,53,106,69.9,67.1,69.7,1.77,71,173,3,0,75.0,0.0,0,71.0,67.1,62.2,71.2,79.1,71.8,vocabulary,reading,STABLE
510,4,USER,489,2251,12,7,0,0,40.4,33.4,5,8,12,5,12,24,57,87,185,77.1,69.7,63.4,1.38,71,257,2,1,32.5,79.5,0,67.8,74.4,72.6,35.3,49.2,64.2,speaking,writing,IMPROVING
511,8,USER,0,1578,9,2,0,0,58.1,41.7,1,5,8,2,4,10,22,44,75,77.7,76.6,72.4,1.36,48,103,0,0,0.0,0.0,0,65.8,78.4,67.8,64.8,69.6,79.6,grammar,writing,STABLE
512,9,USER,752,1286,14,4,0,0,25.9,13.8,1,5,10,7,9,14,42,61,102,60.5,62.3,61.9,1.79,49,153,0,0,0.0,0.0,0,65.7,71.6,71.0,48.6,56.8,62.9,speaking,writing,STABLE
513,4,USER,506,1970,20,2,0,0,100.0,100.0,5,7,24,11,17,38,68,150,261,49.5,50.9,55.0,1.97,135,440,2,8,62.4,57.4,4,51.3,59.3,61.7,61.0,75.0,46.5,vocabulary,grammar,STABLE
514,9,USER,378,1091,2,29,0,0,64.3,75.6,0,0,0,0,0,0,4,8,13,70.6,68.3,66.7,1.9,0,0,1,0,78.3,0.0,0,66.3,70.9,49.5,68.1,64.8,69.0,speaking,reading,STABLE
515,7,USER,375,3479,21,3,0,0,97.1,100.0,6,8,26,18,33,58,121,203,320,60.2,66.0,66.9,1.67,137,549,5,5,77.5,62.9,1,60.9,65.8,75.8,68.2,81.0,58.3,vocabulary,grammar,DECLINING
516,3,USER,0,905,1,11,0,0,55.7,60.6,1,2,4,2,3,6,8,17,38,55.1,54.2,58.5,1.87,13,30,0,1,0.0,25.8,0,81.4,31.5,43.2,48.1,58.2,49.9,listening,speaking,STABLE
517,6,USER,279,2237,10,4,0,0,57.4,48.9,7,10,14,8,19,29,54,91,191,62.2,55.5,55.6,1.36,66,272,0,2,0.0,48.6,0,61.8,39.2,40.6,59.8,48.1,65.4,grammar,speaking,IMPROVING
518,9,USER,419,2260,4,4,0,0,56.4,42.0,1,8,14,7,17,34,52,141,203,49.3,52.2,54.4,1.84,120,334,4,2,43.9,71.9,3,49.8,66.9,49.7,43.7,38.7,53.5,speaking,vocabulary,STABLE
519,4,USER,0,2112,10,12,0,0,57.5,71.5,2,7,12,9,14,28,50,124,169,43.0,52.9,56.5,2.02,62,216,3,2,75.2,84.0,0,59.0,64.6,71.9,70.4,46.9,82.6,grammar,vocabulary,DECLINING
520,8,USER,736,2104,21,0,257,1,92.2,91.8,6,11,17,12,23,34,47,105,199,68.0,74.0,72.6,1.84,93,385,2,1,51.7,86.2,2,64.5,83.0,69.5,56.5,51.3,58.8,speaking,vocabulary,STABLE
521,11,USER,734,2718,11,3,285,1,69.9,68.6,3,10,16,7,18,29,48,124,236,57.1,50.7,60.0,1.55,81,333,2,3,77.6,56.6,0,55.0,59.0,51.5,75.7,59.0,55.4,writing,reading,STABLE
522,5,USER,0,1532,3,8,0,0,54.0,60.4,5,5,9,6,10,21,47,96,147,67.7,72.7,67.8,1.87,97,209,3,4,50.4,52.2,2,83.7,50.9,64.4,48.8,53.8,59.4,listening,writing,STABLE
523,9,USER,258,1531,9,1,0,0,60.5,55.5,7,7,11,6,7,14,37,55,102,60.1,59.6,58.7,1.62,63,136,1,2,62.8,61.2,4,59.7,56.1,64.8,55.8,41.8,59.9,reading,vocabulary,STABLE
524,4,USER,312,1493,6,5,0,0,47.5,57.9,3,3,5,3,4,7,15,26,35,53.2,54.2,54.7,1.62,18,45,0,0,0.0,0.0,0,59.7,56.9,46.1,61.6,55.9,53.7,writing,reading,STABLE
525,5,USER,275,2900,10,0,0,0,97.3,100.0,7,9,22,17,22,36,89,194,262,79.4,72.5,71.8,1.26,93,396,1,4,72.8,73.2,0,68.0,76.9,95.3,64.5,64.2,44.2,reading,grammar,IMPROVING
526,5,USER,337,1521,4,1,0,0,51.6,74.0,2,4,12,6,8,19,65,92,160,46.9,49.9,55.0,2.01,47,175,1,1,66.7,63.4,2,53.3,53.9,59.4,67.3,55.7,44.6,writing,grammar,DECLINING
527,5,USER,612,2213,6,0,311,1,56.4,55.0,5,12,14,17,22,32,32,78,167,57.1,53.3,51.8,1.74,119,331,2,4,57.1,51.8,1,50.0,45.5,43.2,45.0,48.5,69.0,grammar,reading,IMPROVING
528,2,USER,171,1368,10,6,0,0,45.6,43.1,4,6,10,7,10,14,25,46,96,41.6,44.9,44.1,1.87,25,135,0,0,0.0,0.0,3,40.5,46.8,41.9,55.7,10.0,43.6,writing,vocabulary,STABLE
529,6,USER,318,2256,13,0,0,0,85.8,98.1,4,8,22,14,27,39,57,125,241,67.8,68.9,64.2,1.83,147,394,1,2,51.7,82.8,1,63.0,75.5,60.3,43.7,74.6,75.6,grammar,writing,STABLE
530,10,USER,0,959,0,7,0,0,0.0,7.7,2,2,5,1,2,5,7,18,29,34.0,32.1,34.7,1.72,9,18,0,0,0.0,0.0,0,62.4,49.8,41.9,30.6,45.1,23.8,listening,grammar,STABLE
531,7,USER,28,1033,3,2,0,0,42.6,46.2,0,3,5,2,4,6,9,19,55,64.1,65.6,62.5,1.74,9,31,1,0,26.2,0.0,4,67.1,63.1,51.1,29.6,56.9,81.0,grammar,writing,STABLE
532,9,USER,775,2571,14,7,303,1,53.2,32.9,5,10,20,11,18,37,36,93,249,63.2,59.8,58.3,1.81,179,385,0,0,0.0,0.0,0,65.0,54.8,68.0,65.2,56.8,48.9,reading,grammar,IMPROVING
533,2,USER,26,2717,21,4,0,0,53.0,69.7,4,10,24,7,18,32,146,198,267,74.9,75.3,74.9,1.47,110,398,0,3,0.0,71.0,1,70.1,73.1,98.0,58.0,65.1,72.5,reading,writing,STABLE
534,11,USER,48,1108,0,8,0,0,44.0,64.3,1,3,4,2,3,5,15,27,44,65.0,60.3,64.1,1.54,6,14,0,0,0.0,0.0,0,53.4,75.2,69.8,56.1,51.8,69.1,speaking,vocabulary,STABLE
535,10,USER,325,1434,7,3,0,0,69.2,71.4,2,8,12,11,14,20,27,59,104,53.3,60.5,68.0,1.83,63,186,0,2,0.0,58.3,4,61.1,54.4,61.6,77.9,63.1,73.3,writing,speaking,DECLINING
536,12,USER,382,2178,16,5,0,0,86.7,80.9,5,7,13,4,8,21,38,75,164,72.1,66.4,64.9,1.64,62,221,0,1,0.0,84.3,1,63.5,70.4,61.6,61.1,62.4,78.3,grammar,writing,IMPROVING
537,2,ADMIN,417,1937,4,3,0,0,61.8,97.1,2,6,13,6,16,21,47,96,161,59.0,62.3,63.1,1.59,103,221,2,2,69.6,60.8,0,89.1,66.5,52.9,64.8,68.0,57.5,listening,reading,STABLE
538,6,USER,64,1897,10,7,0,0,55.7,66.7,1,8,17,9,16,29,59,74,180,52.2,60.0,55.7,1.66,71,278,0,2,0.0,51.2,0,52.2,53.7,45.9,81.1,60.1,59.4,writing,reading,STABLE
539,3,USER,0,1855,8,1,0,0,85.4,90.4,3,7,11,6,10,20,59,105,150,70.0,67.5,65.4,1.59,41,205,1,3,76.5,66.5,0,79.3,62.5,50.3,71.1,70.3,63.7,listening,reading,STABLE
540,2,USER,350,2102,3,4,0,0,63.7,96.3,3,6,16,10,15,27,45,97,178,75.9,82.6,80.8,1.08,112,267,1,3,73.5,80.4,0,74.7,72.8,91.5,66.0,71.0,76.1,reading,writing,STABLE
541,4,USER,395,1174,0,3,0,0,41.1,34.4,2,4,6,3,6,11,22,51,88,58.1,54.9,58.6,2.04,60,153,1,0,71.4,0.0,0,43.9,45.3,63.5,68.1,65.0,68.6,grammar,listening,STABLE
542,1,USER,49,1852,0,1,0,0,59.2,64.0,3,7,8,5,7,14,24,63,101,52.3,53.7,55.1,1.66,19,97,0,1,0.0,55.4,2,76.0,57.8,52.4,33.8,57.0,53.2,listening,writing,STABLE
543,10,USER,410,3099,14,4,0,0,67.9,72.5,3,10,21,17,22,41,139,347,467,56.1,59.4,60.7,1.99,173,414,1,1,45.4,51.6,0,70.8,51.8,66.8,59.4,55.1,63.7,listening,speaking,STABLE
544,3,USER,185,1028,4,5,0,0,60.2,85.8,5,6,9,4,8,13,25,37,88,39.4,44.3,46.9,2.18,46,135,2,1,46.2,49.4,0,42.5,41.7,39.2,48.5,73.0,48.2,vocabulary,reading,DECLINING
545,6,USER,156,1790,11,8,304,1,44.0,35.5,2,6,12,6,8,16,39,61,117,51.4,57.5,48.6,1.95,58,122,3,3,74.8,54.1,1,41.0,57.1,50.8,60.7,51.1,41.6,writing,listening,STABLE
546,4,USER,673,1872,1,5,216,1,29.3,27.7,0,3,12,5,12,20,62,120,160,48.7,53.7,53.7,1.87,82,247,2,2,51.4,50.6,0,51.4,38.4,57.9,51.9,80.9,60.6,vocabulary,speaking,STABLE
547,3,USER,0,1271,0,4,0,0,50.0,46.8,0,0,1,0,1,1,0,0,0,71.3,72.2,71.5,1.54,0,0,0,0,0.0,0.0,0,61.4,81.6,66.5,45.7,86.2,68.4,vocabulary,writing,STABLE
548,10,USER,842,2198,21,3,95,1,76.4,89.1,2,9,22,10,21,35,32,82,228,58.4,58.5,55.8,1.42,63,342,2,3,41.6,44.5,4,56.3,47.9,46.7,38.4,77.3,51.1,vocabulary,writing,STABLE
549,10,USER,369,1714,9,0,0,0,52.1,55.6,2,9,12,6,15,21,55,71,122,60.1,65.6,66.7,1.65,92,200,1,3,55.4,66.1,0,72.4,67.1,59.1,55.5,81.6,64.0,vocabulary,writing,DECLINING
550,5,USER,9,777,0,7,0,0,50.2,63.9,1,1,3,2,3,4,16,24,34,45.3,43.7,44.7,2.24,5,24,0,0,0.0,0.0,1,61.7,43.9,49.3,37.8,55.6,34.5,listening,grammar,STABLE
551,11,USER,0,1830,22,6,95,1,36.2,15.6,4,7,13,5,10,15,27,75,103,63.4,74.1,68.5,1.69,50,191,1,1,65.5,82.6,0,65.3,82.6,55.6,56.4,55.1,64.1,speaking,vocabulary,STABLE
552,7,USER,19,1486,15,8,0,0,46.9,46.6,1,6,13,3,7,20,53,83,157,58.6,60.2,62.6,1.93,51,212,2,2,75.6,56.7,0,64.0,58.5,75.0,60.9,37.0,67.4,reading,vocabulary,DECLINING
553,12,USER,148,1762,17,4,0,0,84.9,99.9,1,9,16,8,16,27,43,86,162,62.6,63.3,62.6,1.58,63,265,0,1,0.0,66.2,4,61.3,61.8,71.6,80.3,70.7,39.7,writing,grammar,STABLE
554,11,USER,0,889,0,9,0,0,48.4,35.6,1,3,4,2,3,7,22,38,61,47.0,53.9,49.2,1.69,21,43,0,0,0.0,0.0,3,47.2,53.5,42.5,42.0,41.4,59.1,grammar,vocabulary,STABLE
555,11,USER,144,992,0,8,0,0,47.2,37.6,1,3,5,2,4,10,17,26,60,50.8,52.6,56.9,1.86,27,88,0,1,0.0,70.9,0,51.6,75.9,62.0,51.5,47.5,53.9,speaking,vocabulary,DECLINING
556,10,USER,185,1897,10,5,0,0,59.7,68.1,2,7,20,8,18,32,93,117,225,56.9,57.4,61.0,1.7,138,325,2,3,58.7,65.6,1,51.8,56.5,49.6,62.0,86.8,54.7,vocabulary,reading,STABLE
557,8,USER,605,2539,22,2,0,0,47.2,59.0,4,8,19,17,23,40,65,120,320,58.5,56.7,53.7,1.68,143,387,3,3,38.1,68.5,0,53.1,71.1,47.4,42.9,56.1,52.7,speaking,writing,IMPROVING
558,11,USER,339,2725,12,3,0,0,78.3,100.0,4,11,23,12,30,45,118,208,300,58.9,58.6,58.2,1.8,180,435,3,7,45.5,64.8,0,80.6,59.8,55.2,55.1,50.4,59.7,listening,vocabulary,STABLE
559,3,USER,234,2221,3,10,0,0,39.8,52.3,1,11,14,7,15,28,51,107,226,50.3,55.0,56.4,1.89,68,294,0,4,0.0,53.8,0,82.5,58.1,54.8,65.3,56.9,53.8,listening,grammar,DECLINING
560,7,USER,339,1818,3,3,0,0,65.6,54.8,2,10,14,7,14,21,35,54,134,65.4,61.0,59.5,2.06,68,193,2,1,49.1,55.3,0,62.5,55.5,54.3,50.7,64.8,66.3,grammar,writing,STABLE
561,5,USER,356,2783,20,6,69,1,78.8,72.7,5,10,19,14,31,42,132,203,293,69.2,70.8,72.2,1.7,115,490,2,1,73.7,59.1,3,68.3,51.7,71.6,63.8,65.8,85.1,grammar,speaking,STABLE
562,9,USER,210,1852,22,4,0,0,60.8,58.1,6,6,22,16,25,38,36,52,145,59.3,58.2,60.0,2.01,134,352,4,3,87.7,61.0,0,63.1,57.2,65.2,79.1,51.6,71.9,writing,vocabulary,STABLE
563,10,USER,0,1205,8,5,0,0,38.4,37.7,0,4,6,2,3,7,16,37,50,51.1,49.5,56.3,1.88,11,38,0,0,0.0,0.0,0,27.7,73.3,64.8,66.6,45.4,54.6,speaking,listening,STABLE
564,10,USER,531,3044,13,7,0,0,96.2,97.3,5,9,25,11,27,45,101,249,374,69.0,72.3,70.8,1.56,160,503,3,8,74.5,74.9,4,54.0,74.2,77.9,70.3,59.6,75.3,reading,listening,STABLE
565,3,USER,98,1611,10,5,0,0,59.8,84.3,2,7,12,9,12,18,16,36,101,46.4,50.2,51.6,2.1,35,137,0,1,0.0,38.3,4,59.1,46.3,65.8,66.5,59.8,47.0,writing,speaking,STABLE
566,11,USER,405,1579,9,4,0,0,63.3,100.0,4,8,13,9,11,18,36,61,119,62.0,60.9,60.2,1.75,37,182,0,3,0.0,69.1,0,77.0,60.9,61.4,53.0,71.7,54.7,listening,writing,STABLE
567,9,USER,533,2828,13,4,0,0,90.6,100.0,4,11,20,15,20,40,77,127,349,64.9,60.3,59.9,1.21,157,446,4,2,61.8,49.0,1,57.9,52.4,71.8,60.2,57.0,69.3,reading,speaking,IMPROVING
568,5,USER,304,1069,3,0,0,0,75.8,82.7,1,5,11,8,11,17,22,52,80,57.0,55.6,63.3,1.94,56,166,0,1,0.0,80.7,1,65.2,72.3,59.6,58.9,46.2,63.9,speaking,vocabulary,DECLINING
569,5,USER,170,911,5,11,0,0,41.9,53.3,3,5,7,3,4,9,12,25,45,67.6,63.8,62.6,1.72,22,72,1,0,74.5,0.0,1,67.1,64.1,59.4,64.5,69.0,55.9,vocabulary,grammar,STABLE
570,6,USER,402,2381,10,8,0,0,36.6,48.7,4,7,21,16,20,42,52,125,275,52.9,46.3,42.8,2.12,182,406,3,1,53.9,58.4,0,35.8,58.3,32.8,55.1,38.5,36.1,speaking,reading,IMPROVING
571,3,USER,537,2800,17,2,263,1,60.2,57.8,5,9,20,15,28,48,68,176,340,62.6,65.2,68.0,1.95,121,515,4,3,100.0,60.9,0,76.2,67.7,67.6,83.2,46.5,70.5,writing,vocabulary,STABLE
572,7,USER,639,1414,4,9,321,1,44.7,56.2,1,7,11,10,13,18,14,24,53,65.7,66.3,60.8,1.49,75,193,2,0,55.9,0.0,0,58.7,50.8,50.5,56.6,65.8,66.5,grammar,reading,STABLE
573,3,USER,355,1991,11,0,0,0,71.4,66.5,4,9,17,5,12,30,40,67,191,59.0,62.6,62.8,1.78,66,265,1,3,55.7,45.0,2,50.7,41.6,75.9,56.7,46.6,54.3,reading,speaking,STABLE
574,9,USER,96,1005,4,1,0,0,15.9,7.5,2,6,9,3,4,6,20,30,44,53.2,49.2,51.3,1.67,20,61,0,1,0.0,74.4,0,45.2,64.3,51.1,49.6,46.0,53.8,speaking,listening,STABLE
575,7,USER,454,1728,10,7,95,1,54.6,40.7,2,6,11,8,11,25,26,55,147,53.9,47.4,50.3,1.68,126,293,1,2,57.4,43.0,5,54.0,41.1,62.9,53.7,42.2,63.0,grammar,speaking,STABLE
576,12,USER,0,1329,7,13,86,1,40.7,62.0,2,3,7,2,4,9,25,38,69,49.4,50.0,49.6,1.62,22,89,0,0,0.0,0.0,0,55.1,42.2,51.0,60.6,52.3,31.1,writing,grammar,STABLE
577,11,USER,308,1955,16,0,0,0,67.2,57.8,6,9,19,9,15,35,56,127,260,70.8,73.3,70.7,1.56,91,374,2,1,76.7,58.8,1,59.1,52.8,71.3,73.9,89.6,75.1,vocabulary,speaking,STABLE
578,10,USER,142,1157,4,6,0,0,31.8,17.8,4,5,7,8,10,14,29,48,84,57.9,51.1,48.8,1.49,32,123,1,1,56.2,57.6,2,56.9,55.6,41.9,60.0,45.0,61.5,grammar,reading,IMPROVING
579,9,USER,127,1187,9,4,59,1,17.3,29.7,3,5,8,2,4,9,17,30,65,60.0,60.8,60.4,1.75,23,68,0,0,0.0,0.0,0,61.5,67.2,70.3,75.3,57.3,50.6,writing,grammar,STABLE
580,6,USER,0,1995,21,4,0,0,79.0,75.3,4,10,23,6,15,29,65,116,184,49.4,57.4,60.1,1.95,71,267,2,2,70.2,66.2,1,66.1,58.5,60.0,63.5,42.6,55.0,listening,vocabulary,DECLINING
581,3,USER,174,1192,10,4,0,0,66.3,77.3,6,6,8,2,4,6,29,37,61,71.9,70.3,65.2,1.31,21,79,0,0,0.0,0.0,0,58.7,85.6,53.6,78.1,73.7,63.9,speaking,reading,IMPROVING
582,2,USER,196,1031,1,6,0,0,44.0,49.6,2,6,10,3,6,16,34,47,116,46.6,45.7,49.0,2.08,39,147,0,0,0.0,0.0,0,56.9,44.7,22.1,46.6,47.7,46.5,listening,reading,STABLE
583,6,USER,225,2161,10,7,67,1,83.0,84.7,3,8,18,7,16,38,106,146,214,48.3,46.8,45.8,2.07,152,369,3,9,59.6,64.0,5,47.5,69.9,44.2,58.8,40.6,59.4,speaking,vocabulary,STABLE
584,9,USER,286,2103,9,0,0,0,77.0,79.4,4,11,20,10,16,33,85,180,241,46.5,54.5,52.3,1.75,118,310,3,4,45.1,53.1,0,42.7,50.2,61.1,41.9,52.5,62.5,grammar,writing,STABLE
585,9,USER,173,1516,0,4,0,0,44.7,43.4,3,5,8,3,5,11,19,32,78,56.7,60.1,68.1,1.86,28,92,0,0,0.0,0.0,1,67.5,73.8,67.6,65.1,46.6,67.2,speaking,vocabulary,DECLINING
586,7,USER,260,1662,7,5,0,0,77.1,99.3,2,10,16,5,12,21,54,73,116,52.6,47.5,51.3,2.3,30,158,0,2,0.0,40.1,1,58.4,44.4,48.6,22.5,55.1,45.1,listening,writing,STABLE
587,6,USER,377,2454,6,3,52,1,59.1,72.0,4,8,17,14,24,34,59,164,246,54.2,55.7,56.7,1.79,103,329,2,2,52.3,58.8,0,49.5,56.3,60.3,52.9,65.2,65.1,vocabulary,listening,STABLE
588,10,USER,693,3187,21,0,83,1,81.6,80.0,5,11,27,20,41,60,84,234,322,64.0,63.9,58.0,1.49,135,541,7,7,38.9,69.5,2,36.9,66.1,68.7,35.9,56.4,62.3,reading,writing,IMPROVING
589,10,USER,392,2737,19,2,0,0,72.8,99.9,4,9,22,23,30,43,57,154,236,46.9,47.9,49.1,2.3,147,389,4,4,59.3,65.0,0,58.1,57.6,35.7,49.7,56.1,49.5,listening,reading,STABLE
590,6,USER,501,2028,7,5,144,1,73.7,95.2,3,7,13,9,13,20,49,78,136,56.2,59.3,57.3,1.51,93,227,1,0,64.3,0.0,3,71.9,60.2,72.6,63.6,33.7,69.8,reading,vocabulary,STABLE
591,9,USER,772,3353,12,5,153,1,69.1,86.2,6,12,21,27,36,49,154,337,454,62.0,53.8,54.8,1.88,134,527,5,1,48.0,52.1,3,53.5,57.1,42.9,45.0,51.0,70.3,grammar,reading,IMPROVING
592,3,USER,288,1473,3,3,8,1,44.1,61.6,3,3,9,3,7,15,42,57,106,58.0,63.5,61.5,1.9,53,174,0,1,0.0,45.8,0,67.6,43.7,54.5,61.2,85.4,59.0,vocabulary,speaking,STABLE
593,5,USER,771,4252,17,6,266,1,78.8,71.9,6,13,26,18,28,56,229,338,532,70.6,68.8,64.1,1.65,276,641,4,5,61.9,59.2,0,65.8,63.6,61.9,63.9,71.4,59.4,vocabulary,grammar,IMPROVING
594,8,USER,576,2973,14,5,79,1,66.6,55.7,2,9,19,23,31,43,126,183,338,76.2,73.3,68.1,1.29,183,493,3,3,71.9,82.0,1,81.0,80.3,61.8,64.7,60.5,86.2,grammar,vocabulary,IMPROVING
595,7,USER,160,2870,12,8,0,0,96.7,100.0,4,10,20,12,22,35,102,206,314,73.2,63.8,61.2,1.33,161,379,3,1,75.1,98.2,2,69.8,73.9,66.0,65.0,57.7,48.7,speaking,grammar,IMPROVING
596,12,USER,513,2133,4,0,0,0,90.6,91.9,2,10,13,9,14,19,36,88,141,60.9,65.2,66.8,1.89,66,180,0,2,0.0,87.6,3,51.4,75.9,72.6,56.8,51.3,62.8,speaking,vocabulary,STABLE
597,9,USER,116,1324,12,11,0,0,72.2,74.8,2,6,10,3,6,12,17,43,59,49.6,51.6,56.1,1.69,44,138,0,0,0.0,0.0,1,39.6,64.6,52.8,55.9,57.4,59.3,speaking,listening,DECLINING
598,2,USER,252,1307,9,3,0,0,77.8,74.1,3,7,11,12,17,24,27,56,122,43.8,46.9,49.6,2.14,40,198,0,1,0.0,60.5,5,55.7,45.1,47.8,63.7,53.9,40.9,writing,grammar,STABLE
599,6,USER,618,2020,8,4,340,1,36.1,30.6,4,10,18,20,30,40,64,135,223,62.4,56.9,57.3,1.69,149,425,2,7,60.8,60.2,0,49.8,59.6,71.6,48.6,60.3,49.6,reading,writing,IMPROVING
600,4,USER,216,1585,8,2,357,1,53.2,60.7,4,7,10,4,10,19,36,58,120,53.1,51.5,55.6,1.67,72,197,1,2,69.9,75.0,2,43.3,65.6,48.2,68.1,80.2,71.2,vocabulary,listening,STABLE
601,11,USER,449,2154,20,4,0,0,81.4,96.4,3,8,21,8,12,33,68,157,262,58.9,58.2,56.2,1.88,73,345,0,1,0.0,68.8,0,48.7,64.1,48.6,71.6,63.2,61.9,writing,reading,STABLE
602,8,USER,251,1990,4,1,0,0,8.8,12.7,3,4,10,6,8,15,18,41,107,57.0,55.0,55.8,2.08,42,166,3,0,33.7,0.0,1,43.2,65.9,68.2,38.5,62.0,47.7,reading,writing,STABLE
603,3,USER,274,2682,23,2,108,1,97.4,100.0,5,12,22,6,14,34,67,135,256,65.1,65.5,62.6,1.28,89,381,3,1,67.1,76.0,0,65.6,67.1,72.1,67.9,60.0,45.9,reading,grammar,STABLE
604,5,USER,614,628,8,5,275,1,45.9,51.7,2,2,4,2,2,4,7,14,27,45.9,46.6,49.9,2.25,15,43,0,0,0.0,0.0,2,57.7,48.3,43.3,34.7,51.7,48.0,listening,writing,STABLE
605,2,USER,305,1874,17,4,0,0,23.2,11.9,4,10,16,8,19,33,53,85,240,51.5,52.2,51.7,1.85,128,274,4,3,58.1,73.1,1,60.4,72.7,36.4,56.5,65.2,59.0,speaking,reading,STABLE
606,3,USER,491,3179,17,3,7,1,69.2,74.0,5,10,25,11,23,55,95,199,370,64.7,69.7,66.2,1.46,139,619,6,4,75.4,63.9,0,78.4,61.6,72.0,60.7,74.4,48.1,listening,grammar,STABLE
607,4,USER,12,1313,6,3,0,0,42.0,23.6,3,3,8,4,6,12,18,44,71,68.0,64.7,63.5,1.62,27,83,0,1,0.0,68.2,0,52.4,73.7,63.6,73.0,62.5,43.0,speaking,grammar,STABLE
608,2,USER,545,2471,2,3,0,0,68.3,79.8,5,11,17,11,15,30,56,93,252,63.2,56.7,54.1,1.58,88,296,4,3,66.6,77.6,1,69.6,69.6,59.2,57.7,57.7,43.2,listening,grammar,IMPROVING
609,5,USER,354,2331,10,5,0,0,51.7,68.5,2,10,21,12,16,38,82,117,235,58.0,54.2,63.5,1.45,152,362,3,4,73.2,69.0,2,62.9,67.4,41.3,62.4,79.9,53.4,vocabulary,reading,STABLE
610,5,USER,418,1718,16,0,133,1,57.4,95.2,5,9,18,12,16,31,34,71,138,58.5,59.7,56.7,1.8,96,303,1,3,83.3,72.9,0,58.1,74.9,56.5,81.3,47.7,72.9,writing,vocabulary,STABLE
611,3,USER,83,1398,3,8,0,0,52.2,80.6,1,4,8,5,6,11,16,24,67,63.6,61.9,61.3,1.77,40,106,0,0,0.0,0.0,0,55.3,55.8,52.5,52.4,57.8,89.1,grammar,writing,STABLE
612,10,USER,217,918,0,6,0,0,48.9,52.7,3,4,5,1,2,5,9,24,40,61.2,59.4,57.2,1.68,11,52,1,0,53.8,0.0,2,55.6,61.2,45.1,53.5,60.0,67.3,grammar,reading,STABLE
613,5,USER,242,1402,4,3,0,0,60.1,65.4,4,8,13,6,15,21,19,38,99,60.8,62.3,59.3,2.04,84,197,3,1,43.3,57.1,0,69.2,62.6,57.0,47.5,56.3,60.9,listening,writing,STABLE
614,3,USER,35,867,4,27,0,0,17.9,10.9,0,0,0,0,0,0,2,3,6,28.5,34.3,38.5,2.64,12,26,0,0,0.0,0.0,1,34.6,36.9,14.1,43.1,58.7,39.1,vocabulary,reading,DECLINING
615,2,USER,7,1374,8,8,0,0,36.4,43.0,3,5,9,3,4,9,32,42,58,60.4,63.3,63.5,1.64,43,91,0,1,0.0,94.5,0,57.4,79.7,50.6,52.8,62.2,79.9,grammar,reading,STABLE
616,8,USER,461,2562,9,7,0,0,62.9,64.0,3,7,15,11,17,31,54,88,222,64.4,71.4,65.4,1.58,121,301,2,4,72.7,63.2,0,68.7,56.4,68.1,62.6,67.6,70.5,grammar,speaking,STABLE
617,8,USER,305,2576,5,6,0,0,77.8,70.1,3,11,17,19,25,40,91,188,264,57.4,58.2,62.0,1.84,159,369,5,3,36.4,55.9,0,61.0,60.2,75.7,39.1,59.6,57.9,reading,writing,STABLE
618,8,USER,138,2949,8,7,0,0,98.4,100.0,1,12,19,15,20,27,94,159,258,75.5,78.2,78.1,1.19,84,290,6,2,91.9,69.7,0,85.6,72.4,78.1,90.1,73.2,86.3,writing,speaking,STABLE
619,2,USER,159,1943,16,2,0,0,73.6,71.2,4,7,11,3,8,18,25,61,143,73.4,77.3,81.2,1.54,43,216,0,0,0.0,0.0,3,84.6,84.7,82.9,63.4,69.8,57.6,speaking,grammar,DECLINING
620,6,USER,422,2418,7,4,0,0,79.5,61.4,2,4,15,9,24,34,83,109,274,53.6,52.1,53.8,1.84,117,338,1,1,84.0,62.0,0,61.6,63.5,66.1,77.6,64.5,41.6,writing,grammar,STABLE
621,5,USER,19,1527,3,3,0,0,70.4,61.0,3,9,14,2,6,15,50,65,93,65.9,60.8,62.1,1.73,46,150,1,0,44.6,0.0,1,50.6,56.6,59.6,33.1,69.1,75.0,grammar,writing,STABLE
622,10,USER,352,1493,7,11,0,0,45.9,43.4,2,8,14,7,18,24,23,49,134,50.9,50.2,55.9,1.31,55,235,1,1,49.9,41.2,0,46.7,40.4,58.6,57.0,57.4,82.1,grammar,speaking,DECLINING
623,7,USER,259,2251,5,9,0,0,47.4,25.6,3,5,13,6,11,29,69,122,218,54.0,61.8,58.7,1.84,116,287,0,0,0.0,0.0,0,78.9,58.1,68.8,40.8,63.6,57.1,listening,writing,DECLINING
624,9,USER,142,1329,10,9,0,0,54.6,65.8,2,3,8,4,6,9,23,32,69,77.4,72.6,74.1,1.62,48,121,1,0,46.7,0.0,0,68.4,55.0,57.0,47.8,72.1,94.8,grammar,writing,STABLE
625,11,USER,705,3144,15,5,0,0,64.4,89.6,4,12,21,10,24,43,138,248,414,56.8,58.7,57.1,1.93,99,442,1,2,51.2,58.7,1,60.3,51.2,65.8,54.0,42.2,56.6,reading,vocabulary,STABLE
626,2,USER,424,2236,23,7,117,1,73.3,75.8,6,11,21,14,20,41,37,82,231,67.6,64.6,66.1,1.27,120,466,3,3,66.1,65.1,2,87.0,60.1,75.0,76.3,61.1,64.0,listening,speaking,STABLE
627,11,USER,315,1701,5,0,238,1,58.7,89.4,6,8,10,8,11,15,23,58,97,72.5,64.1,62.3,1.54,73,166,1,0,66.8,0.0,0,52.5,65.8,42.1,57.4,62.2,66.9,grammar,reading,IMPROVING
628,11,USER,210,1676,1,9,0,0,48.4,53.8,3,3,7,4,5,9,17,38,60,57.2,57.8,60.2,1.52,22,102,1,0,53.8,0.0,3,67.5,59.9,78.5,53.5,58.8,54.4,reading,writing,STABLE
629,7,USER,0,2681,12,4,0,0,63.3,74.2,3,10,25,5,14,39,108,171,323,58.9,56.8,55.9,1.86,108,404,4,2,29.3,40.7,1,71.7,41.6,53.4,31.8,65.9,47.8,listening,writing,STABLE
630,10,USER,300,2051,15,1,0,0,82.2,92.8,1,9,12,6,10,20,76,97,172,53.1,54.4,53.6,1.65,76,186,1,1,65.3,24.0,1,67.6,40.5,46.5,60.6,50.5,64.4,listening,speaking,STABLE
631,1,USER,488,1795,13,3,276,1,58.9,94.2,2,10,21,11,23,31,54,75,167,32.8,38.1,41.2,1.98,89,307,3,1,55.4,41.3,0,30.9,47.1,28.2,46.6,65.5,60.9,vocabulary,reading,DECLINING
632,12,USER,290,1442,6,5,173,1,47.0,49.7,3,4,7,5,11,15,37,56,123,64.1,61.4,62.6,1.66,38,163,0,0,0.0,0.0,0,69.0,29.4,48.8,62.2,61.7,69.3,grammar,speaking,STABLE
633,10,USER,799,2343,17,0,307,1,46.6,41.5,5,7,23,13,21,32,48,95,214,63.2,66.6,70.0,1.99,159,337,2,5,81.0,45.3,1,69.6,40.5,65.8,84.9,64.9,59.8,writing,speaking,DECLINING
634,12,USER,649,1852,12,3,109,1,52.3,43.6,4,8,12,4,8,22,40,59,166,62.7,63.3,63.8,1.63,45,241,3,0,73.7,0.0,1,45.9,60.3,68.5,66.4,55.3,84.4,grammar,listening,STABLE
635,11,USER,591,3258,17,0,0,0,80.5,100.0,5,8,24,17,31,47,111,218,399,71.6,73.0,70.9,1.74,207,498,1,4,78.1,75.3,0,67.2,73.6,79.9,69.1,53.4,57.1,reading,vocabulary,STABLE
636,8,USER,401,2031,21,7,0,0,67.1,75.9,3,9,18,7,10,27,48,114,200,59.6,61.5,61.3,1.75,49,244,4,3,62.5,72.1,0,86.7,54.9,59.0,58.2,59.8,69.9,listening,speaking,STABLE
637,6,USER,433,2143,20,4,0,0,79.9,68.3,6,8,18,15,21,31,43,108,208,52.8,54.4,56.3,1.76,81,316,2,6,48.3,50.8,0,68.0,34.0,72.7,46.1,48.6,45.6,reading,speaking,STABLE
638,4,USER,250,2479,12,7,0,0,57.4,55.7,3,9,17,11,23,35,72,149,223,65.8,64.9,61.6,1.57,116,320,1,2,77.7,59.7,2,52.6,67.0,83.3,69.1,61.0,38.0,reading,grammar,STABLE
639,6,USER,332,3172,10,0,0,0,73.1,69.5,4,13,21,21,29,40,88,146,319,80.1,76.8,72.7,1.73,118,422,4,1,62.0,77.4,1,69.5,80.6,49.9,58.9,88.3,67.7,vocabulary,reading,IMPROVING
640,7,USER,118,2558,13,4,0,0,62.9,91.3,3,10,23,19,24,46,94,214,324,52.7,54.6,54.4,1.49,139,455,6,3,52.1,64.8,0,53.3,61.7,45.0,52.1,59.6,57.9,speaking,reading,STABLE
641,3,USER,587,2003,0,2,292,1,55.4,53.0,3,8,16,6,9,23,44,77,195,55.8,54.9,52.6,1.91,64,250,2,0,70.8,0.0,0,73.4,49.7,49.2,73.4,55.2,41.2,listening,grammar,STABLE
642,5,USER,0,2672,13,4,0,0,71.7,74.8,6,8,15,11,20,29,76,156,210,77.3,79.3,75.0,1.59,79,338,3,2,60.8,70.9,5,39.1,67.0,68.8,65.6,97.2,62.2,vocabulary,listening,STABLE
643,9,USER,1015,1982,12,2,252,1,71.2,84.0,3,8,18,8,16,23,41,97,190,56.8,62.9,63.9,1.61,115,278,3,0,56.0,0.0,0,67.4,69.0,62.3,46.6,62.6,65.8,speaking,writing,DECLINING
644,11,USER,282,2346,13,7,0,0,19.2,3.6,3,10,17,10,16,30,41,79,184,51.3,53.5,50.6,1.87,78,272,1,1,56.4,54.8,0,58.4,48.8,51.0,53.7,34.8,54.4,listening,vocabulary,STABLE
645,9,USER,727,2317,12,0,267,1,95.5,97.2,4,10,20,22,30,49,75,130,200,67.5,61.7,62.6,1.6,190,468,4,5,74.2,89.9,2,59.9,75.6,52.1,62.6,67.2,53.0,speaking,reading,IMPROVING
646,6,USER,41,2020,12,7,0,0,61.4,56.3,4,8,15,10,18,29,17,43,115,59.1,60.1,63.7,1.94,107,289,1,2,49.9,66.6,2,72.7,60.8,75.2,59.9,59.7,60.3,reading,vocabulary,DECLINING
647,8,USER,0,1521,7,13,0,0,42.2,40.9,3,9,14,7,10,24,36,83,158,65.2,62.8,52.7,1.69,57,215,1,0,72.0,0.0,0,49.8,55.3,46.6,69.8,52.7,52.6,writing,reading,IMPROVING
648,3,USER,147,1813,20,3,0,0,39.2,50.0,3,11,15,2,7,19,38,55,129,65.2,60.3,55.7,1.96,68,203,0,1,0.0,29.2,0,46.3,28.3,48.9,58.5,48.1,65.3,grammar,speaking,IMPROVING
649,8,USER,252,1104,9,8,0,0,61.4,80.5,3,5,7,1,2,6,8,12,22,71.4,72.6,71.0,1.31,34,76,1,1,56.9,28.7,0,61.2,29.7,69.4,52.2,74.1,72.2,vocabulary,speaking,STABLE
650,12,USER,33,1716,2,8,0,0,81.4,75.1,1,3,5,2,4,9,16,29,78,57.1,61.8,65.9,1.53,19,94,0,0,0.0,0.0,0,80.3,70.0,72.3,93.8,69.1,46.4,writing,grammar,DECLINING
651,5,USER,421,2819,19,1,0,0,74.5,83.3,3,10,21,18,32,47,92,135,344,60.2,66.9,64.2,1.4,135,486,3,3,67.0,67.2,0,72.0,60.7,58.7,70.4,62.4,43.1,listening,grammar,STABLE
652,8,USER,453,2108,15,2,112,1,74.0,67.1,4,8,14,6,11,24,66,85,127,40.0,42.5,45.1,2.31,113,246,3,3,51.6,61.2,0,69.5,51.8,39.7,44.5,65.7,49.5,listening,reading,STABLE
653,6,USER,392,2039,15,3,0,0,77.9,99.3,5,9,19,8,19,29,62,111,260,76.7,69.1,65.4,1.83,158,338,5,0,68.0,0.0,2,55.6,45.0,66.5,68.7,70.1,67.5,vocabulary,speaking,IMPROVING
654,4,USER,543,2893,14,6,0,0,42.0,53.3,3,11,21,14,19,43,87,114,314,76.0,69.2,67.7,1.44,147,442,2,3,59.2,69.7,4,71.0,77.7,56.1,51.8,76.0,55.6,speaking,writing,IMPROVING
655,12,USER,44,1881,3,0,0,0,40.1,19.2,4,11,20,8,13,29,41,99,162,67.3,68.8,61.4,1.75,128,308,5,2,67.9,59.1,1,57.1,60.1,62.9,71.3,54.6,57.4,writing,vocabulary,IMPROVING
656,10,USER,387,2139,16,6,0,0,22.7,21.6,5,11,13,6,10,22,32,57,162,76.1,69.7,60.3,1.61,73,250,0,2,0.0,29.0,1,50.8,24.7,66.5,63.7,65.0,45.8,reading,speaking,IMPROVING
657,1,USER,623,1507,5,8,238,1,39.2,20.8,2,4,9,4,7,15,40,57,79,52.8,46.9,49.7,1.65,63,149,1,1,39.7,63.8,3,49.5,52.0,43.9,34.3,71.4,51.0,vocabulary,writing,STABLE
658,8,USER,364,2190,11,4,0,0,51.2,69.5,6,8,16,15,19,33,74,195,278,42.7,42.1,47.4,2.3,133,367,3,2,43.3,56.3,0,45.6,52.3,53.9,44.0,43.1,44.1,reading,vocabulary,STABLE
659,3,USER,221,2089,12,6,0,0,44.8,72.4,3,9,18,16,21,32,112,160,255,73.9,72.1,73.2,1.56,91,330,6,3,82.5,60.7,5,68.1,56.4,68.0,83.4,75.0,92.3,grammar,speaking,STABLE
660,11,USER,738,3605,20,1,316,1,73.5,58.9,5,8,22,11,22,49,167,215,393,62.5,64.7,65.2,1.35,212,536,4,3,43.8,83.6,0,63.3,73.3,56.8,47.7,79.1,73.5,vocabulary,writing,STABLE
661,8,USER,443,1059,7,7,0,0,64.2,62.6,0,4,7,3,5,10,28,43,60,47.2,50.0,51.6,2.0,39,111,2,2,38.8,52.5,0,51.2,48.7,60.1,37.2,46.6,67.4,grammar,writing,DECLINING
662,2,USER,600,3249,17,0,0,0,80.0,95.0,5,12,23,14,30,49,111,178,322,86.3,85.2,85.7,1.5,228,531,1,2,61.5,83.2,1,80.1,74.9,79.9,64.2,98.0,55.5,vocabulary,grammar,STABLE
663,5,USER,898,3034,19,0,359,1,69.0,78.8,5,10,20,11,19,41,119,165,342,70.1,72.2,65.4,1.8,181,432,2,3,78.4,68.1,0,65.3,60.4,58.9,69.9,56.2,76.2,grammar,vocabulary,IMPROVING
664,4,USER,80,1592,19,1,0,0,88.7,75.7,6,8,11,6,10,19,30,39,91,67.2,65.7,65.0,1.24,42,199,3,1,77.3,69.9,0,66.9,69.3,66.1,68.5,53.9,72.3,grammar,vocabulary,STABLE
665,10,USER,273,1374,5,9,0,0,42.0,52.0,3,3,6,2,4,9,10,19,53,65.1,65.0,68.4,1.44,35,90,0,0,0.0,0.0,0,60.7,68.4,59.5,77.5,66.3,32.3,writing,grammar,STABLE
666,1,USER,15,1681,18,4,0,0,55.5,62.5,3,10,16,6,8,21,48,67,187,61.5,60.2,55.3,2.08,50,239,1,0,61.0,0.0,0,71.6,54.9,46.5,55.6,54.8,51.9,listening,reading,IMPROVING
667,2,USER,308,2014,8,7,0,0,40.4,35.8,2,6,19,16,22,31,99,168,242,43.9,49.6,49.2,2.33,94,324,4,1,87.6,50.9,0,47.6,46.6,50.9,77.1,56.8,30.7,writing,grammar,DECLINING
668,6,USER,780,1402,9,6,63,1,100.0,100.0,3,8,15,6,12,29,35,61,148,41.2,42.0,44.1,2.19,114,268,5,3,42.2,65.6,0,37.5,69.1,41.3,36.6,54.6,44.8,speaking,writing,STABLE
669,3,USER,423,2496,19,0,0,0,64.5,81.8,4,11,24,21,29,40,84,147,256,51.8,50.0,50.3,1.99,189,409,3,4,43.7,52.4,0,67.8,59.3,58.3,36.3,55.1,81.1,grammar,writing,STABLE
670,4,USER,699,2639,19,4,334,1,83.6,98.5,2,9,23,16,22,40,54,132,295,42.7,46.5,51.8,1.82,112,420,3,4,70.9,49.0,1,69.7,55.0,40.4,63.1,59.4,52.9,listening,reading,DECLINING
671,6,USER,0,2344,19,5,0,0,69.9,59.2,5,11,19,13,19,26,78,157,210,58.6,65.6,63.5,2.03,93,278,2,0,81.8,0.0,0,63.6,56.6,46.9,78.1,53.3,67.6,writing,reading,STABLE
672,7,USER,317,2365,10,3,0,0,71.4,77.9,4,12,21,19,26,37,61,108,195,65.2,68.6,64.6,1.59,87,325,6,4,76.3,64.0,4,66.8,63.2,59.4,72.2,59.7,89.3,grammar,reading,STABLE
673,2,USER,370,1398,9,9,8,1,69.3,68.7,2,4,12,3,7,17,43,66,108,53.5,58.3,56.0,1.77,40,200,0,2,0.0,75.1,3,44.6,63.9,37.0,56.8,68.2,44.8,vocabulary,reading,STABLE
674,9,ADMIN,70,1485,10,0,0,0,61.4,61.2,3,6,9,6,9,14,35,85,117,59.3,57.9,58.8,1.39,32,125,2,0,50.7,0.0,0,62.1,59.3,38.8,57.3,78.7,52.4,vocabulary,reading,STABLE
675,7,USER,453,1958,13,1,140,1,59.1,86.4,4,9,19,7,15,23,58,130,177,69.3,70.2,68.6,1.53,125,277,3,0,74.4,0.0,2,68.2,64.2,69.7,69.8,63.4,73.1,grammar,vocabulary,STABLE
676,10,USER,493,2934,13,0,0,0,49.2,51.4,4,8,21,11,22,45,93,207,287,82.1,77.1,74.7,1.15,127,455,7,2,86.0,78.6,0,73.9,73.9,54.5,78.9,79.5,64.7,vocabulary,reading,IMPROVING
677,4,USER,777,3013,19,8,208,1,93.5,100.0,4,11,24,19,30,50,210,267,357,73.1,67.2,69.1,1.33,244,538,2,7,48.5,73.5,0,62.6,67.2,59.6,57.2,75.8,73.4,vocabulary,writing,IMPROVING
678,6,USER,325,1315,6,7,10,1,66.0,72.0,4,6,11,3,7,14,24,40,87,65.8,63.0,59.5,1.82,55,144,0,0,0.0,0.0,0,73.7,58.1,61.2,51.0,65.5,40.6,listening,grammar,IMPROVING
679,7,USER,311,2427,18,3,0,0,63.4,74.0,3,11,19,5,13,31,148,198,304,67.6,65.4,63.4,1.53,62,323,4,1,74.1,73.0,1,64.2,65.3,41.3,74.0,63.7,57.3,writing,reading,STABLE
680,6,USER,214,2856,15,2,0,0,100.0,100.0,3,12,23,8,19,37,77,160,263,51.6,54.3,58.3,1.5,126,366,4,3,46.7,80.1,3,36.9,83.1,62.5,61.0,60.3,66.8,speaking,listening,DECLINING
681,10,USER,530,1749,10,1,0,0,61.1,59.2,3,9,18,12,20,28,100,138,193,72.1,72.5,73.6,1.74,85,298,2,3,75.1,61.2,1,69.5,61.1,59.5,75.5,85.5,67.1,vocabulary,reading,STABLE
682,4,USER,498,1386,8,0,189,1,15.0,3.6,3,4,7,6,9,14,23,39,103,60.0,60.8,64.6,1.87,73,156,0,0,0.0,0.0,2,58.8,46.4,57.1,68.7,57.8,48.4,writing,speaking,STABLE
683,9,ADMIN,222,2016,18,1,0,0,76.0,74.1,6,12,17,5,11,26,34,87,222,45.6,46.7,44.5,1.89,73,259,3,2,76.5,50.7,0,57.7,48.7,42.3,71.0,48.6,40.1,writing,grammar,STABLE
684,10,USER,163,1630,2,9,109,1,59.2,61.7,3,5,8,3,6,18,63,84,113,52.1,48.1,50.5,1.91,34,168,1,1,58.6,81.3,3,51.7,70.1,34.5,53.7,55.0,39.7,speaking,reading,STABLE
685,12,USER,611,1463,1,9,0,0,51.0,44.4,2,4,7,5,7,15,51,70,113,47.8,50.1,54.1,1.89,60,162,1,1,52.1,62.4,0,60.5,69.2,48.7,51.7,51.7,26.6,speaking,grammar,DECLINING
686,10,USER,430,1005,5,3,0,0,47.7,36.8,3,4,8,5,6,10,27,53,79,41.8,39.7,41.8,2.12,36,88,0,0,0.0,0.0,0,46.3,35.5,34.9,49.4,30.9,50.6,grammar,vocabulary,STABLE
687,12,USER,0,776,0,4,0,0,25.8,41.5,0,0,1,1,1,1,6,12,32,33.7,39.2,42.5,1.99,0,0,0,0,0.0,0.0,0,56.3,45.6,61.6,44.5,29.2,52.8,reading,vocabulary,DECLINING
688,1,USER,660,1460,12,0,0,0,53.8,83.6,6,8,11,8,11,17,55,96,147,55.6,53.6,49.9,2.41,78,188,0,1,0.0,49.4,0,36.6,51.9,63.9,52.7,55.9,47.5,reading,listening,IMPROVING
689,11,USER,749,3084,16,5,0,0,76.4,84.2,3,11,21,18,24,46,52,128,277,65.6,68.6,69.1,1.54,164,469,2,6,65.6,76.2,0,62.5,66.7,55.6,62.5,68.7,76.2,grammar,reading,STABLE
690,1,ADMIN,128,1999,15,2,0,0,81.8,100.0,3,6,16,7,11,17,22,54,93,68.7,64.2,66.3,1.45,52,155,1,0,60.2,0.0,2,83.9,62.5,47.7,56.6,61.8,60.3,listening,reading,STABLE
691,7,USER,335,1171,9,5,0,0,63.8,66.5,2,6,9,2,5,12,34,43,73,59.3,51.2,52.2,1.42,53,120,0,1,0.0,55.3,0,47.8,57.4,47.5,59.0,51.6,57.6,writing,reading,IMPROVING
692,7,USER,0,1837,15,0,0,0,50.6,39.2,6,9,16,11,23,37,62,112,182,68.4,65.7,61.1,1.26,88,340,1,4,81.0,66.5,0,65.2,66.1,75.3,69.1,74.0,53.9,reading,grammar,IMPROVING
693,7,USER,629,1268,1,3,0,0,37.9,58.0,2,6,9,4,5,11,33,55,85,62.8,58.1,58.4,1.5,48,118,1,0,55.8,0.0,4,61.2,67.8,65.1,56.4,50.1,43.9,speaking,grammar,STABLE
694,12,USER,71,2179,11,0,0,0,78.5,61.8,5,11,21,8,13,32,70,97,232,64.1,60.1,55.6,1.74,63,325,1,3,69.8,71.0,0,49.4,60.0,58.9,71.3,48.2,65.3,writing,vocabulary,IMPROVING
695,4,USER,438,1886,12,5,0,0,59.3,66.0,2,4,12,10,16,26,46,69,196,58.6,55.5,60.0,1.71,88,250,2,2,75.1,61.2,0,60.2,65.2,61.7,78.2,62.6,49.5,writing,grammar,STABLE
696,10,USER,1133,3869,20,7,313,1,100.0,82.2,6,11,24,8,20,57,83,175,426,68.5,70.0,71.6,1.29,172,660,5,9,73.0,60.9,0,67.2,67.0,79.5,78.4,77.9,64.0,reading,grammar,STABLE
697,8,USER,304,3085,19,3,0,0,69.5,70.1,7,10,26,18,32,50,83,135,372,59.2,52.0,58.2,1.72,195,537,7,3,42.9,53.3,1,77.0,52.9,57.8,45.4,54.0,56.9,listening,writing,STABLE
698,4,USER,284,2038,17,2,0,0,66.1,69.4,6,12,19,6,12,19,39,83,134,79.9,72.5,68.5,1.16,64,213,3,0,64.6,0.0,0,60.2,75.9,61.4,69.6,62.5,84.2,grammar,listening,IMPROVING
699,2,USER,358,1604,2,3,0,0,48.3,54.1,4,8,14,4,8,22,58,120,175,39.7,44.1,44.0,1.92,66,203,6,2,51.4,47.8,0,43.7,38.8,23.1,46.3,59.5,47.1,vocabulary,reading,STABLE
700,7,USER,13,1969,11,7,0,0,58.1,61.9,4,8,13,8,11,24,57,124,230,58.2,51.5,48.7,2.03,51,258,1,1,42.9,60.5,0,45.8,62.8,40.0,44.3,27.0,37.4,speaking,vocabulary,IMPROVING
701,5,USER,545,1637,0,3,0,0,92.5,93.6,3,7,10,7,9,21,59,95,166,61.4,60.5,59.1,1.78,34,177,3,0,71.9,0.0,0,64.5,63.3,52.1,64.2,50.4,57.4,listening,vocabulary,STABLE
702,2,USER,534,2219,15,1,168,1,85.9,100.0,5,12,24,7,14,39,65,111,177,46.5,49.1,46.9,1.65,151,333,2,5,74.0,59.6,1,27.3,60.8,45.7,63.1,65.5,50.3,vocabulary,listening,STABLE
703,5,USER,0,1649,3,9,0,0,71.7,50.3,0,7,14,9,17,29,45,82,147,49.3,56.1,58.1,1.7,100,270,4,3,60.8,30.5,1,83.6,36.8,42.6,65.2,49.0,61.9,listening,speaking,DECLINING
704,9,USER,330,2601,3,3,0,0,94.9,93.2,1,11,15,10,20,35,107,205,310,53.1,56.7,59.1,1.89,80,374,8,3,52.5,74.7,0,67.1,72.9,74.6,47.6,51.8,55.6,reading,writing,DECLINING
705,1,USER,350,1945,12,4,0,0,59.6,61.9,2,11,18,7,14,28,42,63,167,36.3,50.4,58.7,2.24,108,275,2,2,42.3,69.3,3,70.7,58.1,62.5,47.4,56.1,55.5,listening,writing,DECLINING
706,8,USER,319,2276,10,0,0,0,51.5,63.6,3,9,18,6,14,30,69,111,180,61.0,63.0,67.4,1.81,95,295,5,1,85.6,68.9,0,69.3,63.9,70.9,85.2,65.0,58.6,writing,grammar,DECLINING
707,12,USER,136,2286,14,0,0,0,79.7,96.3,4,12,25,17,22,34,74,131,252,51.7,53.6,54.9,2.08,135,321,2,1,58.6,67.9,0,50.1,67.2,56.1,55.3,43.1,52.7,speaking,vocabulary,STABLE
708,11,USER,218,1302,8,0,0,0,59.0,72.7,4,8,12,4,10,15,16,42,94,40.9,42.5,47.2,1.53,55,136,0,2,0.0,34.0,0,47.2,31.7,52.9,59.9,35.1,60.2,grammar,speaking,DECLINING
709,1,USER,303,2331,8,2,0,0,51.9,63.5,2,11,15,7,19,32,64,130,239,54.2,59.1,55.4,1.77,127,313,1,2,56.0,52.7,1,59.7,49.3,63.5,60.3,48.1,51.7,reading,vocabulary,STABLE
710,3,USER,184,1593,17,5,0,0,43.4,66.1,3,9,11,7,13,22,26,64,162,53.1,51.6,47.2,1.44,89,228,2,1,50.4,41.7,3,67.2,43.6,41.5,57.9,46.7,45.0,listening,reading,STABLE
711,7,USER,810,2927,24,0,112,1,89.7,72.7,5,11,26,12,20,48,88,141,370,67.2,64.4,66.3,1.32,178,523,6,5,74.5,93.5,1,67.3,85.9,58.2,67.2,68.9,61.9,speaking,reading,STABLE
712,10,USER,647,1351,12,2,156,1,64.1,62.8,4,6,7,3,5,13,35,59,79,49.0,51.5,54.1,1.47,40,166,0,0,0.0,0.0,1,42.2,67.3,60.7,48.1,44.0,45.6,speaking,listening,STABLE
713,10,USER,335,1820,7,9,0,0,51.7,77.1,3,11,15,9,14,21,23,47,131,77.0,78.4,73.0,1.0,72,246,3,1,54.0,90.6,3,67.4,78.4,67.3,45.6,66.3,65.5,speaking,writing,STABLE
714,4,USER,0,1204,14,2,0,0,84.9,88.9,4,9,12,7,10,20,44,72,133,61.0,61.3,55.4,1.64,59,196,2,1,69.6,83.2,3,55.2,68.5,55.3,56.6,55.0,45.5,speaking,grammar,IMPROVING
715,7,USER,450,1059,11,0,195,1,67.9,68.6,3,7,8,3,5,10,37,46,68,62.1,64.7,59.6,2.28,37,101,1,2,60.8,87.3,0,65.2,77.5,41.9,52.1,57.3,49.3,speaking,reading,STABLE
716,12,USER,340,1289,5,9,0,0,37.5,44.0,2,2,3,1,2,4,10,17,32,52.3,48.8,48.3,1.52,12,39,0,0,0.0,0.0,0,44.4,55.6,45.3,40.4,61.5,45.6,vocabulary,writing,STABLE
717,10,USER,163,1884,3,4,0,0,62.1,58.5,4,6,19,6,14,29,78,132,210,59.0,56.5,54.7,1.64,61,315,5,1,72.3,37.0,1,53.5,42.3,75.3,62.2,44.8,58.0,reading,speaking,IMPROVING
718,10,USER,586,2625,22,1,13,1,63.3,70.7,3,11,22,5,15,36,26,72,196,72.8,70.0,64.9,1.71,83,389,4,2,65.4,59.6,0,61.3,53.8,56.4,62.2,69.6,72.0,grammar,speaking,IMPROVING
719,7,USER,340,2315,8,0,0,0,49.0,54.7,4,8,17,14,19,32,131,175,252,70.1,65.2,61.9,1.49,125,336,1,2,81.9,58.6,0,63.1,56.5,62.0,64.2,41.8,68.6,grammar,vocabulary,IMPROVING
720,6,USER,237,1296,5,9,0,0,45.2,60.2,3,7,10,2,5,11,42,60,89,55.3,56.6,57.3,1.65,36,102,1,1,78.6,50.5,0,48.4,45.9,73.5,67.6,68.0,55.5,reading,speaking,STABLE
721,8,USER,301,844,4,3,0,0,32.2,48.2,2,2,5,3,5,10,12,15,37,52.9,55.8,54.6,1.61,40,85,0,0,0.0,0.0,0,65.9,44.6,57.8,57.0,49.4,59.1,listening,speaking,STABLE
722,5,USER,0,1688,15,8,0,0,74.8,83.4,2,9,22,10,15,20,38,73,119,63.4,57.9,59.9,1.5,93,213,0,1,0.0,75.5,0,74.1,64.1,45.5,59.6,66.7,66.0,listening,reading,STABLE
723,9,USER,278,1383,11,11,0,0,41.5,54.6,2,3,6,4,6,8,16,24,41,72.2,70.4,72.5,1.51,36,98,0,0,0.0,0.0,4,68.2,76.7,55.8,68.2,66.5,69.0,speaking,reading,STABLE
724,5,USER,467,1936,12,6,195,1,61.0,54.1,4,6,12,7,11,16,36,85,124,71.7,67.2,65.8,1.54,69,155,2,0,58.1,0.0,0,69.8,55.8,52.4,72.2,53.3,41.7,writing,grammar,IMPROVING
725,12,USER,612,3277,20,0,0,0,72.7,73.2,5,10,28,19,24,57,177,240,369,66.0,61.8,55.6,1.7,162,534,1,4,65.4,72.7,3,63.7,69.0,62.4,64.5,44.7,65.5,speaking,vocabulary,IMPROVING
726,8,USER,203,1988,13,7,0,0,60.5,65.9,2,9,16,9,14,26,32,64,149,68.7,66.3,68.1,1.72,61,300,1,3,64.4,68.5,0,66.8,70.2,81.2,59.5,57.3,56.5,reading,grammar,STABLE
727,3,USER,959,3788,22,2,0,0,100.0,99.1,7,11,30,30,41,60,88,238,446,63.6,62.0,61.8,1.66,293,627,8,5,67.1,62.7,0,64.6,62.9,58.3,63.8,74.4,41.4,vocabulary,grammar,STABLE
728,11,USER,308,1877,13,2,0,0,91.9,90.2,6,9,18,14,18,28,48,100,208,81.9,84.0,83.3,1.2,93,303,3,3,72.7,77.8,1,98.0,73.6,74.5,74.5,66.3,86.6,listening,vocabulary,STABLE
729,10,USER,136,956,0,8,0,0,29.6,32.9,0,2,3,1,1,3,5,9,18,46.4,49.5,53.3,1.97,15,39,0,0,0.0,0.0,0,37.5,54.4,63.9,38.0,58.9,55.5,reading,listening,DECLINING
730,10,USER,273,2359,14,0,0,0,55.9,63.1,5,11,22,16,27,37,143,196,319,60.7,57.3,58.4,1.64,82,398,5,1,84.1,72.2,0,65.3,76.6,36.2,85.2,60.1,54.2,writing,reading,STABLE
731,12,USER,0,1515,11,4,0,0,40.9,37.6,1,3,12,5,13,19,40,84,120,58.1,57.3,61.9,2.05,58,237,0,1,0.0,65.0,0,68.5,59.9,57.0,54.9,62.7,74.7,grammar,writing,STABLE
732,9,USER,1,1003,0,7,0,0,79.1,62.0,0,1,2,1,2,3,3,7,12,51.8,61.1,60.2,2.19,9,27,0,0,0.0,0.0,4,60.6,59.1,62.4,73.5,63.8,48.4,writing,grammar,DECLINING
733,9,USER,665,971,0,82,0,0,40.3,56.3,0,0,0,0,0,0,0,0,0,35.2,36.7,38.3,1.99,6,29,0,0,0.0,0.0,0,49.1,39.1,33.0,44.9,27.9,51.7,grammar,vocabulary,STABLE
734,5,USER,428,1775,9,8,0,0,36.1,22.6,3,7,13,5,7,15,48,77,131,49.6,49.3,54.5,1.63,26,143,0,0,0.0,0.0,1,51.2,59.9,70.2,58.1,43.5,51.1,reading,vocabulary,DECLINING
735,1,USER,296,1885,6,5,0,0,76.7,75.7,4,10,13,7,14,23,27,60,160,58.1,57.1,58.2,1.73,95,206,5,0,67.8,0.0,3,71.6,68.7,67.9,66.7,41.7,63.3,listening,vocabulary,STABLE
736,7,USER,197,1994,10,8,0,0,65.6,79.1,4,10,16,9,18,29,65,85,172,61.2,65.7,66.1,1.76,93,297,5,1,71.4,73.5,2,69.8,70.6,61.4,73.0,46.0,86.2,grammar,vocabulary,DECLINING
737,3,USER,308,2007,13,4,0,0,48.3,58.2,6,8,18,10,17,29,62,92,229,68.0,61.8,62.4,1.67,136,305,2,2,82.0,68.2,0,73.5,61.9,44.3,76.3,66.6,57.0,writing,reading,IMPROVING
738,4,USER,553,2743,7,0,0,0,100.0,100.0,5,13,21,12,20,49,54,98,253,70.8,67.7,68.1,1.3,198,487,6,7,81.6,76.4,4,77.3,70.9,64.5,79.8,68.5,44.2,writing,grammar,STABLE
739,5,USER,486,3187,12,0,0,0,70.9,58.6,5,11,20,10,21,46,92,196,267,71.8,71.4,72.5,1.81,125,485,1,2,75.0,63.0,0,74.8,69.6,73.5,71.7,98.0,67.5,vocabulary,grammar,STABLE
740,11,USER,457,2711,21,4,0,0,47.9,56.2,5,9,22,20,27,43,81,132,296,48.5,52.8,51.9,1.94,178,425,8,0,45.1,0.0,3,60.3,40.3,53.5,36.7,67.7,62.1,vocabulary,writing,STABLE
741,6,USER,312,2129,21,7,0,0,60.4,61.7,5,8,17,8,16,31,59,117,241,63.5,52.7,48.0,1.57,123,321,3,4,31.1,60.9,0,59.6,61.4,55.7,30.3,50.9,60.7,speaking,writing,IMPROVING
742,11,USER,465,2631,16,5,186,1,65.4,54.8,5,9,17,8,16,34,37,85,205,81.1,77.7,76.1,1.29,136,396,1,3,64.0,64.6,0,80.7,68.1,64.3,59.1,72.4,97.3,grammar,writing,IMPROVING
743,4,USER,770,2530,13,10,0,0,82.1,69.4,4,8,18,16,26,36,84,126,216,57.0,60.7,65.7,1.75,153,358,1,3,85.8,42.3,1,67.3,46.7,55.7,83.8,56.4,68.9,writing,speaking,DECLINING
744,10,USER,250,1843,22,5,0,0,40.9,37.1,1,9,15,3,5,10,18,33,64,70.4,74.0,68.8,1.64,51,129,0,0,0.0,0.0,3,64.3,68.6,65.2,68.2,86.7,60.1,vocabulary,grammar,STABLE
745,1,USER,319,951,5,10,153,1,39.9,37.3,4,6,9,5,8,12,28,45,63,49.3,48.1,48.5,1.89,40,116,1,0,40.7,0.0,0,43.6,51.6,69.0,39.6,58.7,51.1,reading,writing,STABLE
746,11,USER,238,1635,10,5,0,0,62.5,56.1,4,7,11,4,8,15,35,84,127,70.8,62.5,62.2,1.52,57,159,1,0,72.0,0.0,0,39.9,63.5,56.5,76.3,56.7,65.7,writing,listening,IMPROVING
747,9,USER,369,2738,17,0,0,0,66.7,56.2,4,9,21,10,27,50,145,228,314,61.8,62.1,62.3,1.7,240,549,10,3,65.3,63.6,0,76.4,68.1,58.6,62.7,52.5,69.3,listening,vocabulary,STABLE
748,8,USER,139,1121,7,11,0,0,12.0,18.9,1,4,8,3,5,8,13,24,41,42.2,45.6,50.8,2.09,26,91,0,0,0.0,0.0,4,46.8,51.5,61.5,60.1,32.9,53.1,reading,vocabulary,DECLINING
749,6,USER,150,1569,13,4,50,1,53.9,56.9,0,6,11,3,4,7,12,24,38,68.3,70.4,66.0,1.25,19,72,0,0,0.0,0.0,0,59.6,49.5,77.5,37.0,52.1,58.4,reading,writing,STABLE
750,5,USER,184,1726,4,6,108,1,54.5,30.7,2,8,11,4,8,19,24,68,118,62.0,56.4,58.2,1.65,41,177,2,1,48.5,40.2,0,70.8,41.3,53.9,56.2,45.6,64.7,listening,speaking,STABLE
751,10,USER,505,2782,26,5,0,0,52.0,47.0,5,13,26,13,25,40,95,230,317,67.1,67.3,67.7,1.66,166,468,4,4,48.1,56.8,0,71.4,60.1,83.1,46.6,56.0,47.4,reading,writing,STABLE
752,4,USER,265,1150,11,3,0,0,62.9,40.5,2,3,3,1,2,3,10,13,18,60.5,55.9,62.5,1.78,8,25,1,0,56.0,0.0,1,52.8,74.1,57.6,59.7,65.2,54.4,speaking,listening,STABLE
753,12,USER,480,3770,8,4,0,0,63.9,74.7,3,10,28,13,29,58,128,292,454,47.1,42.3,47.8,1.81,215,541,5,11,69.1,50.6,0,40.0,48.6,55.9,64.9,53.9,24.6,writing,grammar,STABLE
754,8,USER,0,1787,22,0,0,0,75.7,81.6,3,9,20,8,12,22,27,54,148,54.9,56.9,64.1,1.8,85,202,0,4,0.0,59.7,1,67.5,67.0,68.4,67.6,67.8,56.4,reading,grammar,DECLINING
755,5,USER,384,3916,18,0,0,0,55.1,49.3,5,11,30,20,26,60,162,273,529,75.4,70.4,69.4,1.77,312,667,8,4,69.6,64.6,0,80.6,68.8,66.9,64.6,65.6,79.0,listening,writing,IMPROVING
756,6,USER,173,2661,17,2,0,0,50.5,58.0,5,7,18,17,25,42,51,114,266,69.2,60.2,53.6,1.43,76,399,4,4,43.5,47.4,0,62.8,54.1,49.3,42.3,38.4,37.6,listening,grammar,IMPROVING
757,6,USER,100,1865,8,4,0,0,48.9,36.7,2,6,15,7,10,17,92,115,171,60.3,62.4,62.1,2.0,40,173,1,2,39.8,75.8,2,60.2,70.7,52.3,47.9,62.4,63.8,speaking,writing,STABLE
758,12,USER,868,1805,18,4,258,1,72.3,82.9,4,9,12,4,7,12,13,28,72,71.1,70.3,72.0,1.37,54,135,1,0,71.1,0.0,0,65.2,78.4,73.0,78.9,81.8,74.6,vocabulary,listening,STABLE
759,8,USER,294,2120,15,2,0,0,64.5,73.2,5,12,18,8,20,35,71,140,193,60.9,59.3,55.5,1.67,88,295,4,5,51.7,54.5,0,64.4,59.1,32.1,54.6,67.9,48.4,vocabulary,reading,IMPROVING
760,11,USER,686,1702,13,10,274,1,56.2,55.7,4,7,11,8,10,20,92,135,183,41.2,37.7,41.4,1.98,67,204,3,1,49.8,43.6,2,31.0,39.2,54.3,46.1,29.8,36.6,reading,vocabulary,STABLE
761,2,USER,554,3626,14,1,0,0,75.2,95.0,1,10,21,18,31,51,138,203,430,58.2,64.6,65.8,1.83,234,534,6,7,64.7,73.6,2,72.2,69.9,62.6,59.5,65.3,56.1,listening,grammar,DECLINING
762,5,USER,763,2320,17,7,243,1,87.0,88.7,5,6,12,6,8,21,58,88,157,63.6,61.6,55.9,1.29,84,250,1,0,63.6,0.0,0,49.0,69.5,50.4,53.3,59.8,64.7,speaking,listening,IMPROVING
763,7,USER,11,2698,15,0,0,0,65.6,58.5,6,9,19,25,32,47,56,77,220,54.4,53.4,52.8,1.79,195,418,3,3,52.1,50.9,0,58.4,43.9,52.2,49.6,64.4,59.7,vocabulary,speaking,STABLE
764,9,USER,442,1678,15,3,0,0,29.4,48.5,5,7,11,7,10,21,47,84,154,65.9,61.1,57.2,1.54,45,217,2,1,55.4,62.0,0,52.7,56.4,65.5,59.4,26.9,58.1,reading,vocabulary,IMPROVING
765,11,USER,103,1424,7,7,0,0,69.4,67.1,2,8,13,4,5,13,52,78,120,61.9,56.8,57.6,1.85,49,156,1,0,55.5,0.0,0,43.2,65.3,62.6,54.0,51.5,57.3,speaking,listening,STABLE
766,4,USER,530,3406,31,4,0,0,67.3,95.3,6,14,23,32,42,60,136,245,462,69.7,66.5,62.8,1.68,224,605,2,6,78.7,50.2,0,81.1,49.2,58.7,66.5,62.8,42.1,listening,grammar,IMPROVING
767,8,USER,374,1419,0,2,0,0,51.8,39.2,2,4,7,4,7,10,23,61,85,42.1,41.5,46.0,2.28,26,122,1,0,53.1,0.0,3,53.6,45.9,37.5,56.1,45.0,53.7,writing,reading,STABLE
768,9,USER,0,1224,8,5,0,0,61.2,69.1,0,7,10,6,7,15,28,65,92,58.0,55.4,54.4,1.79,35,131,1,2,62.9,79.6,0,31.7,80.2,55.4,50.8,59.1,62.1,speaking,listening,STABLE
769,9,USER,0,1763,7,7,0,0,70.4,60.4,4,6,10,4,10,13,19,42,102,61.8,60.0,58.8,1.7,37,150,2,1,43.7,61.1,2,51.6,62.3,63.6,46.8,58.9,57.7,reading,writing,STABLE
770,9,USER,330,2077,9,4,0,0,79.0,93.3,4,8,21,5,13,28,63,110,208,76.7,74.8,73.5,1.49,66,296,3,1,65.3,67.1,2,75.5,67.1,77.7,61.4,74.0,69.2,reading,writing,STABLE
771,11,USER,268,971,0,3,0,0,40.9,38.8,3,5,9,2,3,7,7,14,23,53.5,58.0,56.4,1.9,6,15,2,0,57.1,0.0,4,48.9,43.6,72.3,55.5,54.9,52.7,reading,speaking,STABLE
772,8,USER,301,2463,10,0,0,0,60.7,78.5,5,10,17,12,21,36,38,90,235,58.6,63.8,61.9,1.81,156,373,4,6,63.3,48.0,5,58.6,46.3,90.1,63.7,70.6,57.3,reading,speaking,STABLE
773,11,USER,332,1140,9,6,129,1,48.8,61.2,5,10,15,4,5,7,18,27,36,58.6,54.6,55.8,1.97,13,44,0,0,0.0,0.0,0,46.5,57.3,68.2,75.1,44.3,56.9,writing,vocabulary,STABLE
774,3,USER,496,2306,3,3,0,0,44.2,57.1,2,10,16,4,11,30,100,128,216,61.7,55.9,60.5,1.53,134,324,2,3,39.6,51.8,0,72.4,48.0,43.2,44.7,51.0,59.9,listening,reading,STABLE
775,9,USER,717,1555,4,5,307,1,50.6,24.6,3,3,8,9,11,18,27,67,133,44.2,48.4,50.0,2.6,54,150,1,0,35.4,0.0,1,50.8,46.7,72.5,33.5,22.0,27.0,reading,vocabulary,STABLE
776,2,USER,303,1602,8,2,65,1,38.3,39.6,3,5,8,5,12,20,45,85,135,58.5,52.2,53.9,1.71,55,173,2,2,66.3,55.0,0,63.5,60.9,60.4,60.3,44.3,29.6,listening,grammar,STABLE
777,2,USER,67,2147,13,4,0,0,82.0,100.0,5,9,18,9,12,29,62,109,208,58.8,66.0,69.6,1.76,105,288,6,1,78.1,70.4,0,82.4,64.3,64.8,73.5,81.4,81.5,listening,speaking,DECLINING
778,4,USER,61,2029,13,7,0,0,39.0,47.0,3,10,15,8,12,23,40,79,142,67.4,68.2,63.1,1.35,88,237,2,3,70.3,66.9,0,58.0,64.6,60.1,70.9,62.4,73.3,grammar,listening,STABLE
779,7,USER,526,2812,19,0,0,0,89.2,100.0,4,14,22,18,23,42,101,145,285,66.0,63.8,67.6,1.63,183,406,2,2,79.4,33.2,0,70.7,38.3,69.7,63.4,67.1,70.7,listening,speaking,STABLE
780,10,USER,638,1933,9,7,203,1,60.1,73.2,3,6,13,5,8,23,41,70,162,55.4,57.9,58.8,1.83,59,251,1,0,46.2,0.0,1,67.1,48.0,57.3,52.7,59.1,74.0,grammar,speaking,STABLE
781,7,USER,336,1464,14,0,0,0,68.6,82.9,5,11,16,6,18,24,38,60,124,48.4,47.1,42.2,1.93,75,215,1,0,43.0,0.0,3,27.4,60.4,54.1,35.4,45.9,54.3,speaking,listening,IMPROVING
782,9,USER,136,1215,4,11,0,0,36.0,48.6,1,3,5,2,3,5,11,19,35,61.4,55.7,58.8,1.65,22,65,0,0,0.0,0.0,0,71.8,47.9,59.8,62.0,66.0,58.1,listening,speaking,STABLE
783,10,USER,343,2731,7,0,0,0,51.5,56.7,2,7,16,6,14,28,33,82,201,72.0,71.7,73.7,1.28,83,304,3,0,72.3,0.0,1,75.9,76.3,43.5,68.4,77.6,70.1,vocabulary,reading,STABLE
784,6,USER,506,1497,11,4,149,1,27.0,7.2,3,8,14,11,15,24,72,106,157,42.0,39.8,39.8,2.25,53,222,1,0,22.9,0.0,0,30.0,35.6,37.8,24.6,59.0,48.2,vocabulary,writing,STABLE
785,8,USER,137,2714,12,0,0,0,57.7,50.5,4,12,16,16,25,35,58,140,299,55.3,52.9,55.4,1.82,103,314,2,4,46.9,81.0,0,55.4,67.8,52.9,51.8,60.4,53.3,speaking,writing,STABLE
786,12,USER,977,2763,14,0,274,1,58.8,45.9,6,12,22,15,32,47,125,160,298,58.7,62.2,60.8,1.77,155,507,2,4,78.5,78.1,0,52.7,75.6,56.9,67.9,47.7,51.5,speaking,vocabulary,STABLE
787,3,USER,184,1650,11,6,0,0,56.0,74.4,1,2,5,3,5,8,13,33,68,66.4,65.7,69.2,1.06,8,21,0,1,0.0,51.3,1,87.6,55.7,60.5,67.6,65.8,67.5,listening,speaking,STABLE
788,12,USER,292,1653,16,5,0,0,79.5,98.9,4,13,20,12,16,23,43,75,144,64.1,61.3,60.0,1.97,89,243,0,4,0.0,57.0,0,81.9,51.2,71.4,57.5,58.8,66.1,listening,speaking,IMPROVING
789,3,USER,923,2293,18,1,257,1,84.1,82.7,6,13,26,20,36,55,58,135,236,67.5,64.7,60.8,1.8,156,537,6,3,74.8,71.8,0,53.3,67.2,58.1,70.5,56.5,63.8,writing,listening,IMPROVING
790,5,USER,159,2380,11,4,0,0,39.8,47.5,3,9,16,8,21,28,50,88,249,71.0,72.4,72.9,1.41,111,291,5,2,69.2,56.4,0,59.2,54.3,73.3,63.2,82.3,52.9,vocabulary,grammar,STABLE
791,9,USER,440,1669,8,3,0,0,32.7,18.1,2,11,16,6,8,21,13,37,82,70.4,65.5,67.0,1.54,58,189,4,2,72.8,74.4,0,52.4,67.9,67.5,79.9,72.4,59.6,writing,listening,STABLE
792,1,USER,281,887,9,4,0,0,32.3,35.5,3,4,6,3,4,8,20,32,70,38.9,37.0,35.9,1.78,37,82,0,0,0.0,0.0,0,28.7,37.7,45.5,57.8,40.9,23.1,writing,grammar,STABLE
793,7,USER,825,2175,8,1,336,1,76.1,75.6,2,12,25,9,24,43,72,91,189,56.1,57.8,57.2,1.8,201,446,3,3,56.7,73.1,2,47.0,60.2,58.1,48.3,63.6,60.1,vocabulary,listening,STABLE
794,11,USER,488,3688,12,2,0,0,58.7,73.7,4,12,24,10,20,48,128,259,403,63.0,62.5,64.4,1.39,164,495,8,5,91.3,65.1,0,48.5,61.3,53.8,81.1,72.3,63.4,writing,listening,STABLE
795,6,USER,0,2603,18,0,0,0,99.7,99.3,5,10,22,17,29,41,99,217,300,67.7,66.6,68.9,1.71,149,456,3,6,45.1,70.7,1,86.7,66.3,65.6,52.1,69.3,69.8,listening,writing,STABLE
796,6,USER,40,1636,11,7,0,0,63.3,52.9,5,7,10,6,9,19,47,84,153,46.3,46.0,49.9,1.95,69,183,1,1,54.0,72.9,0,47.4,70.7,47.6,49.0,46.9,43.0,speaking,grammar,STABLE
797,12,USER,612,1275,9,5,0,0,60.1,72.5,2,7,9,3,4,7,11,30,53,43.9,48.6,47.8,1.99,36,93,0,0,0.0,0.0,1,43.3,42.8,37.4,77.6,49.5,58.0,writing,reading,STABLE
798,7,USER,848,1411,18,8,331,1,72.1,100.0,5,10,14,5,8,14,25,46,97,51.1,52.0,55.2,1.81,63,182,0,0,0.0,0.0,0,48.4,59.5,74.9,46.7,75.6,68.5,vocabulary,writing,DECLINING
799,1,ADMIN,0,1237,6,0,0,0,73.8,74.9,2,3,5,2,4,8,15,21,51,60.0,64.2,65.0,1.97,36,79,2,1,68.1,73.6,0,67.3,72.0,63.3,67.2,65.1,60.0,speaking,grammar,STABLE
800,6,USER,787,2229,12,5,310,1,70.2,67.4,5,11,13,6,10,26,51,88,153,61.0,68.5,65.4,2.12,112,272,1,3,69.4,78.5,1,66.4,69.6,68.2,64.0,53.9,42.2,speaking,grammar,STABLE
801,3,USER,0,1081,6,2,0,0,23.7,20.7,0,2,4,2,4,6,11,16,38,55.0,59.5,63.4,1.91,16,60,0,0,0.0,0.0,5,82.9,53.0,35.2,58.1,50.5,46.5,listening,reading,DECLINING
802,3,USER,106,1471,14,2,0,0,46.2,57.9,1,7,18,3,8,19,29,75,165,54.4,56.5,53.8,1.63,82,208,0,2,0.0,57.9,2,55.4,61.2,52.4,64.4,40.5,52.7,writing,vocabulary,STABLE
803,10,USER,353,1891,2,1,0,0,79.6,90.9,2,7,13,6,14,21,40,54,137,63.7,63.6,64.9,1.89,79,168,0,1,0.0,62.4,0,62.4,56.0,83.9,57.6,59.3,64.2,reading,speaking,STABLE
804,5,USER,125,2650,14,4,0,0,94.4,94.6,4,12,24,10,15,41,103,193,260,55.6,53.8,55.7,1.79,116,408,2,5,61.8,56.3,1,66.8,55.3,38.4,64.0,56.9,50.7,listening,reading,STABLE
805,7,USER,95,1540,8,2,0,0,73.0,53.5,5,9,17,5,13,18,49,66,175,53.7,57.3,56.7,1.97,91,213,3,1,52.3,49.0,0,62.8,48.5,57.2,53.9,61.3,61.5,listening,speaking,STABLE
806,6,USER,480,3166,14,8,18,1,42.4,64.1,3,10,18,13,26,41,137,234,379,59.9,58.9,61.6,1.67,137,446,2,4,75.2,57.9,0,57.1,66.6,39.4,74.8,64.7,61.1,writing,reading,STABLE
807,12,USER,412,2122,14,6,10,1,78.1,75.0,3,12,16,9,15,29,30,58,149,69.2,76.4,81.9,1.33,132,333,1,0,100.0,0.0,0,84.1,68.6,85.4,98.0,82.0,60.6,writing,grammar,DECLINING
808,7,USER,169,1483,17,9,0,0,32.2,40.8,1,3,6,4,5,10,37,48,84,55.1,55.6,52.9,2.01,25,129,0,0,0.0,0.0,0,45.6,58.0,56.2,49.9,50.2,55.6,speaking,listening,STABLE
809,5,USER,0,1505,10,0,0,0,53.5,76.8,4,10,18,9,14,27,33,49,136,52.8,52.1,50.2,1.63,109,234,0,2,0.0,48.9,0,57.1,53.7,49.4,62.8,47.6,30.6,writing,grammar,STABLE
810,4,USER,367,1707,18,1,0,0,54.8,58.4,6,7,11,5,7,11,27,43,71,56.5,52.6,55.9,1.75,39,133,2,1,59.1,56.2,0,66.8,50.4,45.9,56.5,62.1,63.0,listening,reading,STABLE
811,2,USER,500,1680,9,3,0,0,61.0,91.4,5,7,11,5,7,12,22,48,71,63.3,66.3,61.8,1.69,24,101,0,0,0.0,0.0,0,85.1,58.0,79.9,67.9,62.3,47.1,listening,grammar,STABLE
812,10,USER,269,1177,5,2,0,0,36.7,38.2,2,4,9,1,2,4,6,14,25,66.8,68.2,65.5,1.83,28,82,0,2,0.0,55.7,0,53.8,48.3,55.8,51.6,58.0,73.8,grammar,speaking,STABLE
813,1,USER,0,1014,1,8,0,0,44.9,40.6,5,6,11,3,4,7,9,17,48,72.4,65.9,64.6,1.47,16,65,1,0,44.5,0.0,0,85.5,64.9,54.0,41.6,67.3,60.5,listening,writing,IMPROVING
814,1,USER,214,1425,10,6,0,0,60.1,36.0,1,7,12,4,10,18,46,71,101,54.8,56.7,58.7,1.97,57,151,1,2,57.9,67.8,0,63.2,61.8,69.2,57.6,51.3,61.6,reading,vocabulary,STABLE
815,8,USER,383,1965,17,0,49,1,98.4,90.2,3,13,23,19,24,32,63,93,211,60.5,60.1,56.7,1.36,82,309,4,5,49.3,31.2,0,51.5,40.0,54.8,54.2,77.8,75.8,vocabulary,speaking,STABLE
816,5,USER,277,1824,14,1,0,0,61.7,66.2,5,10,20,7,15,30,36,89,156,49.5,52.1,55.4,2.13,85,276,1,3,69.3,57.1,0,59.5,43.6,57.6,65.3,53.4,56.5,writing,speaking,STABLE
817,5,USER,275,1848,6,0,0,0,56.4,57.8,3,9,15,4,12,33,50,93,176,65.2,63.0,67.1,1.46,62,319,2,0,60.5,0.0,0,66.9,77.8,55.2,51.6,79.2,73.7,vocabulary,writing,STABLE
818,6,USER,997,1318,9,4,291,1,46.0,59.8,4,7,12,7,13,21,35,71,141,60.3,56.9,54.5,2.01,78,208,2,1,67.4,58.1,1,60.3,61.9,80.8,52.2,43.9,59.8,reading,vocabulary,IMPROVING
819,5,USER,189,2238,14,2,0,0,80.8,100.0,7,12,16,10,19,30,90,119,288,63.7,60.5,61.0,1.86,72,307,3,3,64.4,63.3,3,53.0,61.9,73.0,53.2,47.6,66.3,reading,vocabulary,STABLE
820,11,USER,404,1636,11,8,0,0,58.1,84.4,6,8,11,5,9,15,30,55,114,59.4,62.6,57.7,1.7,38,203,3,2,48.4,48.8,0,51.7,62.4,71.3,61.1,55.0,67.2,reading,listening,STABLE
821,5,USER,639,3153,24,1,227,1,93.3,100.0,5,12,24,15,23,58,101,207,305,64.3,64.3,62.9,1.74,294,619,2,1,45.6,85.3,0,48.0,80.2,62.5,49.0,60.2,62.7,speaking,listening,STABLE
822,11,USER,846,2341,20,1,255,1,64.2,61.5,5,12,20,8,14,31,59,155,212,56.3,55.9,53.0,1.58,76,323,1,3,75.0,65.9,0,42.3,50.3,58.0,67.6,37.8,59.1,writing,vocabulary,STABLE
823,6,USER,801,2173,23,0,185,1,92.5,100.0,5,12,23,7,17,31,69,124,217,70.4,67.2,61.4,1.11,100,326,3,3,72.9,84.9,3,68.2,88.3,60.1,72.0,56.9,54.3,speaking,grammar,IMPROVING
824,5,USER,397,2307,19,2,0,0,50.4,43.7,5,12,18,5,15,29,85,117,220,50.2,49.4,43.0,1.78,107,273,3,3,31.9,44.6,4,49.9,37.3,40.5,34.4,56.0,49.2,vocabulary,writing,IMPROVING
825,3,USER,669,895,10,7,333,1,55.2,58.9,4,4,7,5,10,13,43,66,91,34.1,36.1,38.3,2.35,44,103,0,1,0.0,66.3,0,54.5,58.2,39.8,46.5,34.8,34.6,speaking,grammar,DECLINING
826,8,USER,0,1829,7,9,0,0,56.6,47.7,3,4,6,2,5,11,25,69,96,83.1,78.5,76.8,1.24,24,129,0,2,0.0,85.6,1,90.0,76.5,79.4,73.9,74.8,64.8,listening,grammar,IMPROVING
827,6,USER,43,1964,15,0,0,0,82.1,75.8,3,7,10,5,9,21,63,106,150,51.1,51.0,50.8,1.98,81,181,3,0,49.7,0.0,0,54.6,74.5,54.1,47.1,46.9,41.9,speaking,grammar,STABLE
828,6,USER,429,2890,19,0,0,0,66.5,59.3,7,12,16,8,14,39,65,155,237,68.0,66.5,61.7,1.55,107,371,3,3,38.4,74.7,2,55.8,70.4,37.4,46.4,60.9,66.3,speaking,reading,IMPROVING
829,6,USER,748,1736,16,8,311,1,55.1,74.3,3,7,13,8,12,21,29,68,124,57.3,58.7,58.8,1.82,68,227,1,1,63.9,42.7,3,73.1,43.1,61.5,63.5,55.6,60.9,listening,speaking,STABLE
830,5,USER,661,1899,5,0,144,1,70.3,94.6,6,8,12,7,10,21,66,89,138,66.4,68.2,67.5,1.4,82,217,5,0,73.5,0.0,0,76.7,54.4,70.5,70.7,64.5,63.2,listening,speaking,STABLE
831,8,USER,413,3063,16,0,0,0,49.9,55.6,4,8,23,14,30,51,93,247,343,55.9,58.1,55.5,2.02,234,503,5,2,49.0,44.1,0,58.2,42.7,58.1,52.0,61.9,60.1,vocabulary,speaking,STABLE
832,8,USER,398,2894,15,0,0,0,55.6,84.6,6,12,24,11,28,53,70,113,296,55.8,53.4,50.9,2.3,232,484,2,5,65.3,43.2,4,61.5,38.8,43.5,52.2,37.0,63.8,grammar,vocabulary,IMPROVING
833,7,USER,418,3035,17,4,0,0,93.3,96.6,4,11,22,12,27,43,67,149,292,64.9,72.7,73.2,1.19,123,506,1,8,79.8,76.3,0,61.2,78.3,80.4,75.7,62.4,68.2,reading,listening,DECLINING
834,6,USER,286,3162,15,1,0,0,73.1,67.8,5,9,22,14,26,52,134,177,346,44.6,44.1,45.0,1.99,201,481,5,6,58.2,46.5,0,44.3,55.8,63.9,55.7,35.6,40.3,reading,vocabulary,STABLE
835,5,USER,292,1559,4,4,0,0,34.7,28.2,3,4,8,4,6,11,24,55,81,52.3,61.7,60.1,1.54,57,144,1,1,67.6,47.6,0,52.2,50.9,53.3,61.5,51.6,76.6,grammar,speaking,DECLINING
836,7,USER,285,1391,4,3,0,0,74.6,82.8,3,4,6,2,5,9,12,24,40,64.8,67.8,68.1,1.53,20,95,2,0,83.0,0.0,0,72.5,63.0,66.8,73.2,66.4,62.9,writing,grammar,STABLE
837,6,USER,717,2536,14,4,102,1,70.1,73.9,4,11,18,7,19,37,108,193,274,58.4,60.3,60.6,1.63,87,419,6,5,76.7,55.0,3,65.6,64.2,55.1,73.8,56.8,80.3,grammar,reading,STABLE
838,12,USER,498,1724,2,8,0,0,69.6,74.0,2,9,16,6,9,25,59,95,182,51.3,50.2,51.5,1.66,48,236,2,4,58.7,48.4,3,54.4,47.6,62.1,54.3,49.3,51.9,reading,speaking,STABLE
839,3,USER,148,1363,7,1,0,0,66.7,58.8,3,6,17,7,11,17,27,75,104,49.4,46.9,47.6,1.71,58,158,1,0,83.1,0.0,1,51.8,45.9,43.2,77.6,34.3,51.0,writing,vocabulary,STABLE
840,10,USER,908,1969,17,2,340,1,57.7,42.8,5,10,21,5,14,24,64,118,195,69.1,63.8,67.6,1.65,98,268,1,0,66.2,0.0,0,50.3,85.7,76.4,69.0,71.0,68.6,speaking,listening,STABLE
841,3,USER,381,1456,20,2,0,0,69.4,77.1,5,9,17,6,8,22,31,65,136,64.7,56.5,50.9,2.08,60,217,4,1,51.5,33.8,0,45.5,36.7,54.1,50.7,51.7,72.7,grammar,speaking,IMPROVING
842,6,USER,323,2309,9,4,0,0,79.6,70.5,5,10,20,7,16,29,36,81,187,65.4,68.6,64.4,1.49,82,287,0,7,0.0,56.8,1,66.5,62.7,60.6,66.4,63.0,71.6,grammar,reading,STABLE
843,8,USER,280,2337,1,1,0,0,52.2,80.5,2,7,18,14,21,32,115,181,246,55.0,56.3,57.4,1.87,105,351,2,1,53.7,45.9,4,67.0,54.2,61.1,51.4,69.9,43.2,vocabulary,grammar,STABLE
844,5,USER,26,868,0,6,0,0,22.1,10.8,1,2,3,1,1,3,5,7,15,51.7,53.5,49.2,1.81,0,0,0,1,0.0,49.5,0,41.7,51.3,46.5,46.9,56.0,45.8,vocabulary,listening,STABLE
845,3,USER,552,2123,23,0,199,1,79.2,78.4,3,9,24,11,14,29,48,103,195,60.9,61.7,61.7,1.39,64,273,4,0,84.3,0.0,0,60.3,50.3,57.1,73.6,77.0,47.6,vocabulary,grammar,STABLE
846,11,USER,35,2598,22,0,0,0,75.5,82.0,5,11,26,14,18,41,83,168,323,41.6,42.6,41.8,1.95,123,386,5,2,24.4,56.7,1,45.2,53.1,64.8,26.7,58.3,48.8,reading,writing,STABLE
847,5,USER,452,1606,17,0,0,0,66.5,87.5,4,13,19,9,12,25,45,88,136,62.7,66.0,70.8,1.92,103,274,2,0,66.5,0.0,0,64.8,59.7,74.2,63.1,66.0,83.9,grammar,speaking,DECLINING
848,6,USER,645,1953,10,2,217,1,37.0,19.2,6,9,16,11,21,31,104,133,185,54.8,54.2,53.0,1.78,71,338,0,0,0.0,0.0,0,52.2,55.7,59.9,52.1,55.3,74.5,grammar,writing,STABLE
849,7,USER,938,1992,4,1,283,1,61.6,75.3,5,10,20,9,21,34,51,128,267,49.3,51.0,49.8,1.98,79,348,3,1,55.4,67.7,1,50.6,61.7,31.8,57.3,49.3,56.1,speaking,reading,STABLE
850,8,USER,205,1344,11,8,0,0,54.9,75.9,5,8,11,6,8,14,27,38,90,44.9,47.8,45.2,1.92,51,133,3,0,51.2,0.0,2,52.5,48.3,47.4,44.1,42.0,32.1,listening,grammar,STABLE
851,1,USER,281,1849,9,6,0,0,68.2,70.2,5,5,12,3,8,21,26,58,133,57.4,53.7,55.2,1.95,72,205,1,1,68.4,58.9,3,77.9,54.2,57.8,73.6,53.7,50.5,listening,grammar,STABLE
852,11,USER,905,2316,10,4,354,1,66.7,69.6,4,8,16,10,16,38,111,139,224,68.2,71.4,70.0,1.54,139,411,3,5,56.4,70.4,0,66.0,70.5,70.3,50.5,87.4,78.6,vocabulary,writing,STABLE
853,8,USER,295,1304,1,5,0,0,39.2,44.4,1,3,5,4,5,9,20,26,45,50.4,55.4,53.6,2.04,31,75,0,0,0.0,0.0,0,38.8,71.3,40.3,52.7,44.7,46.2,speaking,listening,STABLE
854,8,USER,789,2376,28,1,287,1,56.8,49.1,5,10,19,10,15,34,61,144,274,45.3,50.2,51.6,1.81,130,356,1,3,71.7,54.7,0,44.6,56.7,67.9,73.6,41.2,43.5,writing,vocabulary,DECLINING
855,7,USER,141,2123,16,3,0,0,42.1,54.5,4,10,13,7,11,25,61,145,205,67.5,73.0,70.5,1.41,50,251,1,2,69.6,58.7,0,85.8,59.6,69.0,71.6,61.3,53.8,listening,grammar,STABLE
856,5,USER,219,433,0,35,0,0,11.0,24.0,0,0,0,0,0,0,0,0,0,51.7,52.3,47.9,1.85,0,0,0,1,0.0,45.3,3,53.2,48.8,69.0,51.4,48.5,41.6,reading,grammar,STABLE
857,3,USER,93,1565,14,0,0,0,52.0,46.9,5,11,15,7,14,26,52,82,159,51.8,50.0,48.7,2.05,69,259,3,5,69.7,73.4,0,49.8,69.1,47.5,66.8,40.7,50.6,speaking,vocabulary,STABLE
858,3,USER,483,2105,12,0,0,0,71.8,68.2,4,10,17,6,13,27,30,70,136,63.3,66.0,63.0,1.94,97,250,3,5,36.1,70.4,5,51.9,66.2,74.0,40.7,71.0,55.0,reading,writing,STABLE
859,3,USER,468,2559,3,3,0,0,27.2,27.0,3,6,12,8,18,33,46,99,248,58.0,62.0,61.5,2.23,124,335,4,2,68.0,75.5,0,64.7,76.9,34.1,62.8,55.5,64.5,speaking,reading,STABLE
860,5,USER,252,2990,8,1,0,0,56.1,64.5,4,10,20,23,31,42,75,171,301,65.6,65.4,66.8,1.7,196,417,1,1,59.7,80.9,0,56.2,85.2,62.0,46.4,53.3,43.7,speaking,grammar,STABLE
861,6,USER,688,3481,14,0,165,1,98.3,100.0,6,11,30,23,45,60,182,283,450,67.1,60.6,58.4,1.82,296,620,3,6,65.0,51.8,0,52.9,51.1,58.0,65.0,52.0,36.4,writing,grammar,IMPROVING
862,10,USER,233,2768,12,1,54,1,88.3,88.4,7,11,23,6,16,33,139,177,269,62.8,70.2,74.0,1.46,83,373,0,3,0.0,49.6,3,76.6,54.2,80.5,64.1,58.3,71.3,reading,speaking,DECLINING
863,12,USER,558,2501,12,0,124,1,77.8,82.4,5,14,30,8,20,40,100,213,306,64.0,60.2,59.0,1.57,176,386,2,4,77.1,37.6,0,52.3,42.9,65.3,76.8,45.5,67.4,writing,speaking,IMPROVING
864,12,USER,356,2364,14,0,0,0,59.2,63.9,5,10,21,8,16,32,46,72,177,69.2,66.9,70.8,1.47,58,303,4,1,75.9,62.9,0,81.9,61.3,61.0,64.6,68.7,60.3,listening,grammar,STABLE
865,5,USER,399,2162,23,5,0,0,98.3,92.3,6,10,24,12,21,39,87,123,201,55.7,52.9,51.0,2.01,87,381,1,5,58.5,49.4,0,50.1,50.8,44.8,60.8,36.3,55.8,writing,vocabulary,IMPROVING
866,5,USER,862,2332,4,5,333,1,44.5,34.3,4,6,12,11,14,33,96,128,274,54.7,56.7,53.1,1.45,73,322,2,7,55.7,63.2,4,60.0,63.6,44.3,42.7,58.7,48.6,speaking,writing,STABLE
867,6,USER,415,1842,15,4,170,1,66.5,68.8,2,5,15,10,14,24,57,71,118,35.5,42.9,42.4,2.15,63,227,2,1,32.9,53.4,1,31.6,51.8,33.8,28.6,38.0,44.2,speaking,writing,DECLINING
868,4,USER,965,2236,12,3,210,1,72.0,90.4,4,9,21,13,21,40,97,121,243,56.1,56.5,57.6,1.64,168,404,3,3,72.9,37.3,1,65.3,37.7,47.9,61.1,64.9,60.2,listening,speaking,STABLE
869,7,USER,254,3107,16,3,0,0,62.6,66.7,5,8,19,18,26,39,133,209,321,54.4,65.0,66.6,1.8,103,420,5,7,66.9,65.6,5,75.3,60.9,61.6,70.8,58.4,42.4,listening,grammar,DECLINING
870,9,USER,913,3206,23,1,159,1,56.4,83.5,7,11,20,11,20,49,104,196,327,45.0,43.6,43.8,1.7,197,484,5,9,39.2,48.2,0,63.4,45.1,58.8,38.7,47.6,62.4,listening,writing,STABLE
871,11,USER,487,2439,9,1,153,1,80.6,53.7,5,8,18,15,21,35,91,166,246,64.8,65.9,73.9,1.58,161,354,6,2,74.0,85.2,0,62.4,82.6,62.4,70.7,60.4,80.2,speaking,vocabulary,DECLINING
872,11,USER,631,3260,15,2,0,0,100.0,100.0,6,13,30,26,42,59,139,253,451,67.3,58.9,58.6,1.59,236,594,7,4,57.7,55.0,2,63.2,57.1,66.6,49.6,75.5,50.5,vocabulary,writing,IMPROVING
873,5,USER,45,1224,19,2,0,0,71.6,78.0,2,7,13,8,11,16,24,58,125,60.4,61.6,66.1,1.78,44,173,1,2,91.0,79.3,0,71.2,63.9,66.3,75.4,53.3,58.7,writing,vocabulary,STABLE
874,4,USER,362,2293,16,2,0,0,65.5,68.5,5,7,17,6,13,24,95,128,182,56.1,59.1,61.9,1.81,75,261,1,2,55.5,51.1,1,72.4,54.4,52.3,53.3,78.8,63.8,vocabulary,reading,STABLE
875,7,USER,0,1880,7,8,0,0,54.6,19.3,2,8,16,8,12,23,35,73,178,46.3,45.7,47.3,1.98,69,186,1,0,32.0,0.0,0,48.8,56.5,43.3,38.6,70.2,44.9,vocabulary,writing,STABLE
876,12,USER,275,3244,14,5,0,0,80.0,70.6,5,12,20,20,29,45,108,148,363,62.5,59.1,56.1,1.49,125,451,6,5,52.9,42.5,3,62.3,46.4,83.3,62.3,58.5,71.6,reading,speaking,IMPROVING
877,2,USER,411,3690,23,2,0,0,74.8,82.2,4,12,22,11,28,47,129,246,470,51.2,53.3,53.7,2.36,196,483,2,4,79.6,75.7,1,52.4,70.6,56.1,60.3,47.0,44.8,speaking,grammar,STABLE
878,10,USER,577,3347,17,2,0,0,81.5,66.4,5,9,21,16,24,53,130,252,338,79.5,75.6,73.4,1.66,120,554,4,5,85.3,46.9,0,60.3,55.8,60.0,90.6,62.9,70.8,writing,speaking,IMPROVING
879,11,USER,516,1797,2,5,61,1,61.8,70.0,1,8,17,6,9,25,51,117,181,60.3,63.1,63.1,1.96,84,269,3,2,76.8,71.9,0,63.0,65.0,71.2,72.2,81.3,46.6,vocabulary,grammar,STABLE
880,12,USER,446,1864,13,0,0,0,80.3,83.0,2,12,13,10,13,22,61,93,134,46.6,52.7,57.7,1.59,99,231,2,0,72.4,0.0,3,47.6,49.4,68.5,64.3,50.5,67.7,reading,listening,DECLINING
881,9,USER,212,3941,13,6,0,0,75.7,100.0,3,14,25,26,36,57,121,222,550,50.2,46.8,49.6,1.73,191,580,11,6,42.8,50.6,4,56.4,53.1,46.1,50.1,48.6,51.1,listening,reading,STABLE
882,10,USER,0,1074,0,9,0,0,27.5,37.5,0,2,3,1,3,6,7,19,47,55.9,63.7,66.0,1.84,23,51,2,0,77.0,0.0,3,53.0,55.6,61.9,62.8,69.7,82.4,grammar,listening,DECLINING
883,6,USER,183,1865,13,2,17,1,44.4,60.9,4,9,17,9,18,26,77,156,211,58.8,54.6,53.2,2.11,50,273,3,0,69.0,0.0,2,35.9,60.5,69.9,64.3,58.8,65.9,reading,listening,IMPROVING
884,8,USER,269,1912,16,3,66,1,65.2,100.0,3,7,12,6,15,23,38,78,144,50.7,53.4,52.8,2.04,61,238,1,1,67.2,92.3,1,62.0,81.5,73.3,62.0,50.8,42.9,speaking,grammar,STABLE
885,12,USER,443,2620,19,2,0,0,52.2,51.3,5,9,23,8,24,52,88,200,336,42.6,44.7,48.4,2.12,132,480,8,5,35.9,49.5,0,54.8,55.6,76.4,29.1,45.9,58.1,reading,writing,STABLE
886,9,USER,303,2701,11,0,0,0,92.1,90.4,5,10,20,10,20,41,38,91,257,79.0,72.3,66.8,1.53,130,372,1,3,72.3,91.6,0,71.1,81.3,56.1,64.5,67.1,49.8,speaking,grammar,IMPROVING
887,11,USER,377,2058,13,0,114,1,71.6,59.4,5,13,23,7,15,31,48,106,162,62.6,58.2,58.5,1.78,111,279,4,3,58.5,56.1,0,48.3,59.6,69.3,61.6,40.4,52.5,reading,vocabulary,IMPROVING
888,12,ADMIN,318,2796,13,0,0,0,75.6,100.0,7,8,24,9,15,38,68,190,323,68.4,69.1,64.0,1.68,82,398,3,3,61.4,70.1,0,60.5,69.7,66.7,63.1,64.3,63.7,speaking,listening,IMPROVING
889,2,USER,243,2017,22,4,0,0,71.0,83.5,6,7,21,7,19,33,48,105,248,58.3,61.4,58.3,1.59,89,348,2,5,69.2,65.3,0,60.7,52.1,41.3,59.6,66.7,61.8,vocabulary,reading,STABLE
890,5,USER,147,1752,17,1,0,0,46.6,47.6,4,11,20,8,13,23,33,88,170,54.6,48.1,47.7,1.72,75,236,2,4,59.1,47.2,2,52.5,36.2,48.4,50.3,50.2,53.5,grammar,speaking,IMPROVING
891,11,USER,3,2117,11,3,0,0,64.5,70.8,4,11,13,8,14,21,54,94,164,56.7,62.7,62.1,1.73,57,244,5,0,63.4,0.0,0,56.3,63.5,70.0,66.3,58.9,58.9,reading,listening,STABLE
892,12,USER,1173,4102,22,0,333,1,96.0,100.0,5,11,28,24,30,55,127,203,529,77.4,78.1,79.0,1.5,276,684,2,6,69.3,24.4,2,84.8,33.5,75.2,71.6,72.1,79.7,listening,speaking,STABLE
893,5,USER,416,2253,11,3,0,0,52.7,61.9,4,10,16,10,16,28,49,125,249,39.7,47.0,45.9,1.94,64,251,2,4,50.2,40.2,0,29.9,39.8,45.2,43.3,36.7,52.0,grammar,listening,DECLINING
894,6,USER,168,1686,11,4,0,0,56.6,62.0,5,13,16,12,16,22,39,81,141,75.6,75.9,70.1,1.72,104,228,4,1,52.2,63.0,0,69.9,67.3,72.8,55.7,72.3,67.4,reading,writing,IMPROVING
895,9,ADMIN,274,911,5,6,0,0,52.0,73.3,3,5,10,2,5,9,16,22,41,65.9,62.5,62.1,1.99,29,111,1,0,65.3,0.0,1,65.8,66.7,63.4,62.1,67.9,40.7,vocabulary,grammar,STABLE
896,9,USER,588,2426,22,5,198,1,70.9,79.1,5,9,19,13,27,50,85,144,349,45.9,47.5,47.8,2.0,194,501,4,5,58.8,57.8,2,63.2,64.5,59.2,73.6,41.5,59.9,writing,vocabulary,STABLE
897,10,USER,43,1016,0,4,0,0,29.7,52.1,0,0,1,0,0,1,1,2,3,57.5,64.7,68.4,1.7,6,18,1,0,66.3,0.0,3,62.2,57.9,74.6,67.9,56.0,43.9,reading,grammar,DECLINING
898,9,USER,95,2043,15,3,99,1,57.3,81.3,5,6,17,8,14,27,38,79,123,68.2,63.4,63.8,1.63,78,228,2,1,41.0,63.0,0,64.1,62.9,81.1,45.5,54.8,70.7,reading,writing,IMPROVING
899,2,USER,488,1763,8,3,0,0,69.3,85.5,4,8,14,9,17,29,42,114,196,40.8,46.6,48.8,2.18,54,289,0,2,0.0,65.0,0,73.7,60.1,47.5,40.5,38.2,55.1,listening,vocabulary,DECLINING
900,3,USER,69,1076,9,6,0,0,31.2,28.1,3,5,8,3,7,11,17,30,51,46.4,51.9,53.0,2.05,42,117,0,0,0.0,0.0,1,40.4,58.8,40.9,21.7,44.4,44.0,speaking,writing,DECLINING
901,8,USER,315,3342,14,1,0,0,71.8,75.6,5,11,23,16,42,56,204,276,376,48.6,51.8,54.6,1.91,184,520,5,4,66.2,53.9,0,57.0,38.5,56.4,61.2,54.2,81.3,grammar,speaking,DECLINING
902,3,USER,371,2766,10,3,0,0,100.0,96.9,4,12,27,26,32,53,72,181,279,56.7,57.1,54.9,1.65,117,474,6,7,29.9,58.0,4,67.0,53.1,68.4,38.5,43.5,55.3,reading,writing,STABLE
903,10,USER,182,2842,9,4,0,0,56.3,55.3,2,9,18,17,23,39,77,103,285,65.3,65.5,66.1,2.03,196,416,1,7,65.2,54.1,2,64.2,53.0,74.8,60.7,50.0,70.3,reading,vocabulary,STABLE
904,8,USER,40,1558,11,10,0,0,50.3,69.2,5,8,12,6,8,15,53,67,141,67.5,69.5,64.0,1.55,71,181,0,2,0.0,65.6,1,47.8,65.7,75.7,56.6,66.2,69.2,reading,listening,STABLE
905,2,USER,452,2392,4,5,0,0,46.3,59.3,2,8,13,10,18,30,47,118,232,54.4,60.4,59.9,1.36,81,284,2,2,50.4,69.7,0,61.4,59.4,56.1,53.9,62.2,50.4,vocabulary,grammar,STABLE
906,2,USER,244,2710,17,0,0,0,50.2,42.3,6,8,22,13,23,36,43,95,246,65.9,65.7,66.7,1.43,136,379,1,5,83.1,59.3,0,70.3,60.6,73.5,67.7,77.1,64.9,vocabulary,speaking,STABLE
907,5,USER,732,1829,8,5,276,1,29.4,34.4,4,6,16,7,13,23,43,98,175,50.8,53.2,53.9,1.95,82,242,4,1,59.7,41.9,2,53.1,43.6,52.1,54.2,58.7,64.1,grammar,speaking,STABLE
908,9,USER,421,2334,7,8,355,1,60.3,55.4,0,9,13,9,16,23,60,80,120,59.9,57.0,55.0,2.43,74,230,0,3,0.0,56.3,5,59.6,60.0,43.5,54.8,64.5,54.3,vocabulary,reading,STABLE
909,2,USER,75,1321,3,8,0,0,42.9,44.4,2,3,5,1,3,8,27,44,62,48.1,46.2,47.4,1.66,18,85,1,0,81.0,0.0,0,43.1,69.9,48.2,67.2,68.6,46.2,speaking,listening,STABLE
910,9,USER,502,3470,15,1,0,0,87.9,100.0,6,13,30,29,39,60,116,178,350,45.3,42.1,46.1,1.65,214,567,6,9,58.0,45.7,1,44.1,43.1,46.1,63.6,45.4,49.8,writing,speaking,STABLE
911,10,USER,322,2054,7,2,61,1,65.3,54.1,1,9,11,5,14,24,40,86,188,66.0,69.5,71.9,1.8,89,274,2,3,78.9,61.7,2,84.9,59.1,70.6,70.4,50.2,62.2,listening,vocabulary,STABLE
912,2,USER,858,2194,10,5,272,1,87.3,100.0,2,10,17,7,13,28,66,125,208,60.7,65.9,67.1,1.47,62,298,2,1,73.5,64.1,0,73.0,53.4,82.3,59.8,62.1,70.4,reading,speaking,DECLINING
913,8,USER,367,2595,9,0,0,0,46.0,56.0,0,13,22,16,27,43,55,113,245,62.4,64.0,60.6,1.76,104,410,4,1,53.1,87.3,0,46.2,77.8,55.8,47.2,56.1,54.9,speaking,listening,STABLE
914,2,USER,170,2279,17,4,0,0,62.1,57.8,4,9,21,6,15,35,36,92,171,60.2,64.5,64.2,1.77,94,376,6,3,68.5,60.2,0,81.3,58.0,61.8,57.3,63.0,49.7,listening,grammar,STABLE
915,6,USER,233,1385,13,2,146,1,55.8,44.8,0,4,7,4,7,10,28,41,72,36.0,48.6,50.1,2.51,62,131,2,1,80.5,68.2,0,47.2,69.9,55.8,67.6,68.5,38.5,speaking,grammar,DECLINING
916,7,USER,179,3263,23,5,0,0,76.7,98.1,4,11,21,16,20,44,189,252,445,65.2,61.0,66.3,1.83,201,491,4,3,94.3,55.5,0,52.8,58.0,80.1,81.2,78.0,54.4,writing,listening,STABLE
917,12,USER,315,2835,21,4,0,0,95.0,100.0,5,11,20,7,17,38,59,145,313,74.8,70.6,67.7,1.58,81,443,1,3,79.4,66.2,0,61.5,55.7,53.9,78.5,69.7,68.3,writing,reading,IMPROVING
918,10,USER,217,1968,20,4,0,0,78.4,68.3,4,10,15,7,12,26,58,94,207,61.7,64.8,62.5,1.45,60,283,0,3,0.0,75.9,0,54.8,60.9,48.9,54.6,63.4,64.7,grammar,reading,STABLE
919,2,USER,758,3807,19,0,0,0,92.4,96.1,6,13,30,17,22,60,149,296,513,62.6,58.2,58.2,1.29,271,614,5,11,55.2,71.4,0,50.2,56.3,64.2,63.2,57.7,56.7,reading,listening,IMPROVING
920,3,USER,321,774,0,7,196,1,55.3,61.3,3,3,5,2,3,7,14,25,37,67.5,65.1,63.4,1.8,21,61,0,0,0.0,0.0,0,42.3,60.1,44.6,54.6,73.9,49.8,vocabulary,listening,STABLE
921,8,USER,245,3345,15,2,0,0,61.6,66.0,4,12,22,16,30,47,193,309,463,47.9,52.1,46.1,1.84,148,447,6,5,42.9,49.5,0,44.8,45.4,50.0,41.9,36.3,67.4,grammar,vocabulary,STABLE
922,5,ADMIN,391,3490,18,5,0,0,100.0,100.0,4,8,27,18,31,51,206,290,420,69.2,65.3,68.2,1.47,223,522,2,3,57.0,66.8,0,75.1,66.7,67.9,56.3,81.8,71.0,vocabulary,writing,STABLE
923,4,USER,832,3153,12,0,335,1,98.3,100.0,6,14,22,22,33,46,59,112,245,75.5,70.7,70.0,1.39,232,484,7,6,70.0,79.2,1,68.9,77.4,57.4,72.0,67.3,70.5,speaking,reading,IMPROVING
924,9,ADMIN,1068,3081,22,2,344,1,59.0,53.3,4,8,20,14,19,40,52,126,336,72.7,64.8,63.4,1.62,120,454,3,1,46.1,69.9,0,74.1,70.1,49.8,49.1,65.5,65.9,listening,writing,IMPROVING
925,2,USER,451,2640,14,0,0,0,75.2,87.2,5,9,17,11,29,39,65,110,266,58.4,55.1,57.5,1.77,69,377,1,4,51.3,54.0,0,33.7,55.6,52.9,49.7,59.7,72.7,grammar,listening,STABLE
926,4,ADMIN,0,847,0,7,0,0,31.0,51.4,1,2,4,3,5,8,22,45,64,56.6,52.6,51.3,1.63,16,67,1,0,55.2,0.0,1,47.3,67.9,46.5,53.3,58.9,56.6,speaking,reading,STABLE
927,10,USER,4,1697,17,7,0,0,42.7,47.5,1,9,18,7,11,18,26,63,119,62.3,59.3,53.7,1.24,49,205,1,0,46.2,0.0,1,48.6,75.7,46.9,46.4,43.4,58.9,speaking,vocabulary,IMPROVING
928,7,USER,179,1619,8,8,0,0,64.5,52.0,4,4,5,4,7,10,19,41,64,54.6,58.4,56.7,1.74,48,110,1,1,43.5,54.8,1,56.1,48.2,59.3,43.0,69.3,60.1,vocabulary,writing,STABLE
929,6,USER,0,1527,0,7,0,0,31.0,41.7,2,5,7,7,9,14,28,70,109,44.4,48.9,46.4,2.15,39,139,1,0,57.6,0.0,2,38.4,71.6,52.4,42.2,49.1,40.3,speaking,listening,STABLE
930,10,USER,646,2604,13,0,106,1,52.4,75.0,5,12,19,15,24,40,139,210,283,57.0,56.0,55.2,2.13,137,434,3,1,47.1,81.7,1,59.1,72.7,51.2,58.5,37.7,59.9,speaking,vocabulary,STABLE
931,12,USER,333,1622,8,6,0,0,60.0,57.9,4,10,15,8,12,21,25,48,130,57.7,62.6,59.9,1.95,69,199,0,1,0.0,60.7,0,48.8,53.1,74.0,72.4,62.6,72.3,reading,listening,STABLE
932,3,USER,487,1937,21,2,0,0,68.6,95.7,7,8,24,13,24,34,64,94,256,55.1,58.0,46.7,2.02,156,348,4,3,42.0,69.5,2,61.0,62.8,47.9,39.2,63.9,52.9,vocabulary,writing,IMPROVING
933,12,USER,505,3152,9,0,0,0,66.5,65.0,6,11,21,13,18,45,94,159,327,69.3,69.9,71.0,1.3,105,473,1,6,53.1,66.8,0,81.7,64.4,74.9,55.5,85.8,68.5,vocabulary,writing,STABLE
934,8,USER,0,1293,6,1,0,0,49.7,40.8,3,3,7,6,7,12,18,38,78,63.3,63.2,59.4,1.4,41,97,0,0,0.0,0.0,3,48.3,38.8,57.8,57.9,71.1,46.7,vocabulary,speaking,STABLE
935,10,USER,432,2121,22,6,22,1,68.3,77.0,2,8,20,12,19,38,25,64,168,53.4,47.3,47.8,2.01,157,376,1,1,47.6,39.8,5,58.4,28.7,52.0,47.5,74.6,36.5,vocabulary,speaking,STABLE
936,6,USER,208,1761,15,4,0,0,54.9,55.1,3,8,11,3,8,20,26,68,138,73.5,73.9,72.6,1.32,42,210,0,4,0.0,69.9,0,77.6,72.0,68.8,61.2,82.9,72.1,vocabulary,writing,STABLE
937,6,USER,247,2523,14,0,0,0,93.7,100.0,7,13,24,15,32,44,81,223,331,62.3,56.9,54.7,1.52,147,436,3,3,59.0,49.9,0,52.7,51.3,27.5,55.5,70.0,48.9,vocabulary,reading,IMPROVING
938,9,USER,229,1543,2,2,93,1,63.2,56.8,0,4,9,4,8,16,17,44,84,61.8,63.3,66.6,1.96,72,152,0,2,0.0,88.9,2,66.5,85.6,72.1,82.9,72.2,51.4,speaking,grammar,STABLE
939,11,USER,244,1385,2,6,51,1,46.5,36.4,4,4,6,2,6,11,20,32,80,40.0,45.6,47.6,2.04,27,98,1,1,53.3,48.2,0,50.1,51.5,39.6,58.2,48.5,45.9,writing,reading,DECLINING
940,7,USER,0,1928,6,2,0,0,48.4,51.7,4,7,14,3,9,20,41,62,115,54.2,56.5,58.4,1.74,76,211,1,1,64.8,81.2,1,60.3,72.9,50.5,62.4,57.0,50.4,speaking,grammar,STABLE
941,4,USER,251,2324,19,6,222,1,79.4,94.8,5,8,20,12,23,34,78,165,357,52.9,48.5,50.8,1.71,155,356,2,1,52.9,25.0,4,50.0,28.8,62.6,55.1,39.9,40.1,reading,speaking,STABLE
942,9,USER,0,1853,11,11,0,0,67.3,86.4,2,2,9,3,4,12,22,38,96,62.4,65.1,68.4,1.83,40,101,0,2,0.0,86.4,0,63.0,88.3,64.6,56.0,76.1,75.0,speaking,writing,DECLINING
943,6,USER,478,1391,9,5,45,1,48.3,54.1,3,4,10,5,12,17,23,59,101,46.0,48.5,53.6,1.94,39,161,2,0,52.3,0.0,0,43.8,64.9,44.7,53.1,42.8,61.6,speaking,vocabulary,DECLINING
944,3,USER,750,2516,5,1,209,1,87.4,86.6,3,9,14,15,26,37,76,190,288,45.5,46.3,48.6,2.19,99,383,5,4,45.3,69.6,0,66.9,59.2,50.1,54.1,38.0,43.4,listening,vocabulary,STABLE
945,9,USER,436,1724,15,4,0,0,74.4,70.9,4,8,20,12,19,31,64,117,190,52.8,56.0,55.9,2.31,57,299,3,0,58.2,0.0,0,64.5,58.2,61.2,49.7,39.9,39.6,listening,grammar,STABLE
946,10,USER,328,1682,12,3,0,0,57.3,76.1,4,6,12,4,6,15,20,43,119,51.6,47.4,47.4,1.84,49,131,1,0,45.7,0.0,0,47.4,55.4,65.5,37.1,51.8,49.8,reading,writing,IMPROVING
947,6,USER,296,2556,13,1,0,0,93.8,97.1,4,12,21,19,29,45,111,150,335,47.7,58.6,63.9,1.93,126,412,6,3,59.2,64.4,0,59.0,65.1,58.5,58.4,74.4,81.2,grammar,writing,DECLINING
948,9,USER,299,1397,3,8,0,0,56.1,61.6,3,7,10,5,8,19,34,51,98,63.2,57.9,58.6,2.05,85,183,1,2,64.4,62.3,0,60.1,58.0,50.6,62.8,43.2,64.4,grammar,vocabulary,STABLE
949,3,USER,200,1464,8,5,0,0,51.4,30.6,2,4,10,3,9,14,22,60,103,48.4,54.3,52.0,2.14,25,124,0,2,0.0,78.9,5,63.3,74.6,55.2,34.4,48.7,48.6,speaking,writing,STABLE
950,9,USER,304,1751,13,7,0,0,38.0,20.2,4,7,12,4,10,25,36,48,117,69.6,68.1,69.4,1.66,56,262,0,2,0.0,77.2,0,75.5,73.8,51.5,64.4,46.9,67.4,listening,vocabulary,STABLE
951,4,USER,165,904,0,5,0,0,78.2,93.0,2,6,10,5,8,12,18,50,67,66.3,71.6,71.0,1.78,31,102,1,1,60.1,81.8,4,65.9,83.8,53.8,65.9,75.1,62.3,speaking,reading,STABLE
952,6,USER,597,2712,16,0,0,0,72.0,91.0,2,10,19,12,19,46,66,181,313,41.7,43.9,47.1,1.73,138,400,2,4,43.1,40.3,0,47.6,44.0,40.6,35.7,71.0,60.6,vocabulary,writing,STABLE
953,12,USER,359,2577,15,4,0,0,81.9,76.1,7,14,28,7,19,43,65,159,273,55.8,56.2,59.0,1.95,140,428,4,4,51.5,42.7,2,63.7,40.6,72.8,43.5,54.9,79.2,grammar,speaking,STABLE
954,12,USER,0,1806,5,4,51,1,38.3,37.9,4,5,8,4,10,16,20,49,124,63.1,65.3,60.6,1.56,52,123,1,1,56.4,51.9,0,64.3,48.3,43.0,62.8,63.9,72.0,grammar,reading,STABLE
955,6,USER,191,1486,8,8,0,0,47.7,31.5,3,5,8,5,7,10,13,23,41,48.6,54.3,58.2,1.85,44,121,1,1,34.7,55.4,0,49.8,55.0,43.9,42.3,61.6,59.5,vocabulary,writing,DECLINING
956,6,USER,64,1804,6,6,0,0,67.3,57.0,2,4,9,5,8,11,40,59,90,57.3,61.1,61.9,1.65,44,116,0,0,0.0,0.0,0,59.8,50.7,61.3,62.6,69.1,53.2,vocabulary,speaking,STABLE
957,8,USER,61,1964,14,6,0,0,62.2,56.1,3,12,17,4,10,22,30,55,99,74.4,74.0,75.6,1.4,84,191,0,0,0.0,0.0,0,62.4,74.2,63.2,45.2,88.8,70.5,vocabulary,writing,STABLE
958,7,USER,626,3701,11,2,0,0,72.6,86.4,2,12,23,17,32,56,62,166,444,57.2,61.4,63.6,1.76,119,543,4,6,60.8,33.4,0,71.5,38.6,71.3,58.7,69.2,69.7,listening,speaking,DECLINING
959,3,USER,28,1307,8,11,0,0,38.3,45.2,3,7,12,5,12,20,35,60,109,57.7,63.0,66.0,1.62,83,230,3,2,71.5,73.1,0,74.5,63.8,60.9,79.9,40.4,60.0,writing,vocabulary,DECLINING
960,8,USER,527,2784,15,0,0,0,46.4,41.8,3,11,21,13,23,41,96,182,293,58.5,54.8,55.8,1.25,173,461,1,6,74.4,64.7,0,69.9,64.1,45.5,70.0,23.8,58.6,writing,vocabulary,STABLE
961,7,USER,182,1657,3,9,0,0,36.0,55.6,3,7,10,5,11,18,52,73,127,33.5,35.6,40.3,2.11,49,152,2,1,13.2,65.0,0,35.9,56.9,39.3,18.1,39.1,33.3,speaking,writing,DECLINING
962,4,USER,395,3757,14,2,71,1,72.6,93.9,5,11,23,14,24,58,175,326,550,38.8,45.5,48.5,2.28,207,627,3,7,42.5,41.8,0,54.6,40.4,55.6,49.8,61.8,53.3,vocabulary,speaking,DECLINING
963,7,USER,594,2912,9,4,200,1,63.0,64.1,1,12,16,14,20,35,139,184,259,55.6,56.8,56.6,1.87,152,381,2,2,57.9,59.3,0,72.6,51.5,52.1,57.0,63.5,69.3,listening,speaking,STABLE
964,8,USER,207,1131,18,5,0,0,51.2,37.7,6,7,11,6,8,11,21,30,51,66.4,66.9,64.6,1.89,54,129,0,0,0.0,0.0,0,64.1,70.9,62.1,68.8,43.1,56.7,speaking,vocabulary,STABLE
965,5,ADMIN,702,1844,18,6,311,1,50.6,48.3,2,9,16,9,14,21,69,131,175,66.0,64.8,63.5,1.83,100,248,1,1,74.8,65.2,3,88.3,57.4,59.9,69.7,75.1,68.2,listening,speaking,STABLE
966,2,USER,143,2923,16,0,85,1,82.1,86.6,5,11,20,13,31,41,147,192,307,72.6,71.0,67.3,1.44,126,472,6,3,73.6,80.9,0,66.5,74.6,56.8,76.6,77.2,62.6,vocabulary,reading,IMPROVING
967,5,ADMIN,177,2336,6,5,0,0,55.5,65.5,2,9,20,6,15,37,37,82,180,60.9,64.1,70.5,2.24,135,422,4,3,64.6,74.0,0,87.0,79.0,75.8,59.2,56.7,70.7,listening,vocabulary,DECLINING
968,3,USER,54,1409,10,7,0,0,33.6,37.5,4,7,9,3,5,11,21,30,77,88.2,76.8,76.7,1.41,25,102,1,1,75.0,72.9,0,59.7,70.7,57.5,80.2,86.2,46.2,vocabulary,grammar,IMPROVING
969,10,USER,486,2063,14,4,0,0,83.9,79.3,5,9,15,7,17,31,40,108,196,65.1,62.1,64.1,1.98,88,347,4,1,67.3,63.7,2,56.8,58.9,66.2,74.9,37.5,60.6,writing,vocabulary,STABLE
970,7,USER,362,2233,16,4,0,0,51.3,36.7,3,9,18,15,29,39,89,152,265,52.8,52.0,51.6,2.12,99,367,2,3,58.9,56.5,0,46.2,40.8,53.4,57.4,65.6,65.7,grammar,speaking,STABLE
971,6,USER,468,2444,10,8,0,0,52.7,52.5,3,10,17,16,21,29,88,121,230,68.8,74.1,72.0,1.13,118,306,4,3,59.9,61.1,1,73.5,53.0,59.2,59.8,82.4,77.0,vocabulary,speaking,STABLE
972,2,USER,0,1572,4,3,0,0,54.8,74.1,1,1,3,1,2,4,10,28,38,51.2,45.7,49.4,1.66,9,42,1,0,58.2,0.0,0,45.1,51.5,75.7,48.7,45.5,26.5,reading,grammar,STABLE
973,9,USER,564,3583,12,1,27,1,56.8,31.7,7,12,23,11,17,45,123,177,403,62.5,63.6,65.6,1.8,149,507,0,6,0.0,77.3,1,55.7,72.8,66.9,67.8,65.6,49.9,speaking,grammar,STABLE
974,8,USER,515,2914,13,2,196,1,74.8,72.6,5,8,19,13,23,41,92,143,253,58.1,62.7,56.6,1.83,197,439,7,3,69.2,76.4,0,72.6,73.6,57.4,53.5,45.9,55.5,speaking,vocabulary,STABLE
975,9,USER,42,1409,6,7,0,0,18.7,19.1,2,6,10,3,5,12,31,48,70,70.7,67.4,65.5,1.74,21,108,0,1,0.0,70.0,1,59.7,67.0,58.2,77.3,67.4,60.8,writing,reading,STABLE
976,2,USER,363,3337,18,3,0,0,87.7,82.2,4,14,22,9,22,58,116,157,379,55.1,60.4,62.0,1.88,161,535,2,2,100.0,72.0,0,51.3,70.6,75.6,80.8,53.3,53.0,writing,listening,DECLINING
977,5,USER,665,3085,27,0,0,0,94.5,97.1,6,10,26,19,27,59,57,133,352,49.6,57.7,56.1,1.97,163,550,2,3,64.2,57.6,3,64.8,61.0,60.2,54.6,57.0,34.5,listening,grammar,DECLINING
978,10,USER,408,1297,11,7,0,0,53.5,41.6,2,7,11,3,6,10,18,47,97,59.2,56.1,59.0,1.77,45,106,2,0,77.7,0.0,0,60.1,58.8,58.0,74.4,59.9,65.2,writing,reading,STABLE
979,6,USER,387,1309,8,6,0,0,72.0,78.0,3,6,7,3,8,14,35,66,95,42.8,48.3,48.8,2.48,27,117,1,1,44.5,47.3,4,47.5,54.9,47.3,43.2,33.5,50.2,speaking,vocabulary,DECLINING
980,9,USER,179,971,4,3,0,0,25.7,26.1,2,2,4,2,4,5,12,19,41,54.1,49.3,48.4,1.59,18,39,0,0,0.0,0.0,0,60.0,38.0,47.3,33.3,43.9,60.0,listening,writing,STABLE
981,6,USER,398,2727,16,2,129,1,59.5,47.3,3,10,25,8,21,43,94,136,336,51.6,51.7,55.7,1.77,118,487,3,4,60.8,37.6,5,58.7,39.6,64.2,63.1,72.3,64.5,vocabulary,speaking,STABLE
982,8,USER,218,1654,17,0,283,1,46.6,49.0,6,11,19,8,11,23,84,107,168,44.9,45.6,43.6,2.4,53,226,3,1,42.0,36.4,0,40.0,39.9,48.8,40.5,43.5,51.6,grammar,speaking,STABLE
983,6,USER,955,1723,12,4,299,1,67.1,62.5,5,11,12,7,15,21,53,116,211,53.3,53.8,53.9,1.54,98,245,3,1,66.9,59.1,0,52.8,53.7,55.5,68.6,46.8,52.0,writing,vocabulary,STABLE
984,1,USER,193,1547,6,2,0,0,69.2,87.6,2,8,18,9,13,18,23,47,97,38.7,46.0,49.7,1.98,57,192,3,2,65.9,59.1,1,56.6,57.0,41.7,59.7,69.9,52.1,vocabulary,reading,DECLINING
985,4,USER,0,2131,13,3,0,0,61.0,66.1,2,10,17,7,18,28,99,175,249,44.6,40.8,47.0,2.0,51,267,2,4,52.0,54.9,0,40.8,55.0,37.4,48.6,51.2,60.7,grammar,reading,STABLE
986,6,USER,646,2738,15,0,66,1,36.0,50.6,5,14,23,16,25,49,142,187,251,62.8,66.2,65.2,1.4,165,515,4,8,64.1,51.3,0,59.8,45.8,45.1,68.6,55.3,76.9,grammar,reading,STABLE
987,10,USER,435,2101,12,6,0,0,63.7,73.1,4,10,17,9,15,27,31,63,178,62.6,64.7,60.3,1.94,107,242,4,0,66.2,0.0,1,47.2,32.2,74.3,65.5,51.9,55.1,reading,speaking,STABLE
988,7,USER,397,1256,15,8,30,1,38.6,35.4,2,6,9,2,5,12,15,38,75,36.5,47.7,45.4,2.34,34,127,0,0,0.0,0.0,0,59.8,50.1,46.2,38.4,44.4,45.6,listening,writing,DECLINING
989,6,USER,187,1806,2,3,0,0,42.3,41.7,2,6,13,7,16,25,43,65,139,53.3,50.1,54.6,1.93,45,209,0,2,0.0,67.9,4,51.7,64.4,62.1,46.9,46.7,63.3,speaking,vocabulary,STABLE
990,12,USER,388,1780,3,2,212,1,71.3,93.5,5,5,8,4,8,11,22,37,72,58.0,61.0,60.4,1.88,56,125,1,0,43.5,0.0,0,59.8,75.1,58.6,43.1,56.2,64.8,speaking,writing,STABLE
991,9,USER,431,2598,10,2,0,0,67.2,64.6,7,10,21,19,32,43,109,200,308,59.6,55.5,52.7,1.93,117,394,3,6,66.3,53.9,1,60.5,53.6,47.2,59.0,77.2,57.4,vocabulary,reading,IMPROVING
992,4,USER,224,2164,10,2,0,0,52.5,70.2,4,11,14,7,12,26,44,116,175,44.2,49.5,52.2,1.56,68,266,0,3,0.0,38.4,0,53.2,40.5,45.7,61.6,52.7,64.6,grammar,speaking,DECLINING
993,10,USER,146,1965,0,8,0,0,46.1,39.1,3,8,13,4,11,22,74,109,197,62.2,64.0,65.8,1.8,37,183,2,0,61.6,0.0,2,60.7,48.1,65.2,55.5,72.5,72.0,vocabulary,speaking,STABLE
994,6,USER,953,3229,17,3,169,1,55.5,34.4,4,12,27,11,29,50,113,230,339,62.1,61.2,60.8,1.61,198,522,3,8,39.8,68.2,0,58.2,73.9,58.3,46.3,55.8,64.5,speaking,writing,STABLE
995,1,ADMIN,130,2308,15,1,0,0,100.0,93.9,5,11,21,10,20,39,40,99,185,79.6,74.0,75.1,1.29,144,422,1,2,64.9,68.1,0,97.8,77.5,60.6,57.2,68.4,60.4,listening,writing,IMPROVING
996,4,USER,297,2372,20,5,0,0,86.4,71.0,5,9,20,8,13,32,78,156,210,72.9,69.4,67.8,1.34,58,319,2,1,79.9,49.7,0,75.8,53.3,68.2,80.9,79.1,77.7,writing,speaking,IMPROVING
997,11,USER,86,1073,4,2,0,0,35.4,37.0,3,3,8,5,8,11,25,33,88,52.6,52.9,53.5,1.22,31,96,0,0,0.0,0.0,0,63.8,67.0,52.4,48.6,53.5,51.1,speaking,writing,STABLE
998,6,USER,0,1079,7,2,0,0,36.3,44.0,1,2,3,1,2,5,6,8,16,50.3,53.2,53.1,1.79,29,94,0,0,0.0,0.0,0,46.9,54.9,52.4,62.4,41.1,47.9,writing,vocabulary,STABLE
999,1,USER,469,3803,18,0,0,0,93.7,100.0,5,11,27,22,28,55,84,215,408,81.4,77.2,77.3,1.27,152,590,2,6,94.5,85.1,1,58.7,85.6,78.6,84.6,77.2,68.9,speaking,listening,IMPROVING
1000,11,USER,0,1694,5,6,0,0,70.7,87.7,1,10,16,4,7,17,46,64,114,44.8,55.6,59.0,1.84,34,187,0,1,0.0,55.9,4,60.5,51.6,63.7,71.0,58.1,60.3,writing,speaking,DECLINING
1001,8,USER,135,1934,5,4,0,0,71.0,73.1,0,6,11,6,11,20,40,88,126,52.6,52.4,55.0,1.62,72,201,0,2,0.0,62.1,0,36.6,48.0,65.1,60.1,59.2,76.5,grammar,listening,STABLE
1002,8,USER,40,761,1,75,0,0,67.8,77.4,0,0,0,0,0,0,0,0,1,55.3,51.2,52.5,2.23,0,0,0,0,0.0,0.0,1,58.4,71.8,51.8,31.2,55.5,46.1,speaking,writing,STABLE
1003,11,USER,0,1138,12,6,0,0,82.2,84.6,1,6,8,1,4,6,9,17,39,76.2,75.4,74.8,1.2,31,88,0,0,0.0,0.0,0,61.5,73.0,81.4,49.2,50.6,66.7,reading,writing,STABLE
1004,2,USER,477,1846,16,5,53,1,53.5,49.3,4,4,9,6,9,17,25,57,149,49.9,48.3,50.5,1.96,88,217,3,3,41.5,82.2,0,39.9,75.1,50.7,44.8,50.5,51.2,speaking,listening,STABLE
1005,12,USER,80,1984,12,4,0,0,71.1,71.0,4,9,16,10,13,25,82,123,188,51.9,50.5,47.4,1.82,88,269,0,1,0.0,45.9,0,45.7,52.2,45.3,36.7,34.3,67.6,grammar,vocabulary,IMPROVING
1006,11,USER,596,1602,10,3,262,1,67.1,80.4,2,10,16,10,15,28,54,77,197,56.4,48.5,51.8,1.68,118,299,4,2,75.8,92.2,1,30.1,87.4,55.2,61.7,50.3,52.4,speaking,listening,STABLE
1007,4,USER,77,1165,16,9,0,0,45.6,54.6,3,4,8,2,6,11,33,44,73,62.8,60.0,60.6,1.6,29,64,0,0,0.0,0.0,1,69.3,54.1,50.4,67.8,36.6,56.3,listening,vocabulary,STABLE
1008,7,USER,712,1686,6,0,358,1,64.0,55.0,2,10,15,7,12,19,67,84,116,52.1,59.9,59.7,1.47,51,168,2,3,50.6,49.8,0,62.0,50.5,56.4,54.4,62.6,55.0,vocabulary,speaking,DECLINING
1009,2,USER,0,2149,8,6,0,0,91.3,71.4,4,8,12,4,7,21,30,58,128,74.0,82.1,78.6,1.25,75,257,4,0,97.5,0.0,0,76.5,73.5,78.6,93.3,72.9,68.1,writing,grammar,STABLE
1010,12,USER,369,1262,0,1,161,1,57.9,54.2,4,5,7,2,3,9,8,19,47,55.0,58.7,62.2,1.63,37,107,0,0,0.0,0.0,0,67.6,61.5,56.3,57.8,48.3,82.5,grammar,vocabulary,DECLINING
1011,10,USER,692,2199,10,3,0,0,58.7,71.8,5,8,15,8,13,28,81,110,208,73.2,64.6,57.2,1.44,120,310,3,4,72.6,43.3,0,53.9,44.9,56.8,63.1,59.3,59.6,writing,speaking,IMPROVING
1012,6,USER,0,1975,16,3,0,0,100.0,82.7,7,11,22,13,17,29,32,65,182,52.8,51.1,51.7,1.59,114,301,1,1,52.2,68.8,1,51.2,71.5,47.3,52.1,57.9,50.6,speaking,reading,STABLE
1013,9,USER,0,876,0,1,0,0,69.0,91.7,0,1,2,1,1,2,5,8,22,44.1,38.2,37.3,2.01,0,0,0,0,0.0,0.0,0,77.6,42.7,36.4,41.6,54.1,30.9,listening,grammar,IMPROVING
1014,6,USER,235,1398,9,0,0,0,14.1,6.4,4,7,12,3,6,12,20,51,89,60.3,64.0,56.5,1.87,54,116,1,1,55.9,46.6,0,62.4,44.1,56.0,56.9,55.4,35.1,listening,grammar,STABLE
1015,6,USER,239,2960,19,3,0,0,89.3,94.5,6,12,25,15,24,44,85,124,340,78.5,78.6,75.6,1.85,207,452,5,3,57.4,51.2,1,70.3,46.7,75.3,57.4,81.9,87.1,grammar,speaking,STABLE
1016,5,USER,443,3252,15,0,0,0,90.3,71.7,4,10,24,14,29,51,145,295,436,61.6,67.7,66.2,1.64,215,538,4,4,65.4,71.3,0,52.7,61.9,76.1,64.8,63.7,79.5,grammar,listening,STABLE
1017,12,USER,0,1425,0,5,0,0,61.3,70.0,2,3,5,2,3,6,8,18,45,49.2,55.3,62.2,2.09,20,59,0,0,0.0,0.0,3,62.2,60.7,62.3,69.9,46.2,50.9,writing,vocabulary,DECLINING
1018,10,USER,476,3264,14,9,135,1,74.7,90.3,6,11,22,18,32,53,187,290,415,69.2,69.5,63.9,1.68,189,569,4,5,64.5,74.8,1,66.6,75.4,71.2,71.6,43.8,64.7,speaking,vocabulary,IMPROVING
1019,7,USER,330,2164,18,5,0,0,77.5,66.9,5,12,22,11,20,35,68,175,249,70.2,71.5,64.9,1.63,171,385,4,6,59.3,50.2,0,72.9,59.8,36.8,56.5,66.9,73.4,grammar,reading,IMPROVING
1020,10,USER,335,2376,14,1,0,0,54.7,48.1,2,7,22,14,23,38,70,149,232,58.1,61.9,59.6,1.94,119,361,3,2,39.0,58.0,0,50.4,59.4,55.7,47.0,53.3,65.0,grammar,writing,STABLE
1021,7,USER,218,1745,4,6,0,0,66.8,78.4,3,6,8,2,5,15,53,82,127,55.3,54.7,55.1,2.0,47,181,2,0,46.9,0.0,2,69.0,51.5,53.0,57.7,51.3,56.7,listening,vocabulary,STABLE
1022,6,USER,0,1529,10,6,0,0,67.7,76.0,0,8,14,4,12,20,62,87,120,53.7,54.7,53.4,2.09,30,160,2,2,57.5,46.3,1,53.9,44.1,49.3,51.9,53.5,57.8,grammar,speaking,STABLE
1023,2,USER,304,1849,13,3,0,0,80.8,82.5,4,11,20,9,15,31,97,130,239,67.0,62.2,64.2,1.34,94,340,2,3,60.4,64.5,4,42.0,62.0,69.9,56.1,69.6,63.4,reading,listening,STABLE
1024,2,USER,267,1902,13,0,0,0,95.2,63.3,6,12,20,17,24,36,32,50,118,60.4,62.9,58.3,1.74,95,344,2,5,50.3,53.3,0,61.8,48.9,79.9,54.6,60.0,58.3,reading,speaking,STABLE
1025,1,USER,427,3235,11,3,0,0,60.4,68.4,3,10,19,12,16,42,100,135,324,58.8,54.8,55.8,1.94,214,463,2,3,69.3,64.0,1,59.1,61.1,44.1,60.3,60.5,65.1,grammar,reading,STABLE
1026,9,USER,70,1578,22,5,0,0,44.1,57.1,3,6,14,5,10,14,18,43,80,48.8,53.3,53.8,1.75,30,161,0,0,0.0,0.0,0,68.5,77.0,48.7,60.7,47.4,38.5,speaking,grammar,STABLE
1027,11,USER,185,1066,14,7,0,0,29.4,45.2,2,5,15,6,10,20,48,65,114,45.0,47.2,44.1,2.35,86,200,0,1,0.0,37.0,0,21.2,44.9,46.2,43.7,50.7,46.0,vocabulary,listening,STABLE
1028,11,USER,378,2546,28,0,0,0,91.0,100.0,7,14,25,14,17,41,39,86,207,55.6,62.9,60.4,1.59,158,379,5,5,67.4,39.5,0,65.3,41.0,72.7,63.2,56.9,85.3,grammar,speaking,STABLE
1029,2,USER,411,2553,13,7,0,0,67.7,74.1,2,8,14,9,22,33,114,195,282,57.5,59.3,58.6,1.62,93,334,1,1,73.1,60.9,0,49.1,51.3,53.0,77.0,53.2,72.5,writing,listening,STABLE
1030,11,USER,493,2011,11,3,0,0,73.4,82.9,3,8,14,5,10,26,58,100,160,58.1,57.4,60.1,1.74,100,239,3,2,78.8,63.1,2,45.9,57.9,56.8,80.6,61.1,74.7,writing,listening,STABLE
1031,4,USER,975,1847,22,8,317,1,83.0,100.0,4,11,16,7,19,31,57,152,223,42.4,39.4,46.5,1.96,146,328,0,5,0.0,49.1,1,46.9,45.2,38.6,49.2,58.9,46.5,vocabulary,reading,DECLINING
1032,4,USER,612,2338,14,1,153,1,64.8,64.3,6,14,22,10,18,45,95,160,224,56.2,57.1,56.2,1.69,221,480,11,2,58.0,62.6,0,57.1,61.9,53.2,60.4,64.3,44.8,vocabulary,grammar,STABLE
1033,4,USER,657,2245,11,3,178,1,64.6,61.2,3,7,15,12,18,26,42,84,165,45.3,46.8,45.2,2.11,77,258,4,1,72.6,49.4,0,45.4,46.1,63.2,61.5,52.6,32.7,reading,grammar,STABLE
1034,7,USER,214,2645,14,3,0,0,56.0,63.7,3,9,17,5,12,34,78,175,271,57.8,57.5,57.3,1.95,80,357,2,1,52.3,64.6,1,52.3,58.2,56.0,55.7,74.7,58.8,vocabulary,listening,STABLE
1035,9,USER,479,2527,14,0,0,0,60.9,62.5,1,11,17,16,25,34,72,138,246,57.2,63.2,61.9,1.82,105,330,2,5,76.3,57.2,0,57.5,60.2,54.6,66.2,40.5,62.2,writing,vocabulary,STABLE
1036,6,USER,445,1557,8,4,0,0,45.2,52.2,5,7,11,5,12,21,28,60,162,63.6,55.3,48.4,1.22,46,162,2,1,57.1,46.8,0,45.9,41.1,41.9,56.3,40.0,58.8,grammar,vocabulary,IMPROVING
1037,10,USER,151,1859,4,0,0,0,66.3,62.9,6,8,9,3,6,17,24,57,140,63.7,61.0,60.6,1.72,36,173,2,0,49.2,0.0,0,70.3,64.6,53.2,61.3,59.4,44.1,listening,grammar,STABLE
1038,7,USER,1344,2929,17,6,342,1,84.6,98.4,2,9,24,9,23,39,51,110,262,45.9,53.6,55.7,2.33,131,428,2,4,60.4,65.5,5,52.4,60.4,62.0,58.6,46.4,78.3,grammar,vocabulary,DECLINING
1039,9,USER,378,2029,8,4,0,0,50.8,61.3,3,11,21,9,14,23,59,83,178,50.6,49.2,54.8,2.02,47,212,1,4,84.7,41.9,1,50.0,47.7,49.9,75.6,55.9,56.8,writing,speaking,STABLE
1040,3,USER,113,1712,8,6,0,0,47.3,40.5,3,4,7,6,8,12,39,53,88,59.2,57.9,60.1,1.29,39,104,2,2,51.3,66.9,0,84.6,61.5,54.9,49.1,39.1,63.4,listening,vocabulary,STABLE
1041,4,USER,137,1718,9,8,170,1,69.0,52.9,1,5,11,4,11,18,41,94,148,47.2,53.2,52.9,1.85,58,160,2,0,48.7,0.0,2,45.8,33.0,54.4,53.7,57.1,55.3,vocabulary,speaking,DECLINING
1042,12,USER,155,1419,3,1,0,0,6.4,4.6,2,6,8,6,8,12,35,61,88,32.5,32.7,35.1,2.03,36,80,0,2,0.0,48.3,5,26.1,55.8,24.4,49.2,52.7,57.8,grammar,reading,STABLE
1043,8,USER,305,2603,7,0,0,0,40.8,48.2,5,11,17,13,20,32,89,120,226,76.5,73.5,69.4,1.62,95,325,0,2,0.0,65.6,2,78.6,60.2,85.1,35.2,68.1,70.9,reading,writing,IMPROVING
1044,9,USER,246,1287,0,5,237,1,58.6,57.0,2,8,12,5,12,17,64,81,163,36.7,39.9,42.4,1.85,71,172,2,0,43.9,0.0,1,31.8,46.9,63.1,47.6,46.3,38.7,reading,listening,STABLE
1045,6,USER,496,2385,13,2,0,0,54.5,44.3,5,10,22,6,17,29,56,121,162,59.1,68.3,68.3,1.6,114,301,3,0,74.6,0.0,0,72.9,58.1,63.0,64.6,65.3,86.6,grammar,speaking,DECLINING
1046,9,USER,833,1983,24,6,281,1,59.9,76.4,5,7,17,11,16,23,37,71,195,43.1,39.9,40.0,2.08,91,227,3,1,52.3,46.6,0,37.3,50.9,33.2,40.5,41.6,33.4,speaking,reading,STABLE
1047,4,USER,312,2088,10,6,0,0,44.0,51.6,3,6,12,5,9,18,62,113,152,69.4,65.1,65.3,1.83,43,145,1,1,63.1,77.6,0,59.1,76.1,55.2,69.4,85.2,59.2,vocabulary,reading,STABLE
1048,11,USER,310,1442,6,6,129,1,38.7,49.2,2,2,9,4,8,15,20,47,83,36.0,47.9,47.3,1.82,24,98,0,0,0.0,0.0,2,56.7,50.8,58.5,40.0,59.6,39.9,vocabulary,grammar,DECLINING
1049,12,USER,413,2645,4,3,55,1,77.5,87.3,4,12,19,10,23,34,83,140,272,49.3,57.7,64.8,1.71,134,376,4,4,66.1,67.1,3,66.1,63.5,49.4,61.5,57.2,83.8,grammar,reading,DECLINING
1050,1,USER,361,1785,14,6,0,0,61.4,70.5,2,8,16,7,9,22,43,94,169,61.0,63.5,65.6,2.09,81,204,1,0,67.3,0.0,1,67.6,63.9,63.0,68.8,63.3,67.6,writing,reading,STABLE
1051,11,USER,252,1428,3,7,0,0,44.2,60.3,0,4,6,4,9,13,23,42,98,63.4,70.4,72.8,1.67,38,85,0,0,0.0,0.0,5,56.7,65.2,58.8,65.0,84.3,65.1,vocabulary,listening,DECLINING
1052,5,USER,569,2018,14,0,0,0,53.7,44.9,2,7,15,7,15,30,50,108,177,65.7,66.8,68.6,2.08,123,338,0,3,0.0,77.2,0,61.2,81.5,57.5,51.9,57.9,71.6,speaking,writing,STABLE
1053,9,USER,284,2253,11,2,0,0,30.5,43.6,3,12,16,7,14,28,39,101,199,59.6,68.4,59.7,1.53,124,276,0,4,0.0,61.8,2,51.2,61.7,53.4,53.1,70.2,65.2,vocabulary,listening,STABLE
1054,1,USER,258,2011,13,6,0,0,63.3,72.8,5,10,18,9,23,33,97,124,183,52.9,56.9,61.5,1.83,110,316,5,4,60.0,55.3,1,73.5,57.9,54.8,57.9,92.8,58.6,vocabulary,reading,DECLINING
1055,11,USER,332,1645,7,3,0,0,66.9,60.7,4,12,14,5,10,21,24,62,131,50.8,52.6,57.3,2.01,54,179,0,1,0.0,68.1,0,52.4,66.7,45.0,61.6,52.4,79.3,grammar,reading,DECLINING
1056,8,USER,268,2568,10,1,0,0,76.9,95.5,6,14,20,11,16,37,130,184,269,68.6,63.4,63.6,1.52,111,384,7,4,76.6,68.5,1,56.7,59.8,61.3,70.0,57.9,65.0,writing,listening,IMPROVING
1057,1,USER,45,729,0,15,0,0,46.9,50.2,0,0,0,0,0,0,2,4,9,29.8,36.3,37.4,2.34,8,19,0,0,0.0,0.0,0,20.6,44.9,51.7,52.5,38.1,43.0,writing,listening,DECLINING
1058,3,USER,153,2470,11,0,0,0,77.1,100.0,3,8,21,8,17,40,88,143,254,72.2,78.3,74.2,1.6,185,400,5,3,67.2,71.5,0,69.6,70.0,78.5,62.5,83.2,48.6,vocabulary,grammar,STABLE
1059,1,USER,169,1606,4,5,0,0,74.6,88.2,5,11,20,4,11,17,26,67,95,60.8,53.3,52.4,1.63,24,134,1,2,62.5,72.2,0,67.2,63.1,43.0,57.4,60.5,52.9,listening,reading,IMPROVING
1060,6,USER,114,2257,13,1,0,0,82.1,64.8,6,11,16,14,22,29,27,72,167,70.9,71.0,67.2,2.06,155,325,2,2,86.9,56.2,1,72.7,49.1,60.8,82.2,74.0,64.2,writing,speaking,STABLE
1061,12,USER,259,1430,3,11,0,0,43.5,43.3,2,6,8,3,6,14,47,71,100,61.5,59.6,62.9,2.23,42,137,1,2,57.0,64.1,3,56.1,63.9,65.0,57.3,63.7,55.9,reading,grammar,STABLE
1062,4,USER,424,2626,10,6,0,0,100.0,100.0,3,12,22,10,24,40,62,156,286,71.5,78.2,77.1,1.89,165,416,4,4,67.3,100.0,0,54.7,90.8,61.5,68.8,79.0,73.0,speaking,listening,STABLE
1063,10,USER,876,2837,22,0,325,1,64.9,78.3,6,14,28,18,32,54,91,159,258,61.8,60.4,55.8,1.82,254,549,4,4,50.6,54.4,0,53.0,57.1,54.6,53.4,58.9,73.0,grammar,listening,IMPROVING
1064,12,USER,614,2693,15,0,0,0,51.0,43.8,5,10,14,4,10,25,86,126,245,73.7,74.2,68.9,1.15,124,303,2,3,60.1,67.9,0,69.3,65.0,70.2,56.7,62.9,88.0,grammar,writing,IMPROVING
1065,8,USER,1131,3330,28,3,316,1,71.5,84.8,5,13,27,20,36,56,133,194,336,70.4,68.6,64.7,1.45,249,601,2,3,63.8,71.3,0,46.6,61.3,54.2,64.3,75.9,68.3,vocabulary,listening,IMPROVING
1066,7,USER,549,2353,13,4,0,0,62.6,73.4,5,9,16,11,17,31,61,78,197,66.0,62.7,59.5,1.85,94,298,6,0,67.8,0.0,0,63.0,67.3,55.3,65.7,39.7,45.3,speaking,vocabulary,IMPROVING
1067,11,USER,319,2644,6,9,0,0,65.4,82.2,4,13,18,12,21,36,83,153,234,60.5,57.9,60.8,1.71,137,371,2,3,79.6,47.2,1,76.7,43.6,63.4,72.8,63.0,55.5,listening,speaking,STABLE
1068,3,USER,653,1593,13,8,351,1,38.1,48.7,4,8,14,2,6,16,59,99,139,54.2,60.2,63.1,2.04,88,214,1,0,71.6,0.0,0,46.6,53.6,64.4,67.5,47.6,85.0,grammar,listening,DECLINING
1069,9,USER,392,3043,17,3,125,1,76.5,100.0,4,9,21,25,31,46,170,231,374,46.6,50.9,53.7,1.98,160,469,5,4,58.2,62.7,1,42.2,45.4,62.7,57.2,32.8,53.3,reading,vocabulary,DECLINING
1070,6,USER,618,1857,7,6,216,1,86.0,72.3,3,9,12,6,8,20,37,67,126,46.1,51.3,52.6,1.8,97,207,0,2,0.0,38.5,0,63.1,39.1,52.9,55.3,78.0,47.0,vocabulary,speaking,DECLINING
1071,9,USER,205,1425,9,5,29,1,66.1,61.0,5,7,14,8,12,20,34,63,94,67.4,65.6,70.8,1.55,63,226,3,1,75.0,71.8,4,70.0,62.5,68.1,80.1,75.7,81.1,grammar,speaking,STABLE
1072,7,USER,436,2567,9,8,0,0,47.4,35.2,3,11,15,7,17,32,49,100,206,63.8,60.9,57.4,1.62,88,292,2,4,34.0,65.2,0,65.8,60.1,59.1,27.1,75.2,60.3,vocabulary,writing,IMPROVING
1073,3,USER,183,1039,4,4,0,0,69.0,54.3,0,5,7,3,7,13,54,78,110,65.6,58.2,59.2,1.64,42,133,1,4,59.8,66.5,1,70.3,71.6,62.9,55.4,43.8,57.9,speaking,vocabulary,IMPROVING
1074,8,USER,273,1096,16,9,0,0,30.7,41.5,2,2,5,1,3,5,9,17,42,56.1,52.6,52.3,1.82,29,65,0,0,0.0,0.0,0,47.5,38.4,62.4,42.5,63.8,52.5,vocabulary,speaking,STABLE
1075,4,USER,411,1778,11,0,314,1,89.9,73.5,4,8,22,10,22,29,56,96,167,55.7,54.6,54.4,1.87,98,280,5,0,36.7,0.0,2,83.1,56.6,52.8,34.5,63.2,52.9,listening,writing,STABLE
1076,10,USER,649,1412,4,4,138,1,43.2,41.9,3,4,11,3,9,18,39,59,111,44.7,41.0,43.8,2.04,41,192,0,0,0.0,0.0,0,60.0,51.4,55.2,45.6,26.5,41.7,listening,vocabulary,STABLE
1077,8,USER,657,2955,11,6,0,0,79.2,82.5,5,9,23,13,24,43,95,156,327,65.8,60.3,65.4,1.49,129,432,3,4,59.5,76.3,0,50.0,69.6,67.4,61.0,69.6,61.1,speaking,listening,STABLE
1078,2,USER,668,2696,7,2,171,1,77.5,74.9,4,13,24,7,15,39,121,182,246,66.1,68.9,67.5,1.52,162,424,5,5,67.1,82.0,1,65.4,75.2,64.7,68.8,54.2,63.9,speaking,vocabulary,STABLE
1079,8,USER,247,1500,5,3,0,0,45.4,54.9,0,4,8,5,7,10,33,47,65,45.7,59.2,61.8,2.12,45,96,2,0,54.5,0.0,0,62.5,63.5,58.1,63.2,51.4,52.5,speaking,vocabulary,DECLINING
1080,8,USER,331,1572,9,7,0,0,76.2,81.4,2,9,18,7,14,27,46,109,152,65.3,60.3,64.0,1.55,100,242,2,5,72.7,47.3,3,59.2,57.0,55.8,59.7,73.2,58.5,vocabulary,reading,STABLE
1081,11,USER,369,1474,5,0,0,0,55.2,60.4,3,8,13,7,15,23,48,65,107,61.6,62.4,60.6,1.93,85,212,1,0,51.4,0.0,0,51.6,63.9,68.3,46.1,66.6,43.9,reading,grammar,STABLE
1082,5,USER,623,2025,31,0,0,0,79.8,65.2,6,11,24,6,14,32,97,129,232,70.2,64.2,66.1,1.45,168,390,3,2,59.2,64.9,0,60.0,65.7,88.9,64.5,44.1,64.1,reading,vocabulary,IMPROVING
1083,4,USER,180,1968,12,7,0,0,76.3,68.1,5,7,12,10,16,27,34,85,170,67.7,68.8,65.7,1.96,112,282,2,3,71.0,90.0,0,66.2,85.0,53.8,69.1,70.0,69.4,speaking,reading,STABLE
1084,9,USER,547,2949,7,9,0,0,80.1,79.6,4,10,18,21,30,47,96,133,295,59.5,63.6,67.4,1.54,191,471,5,4,40.5,69.4,3,85.6,70.1,69.8,50.4,63.5,70.3,listening,writing,DECLINING
1085,10,USER,256,2100,11,5,56,1,66.9,53.5,4,8,14,4,9,21,66,83,151,84.7,79.5,77.3,1.46,43,206,2,3,76.1,90.1,0,57.0,91.2,79.4,81.1,78.3,82.1,speaking,listening,IMPROVING
1086,5,USER,148,1564,11,7,0,0,46.2,57.5,1,12,13,9,14,21,33,72,96,36.1,39.9,48.8,2.47,67,183,2,2,54.9,40.6,0,44.0,42.7,52.8,44.9,52.9,54.0,grammar,speaking,DECLINING
1087,4,USER,386,3512,23,4,0,0,82.7,82.0,4,9,23,10,26,48,68,137,354,75.0,67.6,64.4,1.16,154,524,6,5,51.5,76.3,2,55.6,70.7,70.3,59.1,65.5,70.4,speaking,listening,IMPROVING
1088,6,USER,715,1527,5,1,304,1,77.5,58.7,3,10,12,5,11,23,43,80,124,72.5,68.8,71.4,1.26,81,232,2,3,78.1,68.6,0,64.0,66.7,38.2,83.6,68.3,71.6,writing,reading,STABLE
1089,4,USER,355,2142,20,7,0,0,50.3,59.4,4,9,17,15,25,36,129,168,258,50.3,49.1,45.3,1.67,84,314,0,7,0.0,27.2,3,56.3,28.9,38.9,36.3,55.6,58.4,grammar,speaking,IMPROVING
1090,5,USER,442,1883,9,0,10,1,46.2,46.3,5,11,18,5,9,24,64,81,157,52.4,53.6,53.9,1.72,97,213,3,7,43.4,47.0,1,50.7,46.6,52.3,44.4,65.5,62.5,vocabulary,writing,STABLE
1091,10,USER,487,2387,15,1,257,1,74.2,68.0,6,12,18,9,22,36,41,67,171,73.2,72.6,66.9,1.6,118,373,3,4,70.4,71.2,5,69.6,65.5,74.2,68.9,75.1,58.8,vocabulary,grammar,IMPROVING
1092,4,USER,326,2225,12,3,0,0,71.3,75.3,3,8,14,5,13,25,74,149,224,53.2,50.5,53.3,1.93,96,234,1,2,50.7,56.2,0,57.7,59.1,57.8,33.2,46.0,47.0,speaking,writing,STABLE
1093,7,USER,594,1052,17,3,355,1,40.6,44.8,4,4,7,3,4,11,39,50,81,50.1,47.8,47.6,2.07,32,104,2,0,66.3,0.0,1,36.6,47.1,61.0,63.5,35.4,54.3,writing,vocabulary,STABLE
1094,2,USER,0,1758,9,0,0,0,30.4,52.9,4,7,11,8,11,17,31,71,141,70.1,66.7,61.9,1.25,45,176,0,1,0.0,74.5,1,62.8,81.1,52.1,54.3,56.7,37.2,speaking,grammar,IMPROVING
1095,10,USER,429,2847,13,1,64,1,78.6,87.4,2,11,18,13,30,41,63,131,353,55.9,58.5,57.0,1.41,81,440,5,4,62.1,44.5,0,68.7,32.8,65.8,55.7,58.5,55.3,listening,speaking,STABLE
1096,11,USER,3,1033,11,9,0,0,61.0,82.2,3,5,14,5,8,13,18,27,72,55.8,57.9,56.8,1.79,46,134,1,0,41.8,0.0,0,47.4,63.3,64.3,47.1,68.4,57.5,vocabulary,writing,STABLE
1097,10,USER,165,1284,10,3,0,0,58.3,42.4,1,5,8,3,6,13,36,63,99,61.2,62.0,59.2,1.77,37,144,0,1,0.0,63.9,0,72.2,58.4,86.1,52.1,57.6,64.0,reading,writing,STABLE
1098,7,USER,92,2654,0,2,0,0,48.0,42.9,2,10,17,8,14,36,112,142,208,53.2,56.5,59.4,1.51,150,320,4,2,71.5,51.6,0,46.9,50.9,50.4,67.3,44.5,73.9,grammar,vocabulary,DECLINING
1099,1,USER,299,1365,6,6,0,0,28.7,46.8,2,4,10,8,14,19,16,43,87,51.2,47.1,47.4,1.68,66,165,0,0,0.0,0.0,3,54.1,45.0,43.0,40.9,53.1,45.9,listening,writing,STABLE
1100,2,USER,359,3411,24,3,0,0,84.4,86.2,5,9,24,11,21,47,103,139,384,60.7,57.0,48.1,1.66,101,488,1,8,64.4,42.9,1,58.1,53.7,23.3,65.2,36.3,51.8,writing,reading,IMPROVING
1101,3,USER,292,2247,23,0,0,0,63.8,51.5,3,6,13,7,16,22,54,76,156,70.6,75.1,72.9,1.99,55,222,0,0,0.0,0.0,0,64.5,60.6,70.7,80.3,74.4,77.1,writing,speaking,STABLE
1102,12,USER,544,2464,2,2,0,0,54.1,73.2,3,8,16,7,16,28,37,96,221,60.1,58.9,62.1,1.77,53,288,3,6,50.6,55.9,1,70.2,55.9,58.5,50.0,81.8,77.7,vocabulary,writing,STABLE
1103,1,USER,219,1966,1,8,0,0,65.3,76.9,4,10,14,11,18,25,38,66,183,65.6,71.3,73.8,1.8,105,275,3,1,66.4,84.2,0,83.5,80.8,85.0,62.1,78.1,68.2,reading,writing,DECLINING
1104,7,USER,144,1492,11,4,100,1,72.3,69.3,4,9,17,3,6,14,50,69,120,57.6,54.7,52.7,1.83,64,138,0,2,0.0,58.4,3,62.3,37.8,45.6,54.2,45.9,56.6,listening,speaking,IMPROVING
1105,3,ADMIN,195,2335,4,3,0,0,77.0,72.2,2,8,13,7,14,23,86,123,200,66.8,70.9,71.2,1.84,111,247,4,3,65.2,78.5,0,68.9,71.4,78.6,59.6,63.7,76.0,reading,writing,STABLE
1106,2,USER,0,2023,1,5,0,0,54.0,58.0,4,8,19,4,11,30,41,77,158,31.5,33.2,33.8,1.73,79,234,2,2,68.3,40.5,1,36.4,49.2,35.7,59.3,29.7,27.8,writing,grammar,STABLE
1107,1,USER,0,851,7,6,0,0,31.0,16.4,1,2,3,1,2,3,4,10,19,58.5,53.2,51.8,1.79,6,24,0,0,0.0,0.0,3,57.9,50.5,49.8,37.5,60.0,49.2,vocabulary,writing,IMPROVING
1108,12,USER,0,1404,10,8,97,1,64.7,52.4,7,10,16,7,15,22,33,54,82,66.3,64.9,60.3,1.64,77,193,2,4,63.1,76.1,5,56.6,72.3,41.8,66.8,48.0,62.4,speaking,reading,IMPROVING
1109,3,USER,563,2455,24,6,193,1,91.8,100.0,6,11,19,18,24,37,48,98,257,50.7,51.0,49.1,1.65,123,401,4,4,64.8,52.1,0,58.9,52.4,36.7,58.4,52.5,83.0,grammar,reading,STABLE
1110,5,USER,72,2758,6,0,0,0,100.0,85.7,5,8,26,23,30,49,102,161,387,61.0,65.8,61.5,1.56,135,465,7,9,51.9,74.9,1,64.6,66.2,79.7,51.8,57.7,55.6,reading,writing,STABLE
1111,3,USER,182,1850,3,3,0,0,49.1,62.4,3,8,14,5,6,15,41,78,154,45.7,49.2,50.3,1.91,31,141,0,1,0.0,56.3,0,56.9,49.6,60.1,38.3,52.3,51.0,reading,writing,STABLE
1112,2,USER,473,1838,18,1,79,1,57.8,66.2,4,9,13,3,8,21,76,133,178,70.8,71.0,68.7,1.71,57,202,3,1,58.3,66.8,2,81.8,58.8,75.3,59.0,58.9,53.4,listening,grammar,STABLE
1113,5,USER,169,1620,9,0,0,0,52.1,56.5,4,7,11,5,9,21,45,80,111,61.0,61.6,60.7,1.73,75,220,2,2,58.7,85.5,0,67.5,71.3,61.9,46.6,57.8,66.8,speaking,writing,STABLE
1114,12,USER,310,1211,10,3,0,0,56.7,61.6,3,6,9,3,7,11,25,58,93,57.8,60.8,62.7,1.66,31,96,0,1,0.0,67.0,0,55.2,65.6,63.2,66.5,37.1,69.1,grammar,vocabulary,STABLE
1115,4,USER,248,1920,4,1,0,0,91.9,92.7,0,8,13,3,8,22,43,115,159,52.3,56.2,59.9,2.07,81,228,1,0,66.4,0.0,3,37.8,50.8,55.3,55.2,70.9,62.3,vocabulary,listening,DECLINING
1116,6,USER,178,1720,18,1,0,0,67.1,67.5,4,9,15,6,11,28,52,88,165,62.9,63.6,57.0,1.35,94,290,2,2,58.5,51.2,2,85.5,50.3,56.2,49.8,60.9,81.3,listening,writing,IMPROVING
1117,12,USER,635,1359,10,4,106,1,28.7,38.4,2,5,13,6,14,21,15,40,114,51.5,53.6,51.5,2.0,66,182,3,0,60.8,0.0,2,57.1,54.5,63.8,51.2,39.1,43.1,reading,vocabulary,STABLE
1118,2,USER,395,2332,6,6,0,0,88.1,71.8,3,10,21,10,26,49,73,172,273,39.1,44.4,45.9,1.7,173,438,4,2,70.5,64.6,0,54.2,56.7,42.9,66.1,49.9,43.9,writing,reading,DECLINING
1119,5,USER,31,1346,2,7,0,0,59.8,46.5,4,9,11,6,12,18,34,67,93,53.0,50.2,49.6,1.72,64,135,1,3,70.1,41.7,1,57.8,52.7,29.1,72.4,69.4,39.9,writing,reading,STABLE
1120,9,USER,0,1220,2,9,0,0,32.4,42.8,2,4,8,3,6,11,31,47,72,68.3,63.5,63.6,2.03,39,89,0,0,0.0,0.0,0,56.8,86.9,51.1,61.7,71.7,64.9,speaking,reading,STABLE
1121,10,USER,53,1994,8,3,0,0,47.6,56.7,2,9,17,14,19,29,28,62,171,42.4,48.9,45.3,1.54,97,257,2,1,41.5,44.6,3,46.1,43.7,41.7,48.0,29.8,42.1,writing,vocabulary,STABLE
1122,8,USER,0,1039,9,7,0,0,42.7,64.4,4,4,6,2,4,8,8,24,65,50.9,49.8,44.2,1.74,15,66,0,0,0.0,0.0,3,44.0,53.1,40.3,24.4,56.5,48.3,vocabulary,writing,IMPROVING
1123,6,USER,615,3196,19,0,121,1,80.3,97.7,4,10,23,20,33,45,86,148,391,60.2,61.2,58.5,1.6,167,540,2,4,81.7,55.5,0,59.0,55.1,68.6,70.8,54.5,66.4,writing,vocabulary,STABLE
1124,4,USER,437,2912,12,4,0,0,75.1,66.3,4,12,23,14,21,44,105,189,287,67.5,68.6,67.1,1.52,135,465,2,7,58.7,73.4,2,68.4,66.5,60.0,62.6,86.3,70.6,vocabulary,reading,STABLE
1125,3,USER,168,2047,5,0,0,0,56.4,85.8,3,9,11,5,10,26,64,143,198,54.5,52.5,55.5,1.96,50,206,2,1,40.1,80.5,2,36.4,72.6,58.0,37.9,49.6,54.3,speaking,listening,STABLE
1126,6,USER,318,1712,9,6,0,0,64.5,56.7,4,12,14,3,7,18,30,40,83,70.4,63.6,69.6,1.42,44,161,0,2,0.0,95.6,1,72.1,85.9,95.1,62.1,57.8,72.4,reading,vocabulary,STABLE
1127,10,USER,267,3688,21,0,0,0,92.0,87.4,6,12,23,17,23,56,113,253,499,84.3,75.1,71.7,1.69,159,592,8,6,66.6,50.1,0,46.5,56.7,73.0,67.7,65.1,82.3,grammar,listening,IMPROVING
1128,11,USER,161,1173,12,2,0,0,74.7,75.7,2,4,11,6,11,17,37,80,113,73.8,72.9,71.8,1.85,78,186,4,0,80.6,0.0,2,56.1,60.8,75.1,82.0,68.7,70.9,writing,listening,STABLE
1129,4,USER,98,1224,4,2,0,0,36.9,31.8,3,6,8,2,6,11,16,32,65,55.5,54.8,57.0,1.87,22,103,0,2,0.0,77.8,3,44.5,70.0,47.9,67.8,51.2,54.0,speaking,listening,STABLE
1130,8,USER,744,2750,11,2,263,1,93.8,100.0,4,8,23,7,14,39,70,161,239,77.0,76.5,78.7,1.47,117,453,4,3,81.5,72.6,0,63.8,76.4,72.8,77.1,58.8,89.2,grammar,vocabulary,STABLE
1131,12,USER,439,2674,10,0,0,0,81.0,74.7,3,11,26,24,32,45,94,171,243,49.6,44.4,51.8,1.93,114,418,1,2,46.5,44.7,0,47.4,45.5,52.3,43.4,45.5,68.8,grammar,writing,STABLE
1132,11,USER,535,2641,8,8,280,1,44.4,20.9,2,7,20,14,20,43,82,177,287,49.0,48.5,52.7,1.88,163,418,3,1,66.1,40.1,1,49.1,32.4,54.6,72.9,41.8,61.4,writing,speaking,STABLE
1133,8,USER,437,2323,7,3,104,1,79.4,86.2,3,8,17,14,23,38,55,104,268,37.0,47.6,50.0,1.59,175,413,4,2,48.8,40.2,1,45.8,42.6,54.6,38.2,66.0,54.1,vocabulary,writing,DECLINING
1134,4,USER,586,1895,10,5,0,0,86.1,84.5,3,8,13,11,18,26,46,86,159,66.3,70.5,77.2,2.21,81,280,3,0,77.3,0.0,5,94.4,56.6,78.2,81.3,86.1,70.1,listening,speaking,DECLINING
1135,9,USER,142,2278,5,7,0,0,84.8,80.3,4,10,16,14,18,29,53,117,176,70.2,72.2,67.2,1.75,111,273,3,4,73.0,67.8,0,61.2,70.0,65.5,68.5,52.2,85.2,grammar,vocabulary,STABLE
1136,4,USER,553,1763,5,7,0,0,43.4,37.8,1,7,12,5,10,20,39,99,146,64.4,71.9,68.8,1.79,101,224,1,1,81.9,82.6,0,70.5,79.7,65.7,75.6,49.6,65.9,speaking,vocabulary,DECLINING
1137,4,USER,608,1876,16,4,173,1,73.2,71.5,2,7,19,10,14,31,66,106,207,60.6,56.4,53.8,2.0,127,318,5,0,53.9,0.0,1,53.5,48.7,75.3,52.3,47.8,53.9,reading,vocabulary,IMPROVING
1138,9,USER,261,1816,17,0,0,0,84.6,86.3,4,5,11,7,11,24,83,105,233,62.8,62.9,64.6,1.45,84,235,3,0,80.0,0.0,0,55.6,61.2,62.2,83.6,52.2,48.1,writing,grammar,STABLE
1139,5,USER,284,1945,11,4,0,0,69.8,71.9,5,9,17,7,17,28,62,110,215,49.1,47.4,51.3,1.57,83,284,2,0,64.0,0.0,0,49.9,65.3,66.4,50.4,38.5,44.6,reading,vocabulary,STABLE
1140,10,ADMIN,0,1142,9,6,0,0,50.8,35.1,1,1,2,0,1,3,4,11,23,63.4,71.6,73.2,1.67,8,39,0,0,0.0,0.0,1,58.8,80.2,78.5,80.2,65.6,72.3,speaking,listening,DECLINING
1141,5,USER,233,1644,20,4,0,0,56.6,54.9,3,8,16,11,15,28,47,85,183,56.3,57.9,58.2,1.86,101,283,1,3,54.2,59.3,0,75.9,64.4,68.3,50.1,68.5,41.1,listening,grammar,STABLE
1142,9,USER,574,2144,16,4,313,1,65.8,66.5,3,9,21,13,19,31,38,103,195,63.2,62.6,61.2,1.97,156,341,2,2,62.7,58.7,1,51.0,55.2,64.6,63.5,63.9,58.9,reading,listening,STABLE
1143,10,USER,665,2410,21,2,0,0,71.8,79.0,5,7,25,20,28,41,76,166,352,35.4,41.7,39.1,1.94,143,398,8,4,51.4,31.0,2,37.6,33.0,36.3,44.1,51.9,61.1,grammar,speaking,STABLE
1144,9,USER,238,2958,12,2,0,0,93.1,100.0,5,13,22,13,19,40,159,222,371,58.5,58.1,58.1,1.71,186,411,8,2,77.8,59.1,1,48.4,46.2,71.3,71.4,66.9,64.1,writing,speaking,STABLE
1145,9,USER,449,2136,0,6,188,1,56.4,60.3,3,7,16,9,19,35,62,103,172,72.5,71.0,70.7,1.47,134,345,4,3,77.9,53.8,3,67.0,60.0,69.2,75.4,85.2,54.5,vocabulary,grammar,STABLE
1146,7,USER,6,1569,8,6,0,0,51.3,44.4,3,8,13,5,11,20,45,59,134,57.9,55.4,47.9,1.94,48,174,1,1,64.9,28.7,1,52.0,35.8,61.8,59.6,54.1,50.9,reading,speaking,IMPROVING
1147,3,USER,567,2496,21,5,0,0,90.1,86.5,3,12,25,10,15,31,72,92,234,71.7,69.5,69.2,1.34,135,322,1,8,76.1,77.9,0,48.6,85.6,70.5,68.7,57.6,61.2,speaking,listening,STABLE
1148,3,USER,391,1916,3,2,0,0,71.9,65.9,3,9,17,7,13,20,82,131,176,62.1,59.2,57.8,1.71,87,199,2,2,54.5,47.8,3,56.9,54.4,58.4,62.5,83.4,60.5,vocabulary,speaking,STABLE
1149,6,USER,262,2336,6,2,0,0,56.3,44.2,2,10,17,10,25,35,64,119,283,63.7,63.1,62.5,1.7,95,369,4,2,47.6,50.7,0,55.3,58.5,74.9,46.7,90.7,56.3,vocabulary,writing,STABLE
1150,11,USER,46,1800,13,8,0,0,76.0,91.7,5,9,16,11,16,35,114,154,232,44.0,40.9,38.2,1.59,116,288,4,4,50.2,44.8,1,19.7,51.7,52.0,46.8,47.7,69.2,grammar,listening,IMPROVING
1151,6,USER,0,1201,0,1,85,1,39.2,55.7,4,6,13,2,5,12,27,42,82,57.1,58.7,56.1,1.8,38,108,1,1,46.3,60.0,2,77.3,57.6,66.3,36.4,66.1,73.0,listening,writing,STABLE
1152,6,USER,372,1859,1,4,0,0,67.1,86.2,3,10,12,4,7,19,40,74,121,73.4,70.7,68.0,1.61,48,169,0,2,0.0,59.1,0,57.9,66.3,60.8,87.5,72.6,57.3,writing,grammar,STABLE
1153,4,USER,456,1514,7,1,0,0,51.2,70.8,3,6,12,7,9,22,45,100,135,61.1,65.1,61.1,1.9,67,211,0,1,0.0,61.9,0,73.8,63.5,55.5,60.8,58.1,50.3,listening,grammar,STABLE
1154,7,USER,297,2087,9,11,0,0,68.4,58.0,4,8,15,7,13,33,70,92,211,60.6,62.3,59.6,1.75,124,289,2,2,82.9,57.1,0,71.0,55.2,60.3,69.8,59.4,53.7,listening,grammar,STABLE
1155,2,USER,107,1596,10,4,0,0,65.5,48.3,7,9,12,11,14,21,57,109,151,61.5,56.8,55.8,1.68,39,179,2,1,42.4,68.1,0,71.9,56.7,47.7,53.5,41.5,47.4,listening,vocabulary,IMPROVING
1156,4,USER,625,2555,16,6,0,0,70.6,96.3,4,10,23,12,20,48,59,113,271,52.4,59.3,59.3,1.88,131,498,3,5,55.1,36.1,0,64.5,30.7,59.2,55.6,50.7,65.3,grammar,speaking,DECLINING
1157,9,USER,703,3898,12,5,0,0,85.7,84.4,5,11,24,18,27,56,77,199,424,53.3,53.0,54.4,1.78,240,530,7,5,45.4,54.7,0,53.7,47.7,54.8,39.1,54.0,61.6,grammar,writing,STABLE
1158,5,USER,355,1256,10,7,0,0,35.6,25.8,2,5,9,5,6,13,28,42,88,36.0,47.4,51.5,2.37,22,112,2,0,68.9,0.0,1,48.3,51.7,56.7,66.8,51.3,40.2,writing,grammar,DECLINING
1159,6,USER,134,1899,19,2,0,0,64.9,90.0,6,9,16,5,10,27,57,96,202,65.8,58.6,51.5,1.78,71,250,0,1,0.0,45.7,2,57.1,42.3,48.1,36.8,60.4,78.0,grammar,writing,IMPROVING
1160,4,USER,380,3243,21,0,0,0,60.5,53.1,5,11,22,15,24,53,78,155,402,52.2,51.8,56.0,1.53,232,521,10,2,69.5,60.7,0,60.5,55.1,66.3,64.0,42.8,60.2,reading,vocabulary,STABLE
1161,6,USER,349,1244,4,0,0,0,47.9,61.0,3,8,16,7,13,18,26,42,76,65.0,59.8,61.1,1.86,54,157,2,0,59.4,0.0,0,58.5,54.6,61.5,50.8,45.4,77.3,grammar,vocabulary,STABLE
1162,12,USER,202,3127,16,0,0,0,76.2,78.2,4,14,28,13,29,51,169,246,424,62.0,61.8,56.2,1.98,167,507,3,4,53.7,77.8,0,52.7,63.5,59.5,55.3,48.3,58.9,speaking,vocabulary,IMPROVING
1163,12,USER,140,1539,7,5,150,1,25.8,38.0,3,4,8,7,9,15,56,74,129,62.6,66.3,65.7,2.04,55,151,0,0,0.0,0.0,0,56.6,48.1,62.0,96.2,62.3,74.1,writing,speaking,STABLE
1164,8,USER,273,1144,4,6,0,0,54.5,87.4,5,5,6,3,4,9,12,19,46,59.1,57.8,57.3,1.91,19,75,0,0,0.0,0.0,0,66.4,64.7,47.3,75.1,48.7,58.6,writing,reading,STABLE
1165,7,USER,605,3293,16,5,0,0,75.2,100.0,6,7,19,6,18,50,152,195,296,91.3,80.5,74.9,1.39,107,503,3,5,77.6,75.6,1,54.9,75.4,69.1,80.4,65.6,73.5,writing,listening,IMPROVING
1166,11,USER,669,417,11,9,334,1,57.9,54.1,2,4,7,1,2,5,15,34,46,49.5,47.7,48.8,1.85,18,50,0,0,0.0,0.0,0,37.7,46.8,53.4,61.2,45.1,52.6,writing,listening,STABLE
1167,12,USER,518,1643,10,0,354,1,43.4,30.7,4,6,10,2,7,14,47,63,128,56.0,58.2,55.6,1.96,75,168,1,0,41.4,0.0,0,62.7,57.7,54.1,49.8,44.7,68.0,grammar,vocabulary,STABLE
1168,10,USER,155,1401,16,2,0,0,46.8,40.5,3,6,11,4,8,14,20,56,94,52.1,51.6,52.6,2.06,50,128,0,3,0.0,54.7,3,31.3,51.8,62.7,53.5,59.4,50.9,reading,listening,STABLE
1169,8,USER,360,1857,0,4,0,0,84.3,90.3,3,5,15,5,8,22,30,76,141,71.6,77.3,74.0,1.71,74,239,4,3,56.7,74.4,1,93.2,72.3,67.0,49.1,75.3,63.3,listening,writing,STABLE
1170,6,USER,337,2412,8,2,0,0,67.0,69.3,3,11,15,9,18,34,59,139,246,67.8,67.9,63.2,1.45,143,331,6,3,76.6,46.4,0,70.6,35.7,57.1,78.1,64.5,58.8,writing,speaking,STABLE
1171,3,ADMIN,27,2329,7,4,0,0,64.3,50.8,2,8,14,10,14,21,34,94,142,65.5,63.5,66.2,1.51,98,216,2,0,68.6,0.0,0,68.9,63.0,56.7,69.2,63.7,69.6,grammar,reading,STABLE
1172,6,USER,357,2635,10,6,77,1,45.3,55.9,3,9,18,7,10,29,47,67,176,64.7,58.3,59.6,1.41,67,300,1,5,58.5,55.9,0,60.4,45.5,42.2,61.4,70.5,50.0,vocabulary,reading,STABLE
1173,6,USER,226,1033,0,5,0,0,46.6,29.9,2,4,5,1,3,7,15,21,47,39.3,49.0,47.9,1.82,18,74,0,0,0.0,0.0,0,41.0,49.4,58.2,50.4,47.4,48.6,reading,listening,DECLINING
1174,5,USER,402,2534,15,7,0,0,65.1,53.0,2,11,15,10,16,30,90,117,235,54.4,60.9,61.8,1.99,119,282,2,1,84.6,68.6,0,67.4,62.1,67.9,80.8,43.1,53.7,writing,vocabulary,DECLINING
1175,10,USER,361,1685,16,1,0,0,50.1,55.4,4,10,14,12,21,33,69,95,209,63.6,64.6,63.8,1.69,91,350,1,3,48.6,41.5,1,61.3,43.3,70.9,47.6,70.9,65.9,reading,speaking,STABLE
1176,5,USER,238,1138,2,7,0,0,45.8,64.1,3,4,9,4,7,14,26,38,70,53.9,51.4,50.0,2.06,42,137,2,1,50.1,68.8,0,37.4,67.7,30.4,58.7,52.8,61.4,speaking,reading,STABLE
1177,9,USER,368,1250,0,6,0,0,53.7,55.5,2,7,12,2,5,14,30,52,95,52.5,50.2,54.2,1.51,31,110,0,2,0.0,51.0,1,44.5,62.1,52.3,47.3,74.2,60.0,vocabulary,listening,STABLE
1178,5,USER,421,3157,17,1,0,0,69.0,81.9,4,11,20,11,31,45,189,247,409,57.9,56.9,58.2,1.92,151,503,6,7,71.7,60.5,3,52.7,65.5,47.2,62.8,40.3,47.6,speaking,vocabulary,STABLE
1179,10,USER,118,1211,14,5,0,0,1.7,4.1,1,2,4,2,2,4,6,11,26,51.0,47.7,47.7,1.77,15,45,0,2,0.0,38.4,2,47.0,38.7,48.2,65.0,35.7,49.2,writing,vocabulary,STABLE
1180,8,USER,437,2921,18,0,0,0,78.0,75.1,4,8,23,10,23,51,39,96,256,64.5,66.4,70.5,1.49,213,474,2,9,68.1,61.2,1,84.6,54.2,65.4,72.4,80.3,60.6,listening,speaking,DECLINING
1181,5,USER,518,1772,7,2,59,1,70.8,89.9,2,11,14,9,13,23,30,62,142,58.3,54.6,59.8,1.58,74,258,4,2,69.7,56.2,0,75.1,58.2,49.3,57.4,65.5,41.7,listening,grammar,STABLE
1182,8,USER,389,1496,9,4,55,1,68.8,41.7,3,7,12,4,6,15,49,69,132,59.4,64.3,63.4,1.68,55,157,1,2,74.9,70.9,0,38.2,62.8,63.1,70.9,79.9,67.0,vocabulary,listening,STABLE
1183,6,USER,0,738,8,2,0,0,37.4,26.7,2,4,9,2,4,7,20,40,58,39.7,40.6,43.2,2.1,15,48,0,1,0.0,55.4,0,41.2,54.7,42.5,50.3,27.1,64.8,grammar,vocabulary,STABLE
1184,6,USER,452,1897,15,2,0,0,44.8,45.8,3,10,12,8,13,21,52,124,174,59.9,63.2,62.0,1.74,82,216,1,4,69.0,54.8,0,34.8,59.3,87.5,48.0,57.7,59.0,reading,listening,STABLE
1185,2,USER,218,1292,7,3,0,0,66.8,96.2,4,6,12,4,8,13,36,53,85,60.1,60.2,57.8,2.23,35,167,0,0,0.0,0.0,0,45.0,65.6,54.9,54.6,58.7,65.9,grammar,listening,STABLE
1186,3,USER,431,1503,8,7,0,0,75.7,51.2,4,6,11,6,8,13,32,56,93,58.5,64.6,67.2,1.58,73,156,1,3,86.6,70.1,1,66.7,71.2,72.0,86.9,71.6,62.8,writing,grammar,DECLINING
1187,5,USER,229,3043,11,2,0,0,70.6,59.3,2,11,24,9,18,46,110,192,369,55.0,52.0,59.3,1.83,221,476,11,4,52.0,54.7,0,74.0,53.0,65.3,47.8,83.4,58.3,vocabulary,writing,STABLE
1188,11,USER,137,1485,4,7,0,0,51.6,74.9,3,8,14,4,11,16,35,99,139,64.7,67.3,67.4,1.37,42,201,3,3,69.8,80.1,0,61.9,77.2,44.9,62.7,66.7,56.3,speaking,reading,STABLE
1189,9,USER,0,1030,6,6,0,0,15.6,30.4,0,2,4,1,3,7,14,21,41,58.5,59.6,60.0,1.45,6,28,0,0,0.0,0.0,0,64.3,62.2,49.5,62.9,76.9,49.9,vocabulary,reading,STABLE
1190,3,USER,779,3833,17,0,339,1,86.3,86.3,4,8,24,15,41,55,237,329,452,56.7,55.6,54.3,1.81,222,578,4,3,54.8,33.0,1,69.3,35.4,56.1,59.5,55.1,68.8,listening,speaking,STABLE
1191,9,USER,255,2330,10,3,0,0,63.0,68.6,5,9,15,6,11,25,82,150,216,68.5,65.1,63.5,1.49,128,282,2,3,61.1,85.8,0,54.1,79.5,65.2,67.5,40.3,63.8,speaking,vocabulary,IMPROVING
1192,8,USER,161,2353,14,0,0,0,64.8,67.7,4,9,17,7,16,30,101,144,234,57.7,60.8,66.5,1.81,69,354,1,1,75.8,53.4,0,67.1,53.3,74.0,67.6,63.8,55.7,reading,speaking,DECLINING
1193,10,USER,746,2363,18,0,149,1,78.8,100.0,3,10,22,10,14,36,51,115,247,49.2,51.5,51.3,2.15,102,390,3,2,37.8,54.3,0,55.2,51.0,61.4,34.9,56.3,80.4,grammar,writing,STABLE
1194,7,USER,177,1062,6,5,0,0,31.4,60.1,0,6,9,3,4,10,26,55,113,46.2,47.0,51.8,1.93,18,93,0,1,0.0,55.2,0,46.8,52.3,62.7,48.4,39.4,66.4,grammar,vocabulary,STABLE
1195,9,USER,78,1243,9,5,0,0,45.8,52.6,0,5,8,3,8,11,20,29,75,70.6,63.3,58.5,1.43,33,103,0,2,0.0,58.5,0,62.7,52.8,62.3,66.4,56.8,49.3,writing,grammar,IMPROVING
1196,6,USER,429,2170,15,2,0,0,97.8,100.0,5,8,17,8,13,24,79,116,179,51.3,54.1,52.3,2.05,72,257,4,0,50.7,0.0,0,55.6,75.6,59.7,44.0,56.1,50.0,speaking,writing,STABLE
1197,7,USER,347,1345,9,3,0,0,34.7,57.4,2,5,8,4,10,14,50,67,100,52.8,53.8,56.4,2.08,50,156,1,0,73.8,0.0,0,44.1,61.0,83.9,66.5,58.3,68.7,reading,listening,STABLE
1198,4,USER,427,2713,18,4,0,0,75.4,71.5,2,11,21,13,29,49,74,133,357,43.7,44.0,47.4,2.23,208,475,3,3,40.7,54.3,1,50.4,50.7,69.7,40.8,41.4,45.1,reading,writing,STABLE
1199,6,USER,330,2208,14,3,0,0,63.6,64.5,3,11,23,11,27,38,48,130,238,59.3,52.5,53.0,1.65,75,358,3,4,50.2,73.2,0,65.4,68.9,48.6,47.8,55.9,34.0,speaking,grammar,IMPROVING
1200,6,USER,126,3398,13,1,0,0,74.9,69.0,4,9,29,14,25,53,86,176,412,62.5,60.5,59.4,1.69,210,500,7,3,61.0,64.7,1,54.4,61.3,67.4,61.6,50.1,76.4,grammar,vocabulary,STABLE
1201,12,USER,104,2170,15,0,0,0,61.5,66.3,4,11,16,10,17,26,83,140,187,74.1,73.9,70.9,1.63,101,255,1,1,68.9,75.1,1,77.9,69.9,87.0,71.9,57.9,68.9,reading,vocabulary,STABLE
1202,8,USER,408,2961,16,0,84,1,80.7,86.5,5,12,21,27,36,51,119,235,338,66.4,61.0,62.7,1.77,118,524,4,3,51.5,54.4,0,58.6,60.8,61.9,44.7,53.5,72.0,grammar,writing,STABLE
1203,6,USER,324,2294,8,4,237,1,39.6,49.0,2,9,13,5,8,22,40,64,154,59.0,62.5,64.0,1.94,67,231,1,1,57.2,46.1,0,73.9,52.1,63.6,56.8,67.3,61.1,listening,speaking,STABLE
1204,3,USER,539,2572,18,6,0,0,71.5,83.0,5,13,24,14,21,48,65,112,299,50.9,43.7,47.3,2.06,208,455,7,1,58.0,53.4,1,52.7,53.7,65.8,49.7,40.2,44.1,reading,vocabulary,STABLE
1205,7,USER,219,2066,9,0,0,0,83.4,83.2,4,9,12,5,11,26,92,119,227,64.9,63.4,60.4,1.67,87,265,0,4,0.0,71.6,5,70.9,60.5,58.2,58.0,60.3,73.8,grammar,writing,IMPROVING
1206,9,USER,564,3293,21,3,0,0,92.6,85.9,6,10,22,21,33,55,144,234,406,59.8,65.4,65.2,2.0,165,585,3,5,53.9,89.0,0,69.8,80.3,84.0,59.0,77.3,69.6,reading,writing,STABLE
1207,6,ADMIN,353,1507,0,0,0,0,57.2,72.7,2,6,10,5,12,17,29,38,99,61.8,62.3,68.2,2.11,41,144,1,0,75.6,0.0,0,75.9,67.6,85.0,69.9,66.8,64.1,reading,grammar,DECLINING
1208,10,USER,485,2487,17,3,0,0,55.1,48.2,4,10,20,14,22,31,81,151,261,59.6,59.3,62.8,1.77,134,307,3,7,62.0,76.9,0,80.5,73.4,56.9,62.1,65.9,68.8,listening,reading,STABLE
1209,6,USER,388,1491,0,5,0,0,48.8,48.4,4,5,8,5,11,17,31,73,113,38.7,44.6,44.5,2.15,33,162,1,1,44.7,48.5,0,24.2,53.7,51.5,42.7,64.4,48.0,vocabulary,listening,STABLE
1210,10,USER,204,2393,9,6,0,0,80.5,86.7,5,10,19,13,17,26,49,123,239,62.2,64.1,70.1,1.79,115,338,3,3,53.3,71.6,1,61.1,68.0,76.2,54.8,82.0,76.4,vocabulary,writing,DECLINING
1211,11,USER,128,1418,11,6,85,1,47.4,47.0,3,7,10,4,11,16,27,42,105,47.2,48.5,44.8,1.76,54,176,0,0,0.0,0.0,0,44.5,38.4,45.7,37.0,48.8,62.6,grammar,writing,STABLE
1212,11,USER,408,2635,20,5,0,0,52.9,53.0,5,14,22,10,19,40,104,189,269,72.6,78.1,69.6,1.52,82,397,2,3,72.0,69.6,1,78.7,62.4,71.9,70.6,48.3,63.3,listening,vocabulary,STABLE
1213,8,USER,281,1951,11,7,0,0,81.9,100.0,2,11,17,13,18,26,58,81,172,80.4,71.7,70.3,1.32,78,259,3,3,61.5,80.0,3,73.1,70.6,68.7,62.6,73.6,61.1,vocabulary,grammar,IMPROVING
1214,12,USER,225,1179,10,8,0,0,44.2,48.3,4,4,9,6,11,16,22,62,92,42.9,36.2,31.2,2.18,44,132,0,0,0.0,0.0,0,44.9,44.1,54.5,25.3,65.3,52.5,vocabulary,writing,IMPROVING
1215,5,USER,1089,3391,22,1,137,1,41.1,30.6,2,9,23,15,35,54,108,219,378,76.5,71.1,74.3,1.57,143,587,2,3,63.0,81.8,0,87.3,75.5,73.9,53.8,65.1,63.4,listening,writing,STABLE
1216,11,USER,143,3145,19,5,0,0,58.5,48.3,6,10,17,7,20,47,73,137,353,63.1,56.9,58.9,1.14,100,487,4,8,59.9,41.9,3,40.0,53.8,76.2,60.1,58.3,56.7,reading,listening,IMPROVING
1217,1,USER,167,1637,8,7,0,0,54.1,72.6,4,12,17,5,13,23,35,82,133,54.2,54.4,52.1,1.47,78,204,1,1,60.9,45.6,0,82.7,44.8,54.0,58.5,45.2,48.5,listening,speaking,STABLE
1218,1,USER,662,1338,9,6,339,1,49.4,53.5,2,4,10,4,8,17,35,65,112,57.5,59.5,62.7,1.38,47,204,0,0,0.0,0.0,2,78.0,55.3,54.4,53.0,57.3,33.4,listening,grammar,STABLE
1219,5,USER,330,1760,15,0,0,0,11.5,23.2,5,8,16,11,19,30,36,87,197,48.9,48.8,43.4,2.02,147,323,1,2,66.0,66.1,0,36.0,58.0,36.5,56.1,64.2,37.0,vocabulary,listening,IMPROVING
1220,10,USER,463,1651,6,0,0,0,60.4,77.0,3,10,13,3,7,17,37,80,162,55.3,55.9,56.3,1.8,57,197,2,0,86.9,0.0,0,51.5,35.4,58.8,75.9,62.4,56.4,writing,speaking,STABLE
1221,5,USER,328,2313,12,2,0,0,66.4,67.2,5,9,20,8,21,33,65,173,284,45.4,51.1,50.5,1.61,94,312,2,4,69.5,61.1,4,53.5,57.6,47.2,79.2,54.0,50.7,writing,reading,STABLE
1222,2,USER,308,2503,22,2,0,0,57.9,65.1,5,11,22,12,25,40,83,116,245,37.3,47.3,52.0,2.18,122,401,4,3,70.4,50.0,1,53.7,41.7,52.2,66.0,40.7,52.2,writing,vocabulary,DECLINING
1223,12,USER,344,1440,6,0,180,1,72.9,82.5,2,11,15,4,10,18,29,78,138,79.2,70.6,70.7,1.61,46,203,3,1,76.4,63.6,0,70.7,66.0,60.7,81.1,62.8,73.6,writing,reading,IMPROVING
1224,10,USER,0,875,7,4,0,0,31.0,29.1,1,1,2,1,2,3,8,11,23,62.1,61.4,65.4,2.03,14,56,1,1,44.0,56.9,0,44.6,58.6,62.4,54.8,80.4,71.5,vocabulary,listening,STABLE
1225,12,USER,935,3208,11,2,216,1,70.9,59.1,3,11,24,24,33,57,122,178,468,51.7,55.2,57.4,1.7,118,622,3,4,60.0,44.4,1,43.7,51.6,51.7,57.9,62.5,65.7,grammar,listening,STABLE
1226,4,USER,137,1958,6,1,61,1,36.9,16.4,4,7,14,10,13,22,26,68,176,61.4,57.7,52.1,1.35,43,212,4,1,79.8,38.0,0,58.3,42.0,52.3,76.3,47.0,37.5,writing,grammar,IMPROVING
1227,10,USER,416,2223,7,3,230,1,79.5,72.4,4,9,17,5,13,23,47,74,158,69.1,65.2,65.0,1.84,86,258,1,1,67.5,65.0,0,59.8,63.0,71.9,74.3,50.2,71.4,writing,vocabulary,IMPROVING
1228,6,USER,350,2693,9,3,0,0,83.3,100.0,4,14,24,10,26,50,72,206,323,65.8,58.1,51.3,1.86,109,482,2,5,76.3,43.6,2,50.2,42.7,48.6,62.5,68.5,56.2,vocabulary,speaking,IMPROVING
1229,6,USER,549,3892,11,0,0,0,60.5,33.3,4,7,27,16,34,60,110,251,394,60.0,57.7,61.3,1.74,182,569,5,4,71.5,40.6,4,63.4,38.9,66.7,67.7,61.6,61.4,writing,speaking,STABLE
1230,8,USER,208,1495,6,3,0,0,28.6,16.6,2,6,8,3,9,13,14,32,63,42.2,46.4,47.2,2.31,48,110,0,0,0.0,0.0,0,59.7,55.0,41.5,54.1,58.9,63.0,grammar,reading,STABLE
1231,9,USER,670,3455,16,3,0,0,96.8,100.0,4,8,25,11,21,60,91,255,354,62.9,56.9,62.2,1.65,131,591,12,6,64.5,55.2,0,64.7,56.6,71.5,65.9,57.5,87.9,grammar,speaking,STABLE
1232,9,USER,89,754,4,6,0,0,46.9,62.9,3,3,4,1,2,5,18,27,42,62.2,60.0,61.2,1.6,26,55,0,0,0.0,0.0,0,70.2,50.2,64.1,59.3,50.2,69.5,listening,speaking,STABLE
1233,3,USER,29,2070,17,6,0,0,97.5,99.3,4,7,14,5,11,20,46,122,186,57.3,60.8,60.8,1.58,39,214,2,1,86.9,60.5,0,54.1,57.6,60.7,74.9,58.6,70.6,writing,listening,STABLE
1234,8,USER,99,2002,10,7,0,0,59.8,52.7,2,11,16,7,10,23,43,55,112,73.3,70.3,71.7,1.49,54,229,4,4,75.9,79.7,1,56.9,71.8,83.1,78.5,82.8,79.9,reading,listening,STABLE
1235,2,USER,3,2241,20,8,42,1,73.8,83.5,6,9,24,14,22,36,159,213,334,55.4,53.4,50.6,1.65,147,424,0,1,0.0,43.2,0,68.2,52.2,56.7,58.1,41.0,30.0,listening,grammar,IMPROVING
1236,10,USER,30,1954,14,3,0,0,50.1,37.8,3,11,15,8,20,27,84,146,218,62.9,61.1,63.7,1.54,131,289,2,1,37.6,67.4,0,52.8,66.0,70.7,40.6,48.1,61.6,reading,writing,STABLE
1237,7,USER,195,2292,12,1,0,0,60.3,67.2,4,10,15,10,21,33,50,141,242,55.7,61.8,56.8,1.96,112,336,4,0,57.1,0.0,1,52.3,64.0,85.9,61.2,54.3,57.5,reading,listening,STABLE
1238,9,USER,132,2053,9,3,0,0,51.2,47.8,4,11,13,5,13,20,38,66,143,72.0,71.7,65.3,1.63,84,197,1,4,91.8,76.3,3,55.5,71.9,50.1,88.8,67.9,69.0,writing,reading,IMPROVING
1239,1,USER,475,1429,23,6,80,1,69.6,100.0,4,7,13,7,11,20,28,45,125,65.2,66.2,69.9,1.44,59,245,3,2,66.9,75.2,1,92.9,70.8,78.1,70.4,69.8,52.3,listening,grammar,STABLE
1240,12,USER,426,2641,17,4,0,0,63.4,82.5,4,11,22,12,20,42,68,171,271,59.8,63.5,59.3,1.29,170,430,6,1,55.0,67.7,0,61.2,66.0,61.8,54.4,67.9,43.8,vocabulary,grammar,STABLE
1241,3,USER,365,1637,2,3,192,1,51.9,57.8,1,7,8,4,9,16,38,58,125,59.8,68.1,71.9,1.66,51,179,0,0,0.0,0.0,0,71.6,78.7,50.9,98.0,68.3,76.9,writing,reading,DECLINING
1242,2,USER,516,2060,24,3,0,0,51.3,51.5,4,11,19,5,9,22,55,89,144,60.3,58.9,56.1,1.8,60,223,0,1,0.0,56.7,2,45.2,52.9,50.2,57.8,58.0,65.5,grammar,listening,IMPROVING
1243,6,USER,111,1853,15,3,0,0,65.4,94.9,4,11,15,8,13,23,41,84,144,49.1,51.6,55.5,1.52,94,223,1,1,33.0,60.6,4,66.7,60.0,60.2,34.7,57.9,75.9,grammar,writing,DECLINING
1244,11,USER,184,1350,13,14,0,0,27.1,43.1,1,6,11,6,10,17,27,72,142,34.7,38.3,35.1,1.97,54,178,2,1,33.5,33.9,0,35.7,32.7,48.5,31.2,39.6,32.1,reading,writing,STABLE
1245,4,USER,383,1304,10,1,0,0,48.4,52.8,5,7,13,6,10,20,39,84,114,42.7,46.4,47.2,2.08,49,163,2,2,55.1,58.6,2,35.9,60.0,46.6,45.0,54.9,43.2,speaking,listening,STABLE
1246,10,USER,153,3970,11,3,0,0,87.0,80.9,4,11,28,12,23,55,72,192,397,67.0,73.9,72.8,1.51,126,574,8,7,78.4,84.1,0,68.5,68.9,67.9,80.8,66.6,51.3,writing,grammar,STABLE
1247,10,USER,743,2407,14,5,286,1,56.7,48.8,7,12,13,9,17,33,135,185,258,59.4,61.2,57.9,1.4,124,332,2,1,54.3,36.8,0,86.4,42.0,54.2,54.6,42.6,33.7,listening,grammar,STABLE
1248,3,USER,133,1369,3,7,0,0,33.7,46.6,1,5,9,3,7,12,16,36,85,55.1,47.2,45.7,1.73,29,82,2,0,55.2,0.0,1,47.7,35.9,56.7,58.6,41.5,49.0,writing,speaking,IMPROVING
1249,11,USER,464,2950,17,3,0,0,79.6,77.3,4,12,21,12,17,41,89,162,293,49.2,50.8,48.7,1.82,111,392,5,2,68.7,48.8,1,45.6,50.5,64.2,64.4,41.5,29.9,writing,grammar,STABLE
1250,11,USER,0,1301,16,6,0,0,38.4,40.9,2,2,5,2,6,10,11,27,68,80.5,71.8,70.4,1.47,48,116,2,1,66.7,91.4,0,49.5,86.5,62.3,64.5,71.8,59.9,speaking,listening,IMPROVING
1251,2,USER,371,2446,18,8,0,0,68.6,74.7,5,11,19,6,9,25,70,145,198,64.0,65.1,64.6,1.75,97,332,4,2,89.6,38.5,0,63.5,38.4,55.0,83.0,69.5,71.7,writing,speaking,STABLE
1252,7,USER,338,1945,11,0,0,0,32.1,48.8,4,9,14,4,8,23,50,78,161,54.5,54.3,55.3,1.72,90,236,1,3,59.0,60.0,0,48.1,59.4,60.3,60.3,62.2,60.1,vocabulary,listening,STABLE
1253,2,USER,37,670,0,9,0,0,52.3,57.3,0,0,1,0,1,2,1,1,3,40.2,50.4,56.7,2.0,1,2,0,0,0.0,0.0,0,56.1,55.7,69.4,57.6,60.6,39.5,reading,grammar,DECLINING
1254,3,USER,476,2369,6,1,165,1,80.4,82.3,4,8,12,5,11,27,87,173,255,57.0,57.3,61.4,1.8,52,288,2,3,57.5,65.0,4,55.3,57.0,64.1,61.1,71.6,37.5,vocabulary,grammar,STABLE
1255,3,USER,417,1435,15,4,157,1,62.1,68.2,6,7,13,11,18,28,39,71,130,49.9,50.2,52.2,2.15,67,258,2,1,62.9,67.4,1,68.2,65.9,25.2,54.2,49.3,46.6,listening,reading,STABLE
1256,3,USER,352,2344,15,1,0,0,97.7,98.5,4,10,20,14,22,38,103,201,294,61.5,63.3,65.3,1.25,187,397,2,3,64.2,71.3,3,84.5,64.9,70.1,61.7,59.9,57.2,listening,grammar,STABLE
1257,7,USER,0,1840,9,6,0,0,78.7,100.0,5,8,11,10,15,21,26,62,129,61.4,60.7,55.7,1.8,82,223,1,2,73.6,58.3,0,53.1,56.2,58.3,76.6,65.2,28.5,writing,grammar,IMPROVING
1258,11,USER,878,2606,13,0,324,1,72.9,76.3,5,8,23,14,28,45,118,155,256,49.3,54.8,54.2,1.55,101,421,4,4,52.7,54.6,0,73.6,56.6,48.2,55.8,60.5,63.5,listening,reading,STABLE
1259,7,USER,64,611,7,5,0,0,37.1,53.4,1,1,5,2,4,6,8,11,15,35.3,39.2,43.6,1.96,19,71,0,0,0.0,0.0,0,51.2,56.3,25.2,56.7,45.0,47.2,writing,reading,DECLINING
1260,8,USER,262,2933,13,1,0,0,70.9,78.9,5,11,21,11,16,41,92,180,266,77.7,72.3,74.9,1.38,179,448,4,2,74.5,75.7,0,75.4,79.0,75.7,76.9,72.3,64.5,speaking,grammar,STABLE
1261,4,USER,203,896,0,8,0,0,31.4,51.0,2,2,4,3,4,6,14,20,27,55.4,59.4,61.4,1.99,11,49,0,0,0.0,0.0,1,41.5,47.8,67.4,56.8,51.4,38.1,reading,grammar,DECLINING
1262,11,USER,687,1899,6,11,326,1,67.0,77.4,3,8,14,3,7,18,23,50,142,55.6,59.7,63.2,1.93,41,180,2,1,69.0,78.9,0,53.2,69.7,61.5,70.1,56.2,57.2,writing,listening,DECLINING
1263,6,USER,358,1761,15,5,43,1,68.8,71.9,5,5,10,5,14,19,32,77,121,73.2,79.3,79.1,1.35,58,209,0,0,0.0,0.0,2,59.6,93.2,77.6,51.0,63.6,64.7,speaking,writing,STABLE
1264,3,USER,454,3499,11,4,0,0,77.3,81.8,4,12,21,25,32,51,86,163,361,65.2,70.4,66.6,1.48,144,504,3,4,67.8,82.6,0,68.4,88.3,58.7,60.3,76.6,71.7,speaking,reading,STABLE
1265,6,USER,494,1395,13,7,0,0,43.6,48.2,5,5,7,5,10,14,38,51,91,60.9,56.6,53.7,1.44,41,173,2,0,68.1,0.0,0,39.0,45.1,56.6,58.0,71.3,61.4,vocabulary,listening,IMPROVING
1266,12,USER,459,1168,3,11,231,1,27.3,27.3,0,2,3,1,2,4,5,12,29,47.6,43.3,47.2,1.76,24,50,0,0,0.0,0.0,0,76.9,35.1,73.1,50.4,51.8,48.2,listening,speaking,STABLE
1267,4,USER,423,1684,7,2,0,0,60.0,78.8,4,9,13,10,20,27,36,97,141,55.1,53.5,55.5,1.58,77,243,1,1,50.9,66.9,2,57.1,70.5,86.3,48.0,73.6,56.6,reading,writing,STABLE
1268,11,USER,361,1715,10,10,0,0,46.9,55.7,1,6,11,8,11,18,32,80,113,69.6,65.7,70.6,1.66,38,206,1,1,65.5,55.8,0,64.5,57.7,64.2,69.2,67.9,75.1,grammar,speaking,STABLE
1269,11,USER,386,1257,10,4,0,0,25.5,36.4,3,9,11,3,7,10,23,39,68,48.9,50.9,49.5,2.15,33,95,2,0,39.3,0.0,3,61.3,53.8,47.6,44.6,43.7,57.7,listening,vocabulary,STABLE
1270,9,USER,348,2085,20,4,0,0,66.8,69.5,3,11,18,14,20,32,81,102,252,64.7,62.7,61.3,1.46,152,346,1,2,58.7,63.1,0,46.8,65.8,88.9,63.7,63.8,63.7,reading,listening,STABLE
1271,10,USER,399,2396,29,7,0,0,99.7,90.0,3,10,20,12,16,44,115,185,272,58.3,61.4,65.1,1.72,172,457,3,5,51.9,72.3,0,54.7,75.3,71.4,61.0,69.5,60.2,speaking,listening,DECLINING
1272,5,USER,448,2629,11,4,0,0,52.6,50.7,7,9,19,11,17,44,87,154,290,56.5,52.4,55.1,1.83,89,412,3,4,42.7,62.5,0,52.5,60.0,57.7,56.7,33.8,61.6,grammar,vocabulary,STABLE
1273,4,USER,66,2130,12,5,0,0,53.6,69.1,3,10,17,9,13,31,93,119,218,69.7,69.3,67.6,1.74,114,298,2,3,62.1,54.7,0,84.1,56.3,44.9,57.0,54.4,49.2,listening,reading,STABLE
1274,6,USER,489,2690,13,6,0,0,83.0,71.6,5,9,20,7,15,42,73,156,358,46.7,49.4,44.9,2.09,152,382,2,0,62.2,0.0,0,61.1,23.6,46.2,57.9,41.2,38.3,listening,speaking,STABLE
1275,11,ADMIN,469,2068,16,5,0,0,83.7,88.3,5,11,16,15,19,35,66,89,211,70.5,62.5,60.7,1.52,109,335,2,4,58.5,67.8,0,78.3,60.1,73.3,50.6,63.0,63.1,listening,writing,IMPROVING
1276,2,USER,493,2171,7,6,51,1,60.4,75.5,3,11,17,13,18,39,109,170,230,46.4,49.4,49.7,1.72,157,401,2,5,55.8,55.8,3,45.6,68.3,77.7,53.8,59.1,45.1,reading,grammar,STABLE
1277,6,USER,565,1307,1,6,269,1,52.5,73.7,5,5,6,3,4,8,15,22,50,58.7,63.4,65.6,1.71,25,81,2,2,67.9,55.2,0,57.6,63.1,74.1,57.1,58.1,76.9,grammar,writing,DECLINING
1278,5,USER,35,1401,9,5,0,0,76.2,94.5,4,9,14,6,11,20,38,70,96,66.2,57.6,58.0,1.71,91,213,3,0,69.7,0.0,0,38.7,43.9,50.1,67.6,50.4,68.3,grammar,listening,IMPROVING
1279,6,USER,476,2498,17,2,0,0,92.1,100.0,6,11,26,14,20,36,98,136,279,61.1,59.9,57.3,2.02,167,366,1,4,63.4,72.4,0,57.7,62.2,57.0,55.7,40.1,44.5,speaking,vocabulary,STABLE
1280,12,USER,498,1757,5,2,108,1,97.7,87.8,5,12,15,8,10,22,31,76,158,72.9,66.8,66.9,1.34,82,253,2,4,63.9,64.9,0,50.5,65.9,75.7,63.4,63.6,89.0,grammar,listening,IMPROVING
1281,5,USER,50,1166,20,6,0,0,58.9,45.3,4,6,11,5,7,14,17,36,77,42.3,40.5,39.9,1.99,56,124,4,1,78.9,55.6,0,57.7,46.4,53.6,62.8,75.0,26.0,vocabulary,grammar,STABLE
1282,12,USER,392,2327,16,4,0,0,59.7,88.6,2,7,17,14,18,29,88,164,222,48.0,48.8,57.8,1.89,141,319,3,3,85.4,62.7,1,49.8,65.4,51.2,86.5,67.8,49.0,writing,grammar,DECLINING
1283,6,USER,495,1676,15,0,137,1,73.1,89.3,5,10,17,7,11,28,82,115,162,54.3,58.3,60.7,1.52,83,325,2,2,60.4,61.3,2,67.7,63.4,51.2,57.2,38.0,59.3,listening,vocabulary,DECLINING
1284,4,ADMIN,435,2395,19,0,0,0,81.1,75.0,4,10,17,7,18,30,84,107,233,50.7,55.5,58.6,1.69,103,308,2,4,80.4,44.9,0,56.3,46.2,71.7,79.7,58.9,67.6,writing,speaking,DECLINING
1285,7,USER,224,762,3,6,0,0,72.8,65.7,3,3,5,3,6,10,19,32,68,41.0,47.2,47.5,1.85,18,90,1,1,52.9,50.9,3,47.8,49.5,44.9,52.9,51.5,32.9,writing,grammar,DECLINING
1286,8,USER,505,2858,22,4,0,0,54.2,75.9,5,9,24,10,24,53,104,190,280,60.6,60.1,63.2,1.75,135,487,1,4,81.4,65.5,0,51.1,67.3,61.0,72.3,64.0,71.8,writing,listening,STABLE
1287,5,USER,447,1356,0,7,0,0,34.3,39.8,3,3,6,2,5,7,18,26,60,59.0,59.7,60.5,1.69,36,78,0,2,0.0,58.9,0,64.0,56.9,51.9,77.3,57.9,45.9,writing,grammar,STABLE
1288,5,USER,268,1935,13,3,0,0,61.4,69.8,5,11,16,7,18,25,91,116,157,66.8,64.1,60.0,1.28,70,262,6,1,64.0,66.3,2,80.9,55.0,36.7,60.6,55.1,51.1,listening,reading,IMPROVING
1289,9,USER,366,1781,17,0,0,0,58.7,44.9,2,6,18,5,10,26,47,84,174,60.0,62.1,62.9,1.78,88,304,0,1,0.0,65.8,0,62.5,71.4,77.1,44.4,67.2,61.5,reading,writing,STABLE
1290,7,USER,1084,2567,3,1,102,1,67.7,70.6,2,11,22,28,36,49,136,207,350,58.1,54.4,56.5,1.96,127,493,8,2,57.2,49.9,2,69.8,46.9,51.2,55.2,58.2,55.1,listening,speaking,STABLE
1291,8,USER,0,1330,5,2,0,0,56.0,88.5,4,6,11,3,7,13,28,38,67,51.2,50.6,48.1,2.05,51,107,1,0,41.3,0.0,1,23.8,70.6,50.5,44.0,44.5,51.1,speaking,listening,STABLE
1292,8,USER,615,1493,7,7,138,1,40.2,61.4,4,5,8,6,8,17,18,37,71,43.7,47.5,51.8,1.97,50,170,0,1,0.0,33.4,0,57.4,38.2,52.7,56.3,56.7,62.8,grammar,speaking,DECLINING
1293,1,USER,153,1834,12,0,0,0,68.1,69.0,6,7,12,4,9,17,20,54,109,76.8,69.7,64.9,1.86,44,187,2,3,91.9,67.8,0,73.1,66.3,65.4,90.6,46.5,68.7,writing,vocabulary,IMPROVING
1294,5,USER,280,1195,7,2,0,0,56.3,64.7,1,8,15,4,11,19,37,85,154,57.2,61.2,60.7,1.84,76,179,1,0,64.0,0.0,2,63.4,61.3,50.3,61.5,42.0,64.7,grammar,vocabulary,STABLE
1295,6,USER,528,1909,20,7,0,0,78.3,99.1,5,8,22,9,13,28,72,95,164,48.6,58.1,58.8,1.97,117,277,2,4,45.5,61.4,0,82.0,58.4,67.7,45.4,76.7,54.8,listening,writing,DECLINING
1296,12,USER,0,1230,12,7,0,0,53.5,72.3,3,3,6,2,4,8,13,19,43,56.6,64.1,61.7,1.49,15,79,1,0,63.3,0.0,1,79.2,68.7,52.0,61.7,59.2,79.7,grammar,reading,DECLINING
1297,1,USER,711,3048,25,1,183,1,73.0,53.8,4,9,26,8,18,43,68,168,328,59.0,59.3,53.0,1.73,159,508,5,5,44.2,63.9,0,59.8,56.2,48.1,48.2,58.4,45.9,listening,grammar,IMPROVING
1298,12,USER,245,2402,12,3,0,0,66.9,84.4,7,12,19,9,14,35,88,147,216,71.0,70.0,71.6,1.55,73,363,3,5,51.3,94.0,0,44.5,90.4,69.8,56.2,72.9,77.9,speaking,listening,STABLE
1299,7,USER,20,966,0,4,0,0,26.1,30.3,2,7,9,3,4,8,7,19,34,35.5,39.6,41.1,1.83,32,70,0,1,0.0,52.9,1,53.8,52.7,39.0,49.0,21.0,41.0,listening,vocabulary,STABLE
1300,2,USER,227,1993,11,10,0,0,37.5,37.8,0,8,15,12,17,30,35,83,228,53.8,51.7,55.1,1.6,130,272,4,3,64.1,52.9,2,48.6,50.0,47.1,59.9,30.0,62.0,grammar,vocabulary,STABLE
1301,2,USER,563,2497,12,5,47,1,53.5,58.8,3,13,15,5,11,26,51,118,208,65.5,58.8,62.5,1.6,73,277,3,0,58.5,0.0,0,74.0,50.6,70.7,58.0,60.5,56.7,listening,speaking,STABLE
1302,7,USER,373,1887,10,1,0,0,75.5,48.6,4,9,16,12,20,35,42,78,172,44.5,47.4,48.8,2.23,106,340,2,3,49.5,66.6,0,39.1,72.7,42.5,46.9,48.3,49.9,speaking,listening,STABLE
1303,9,USER,0,2161,15,5,0,0,71.5,58.4,6,11,24,10,13,30,45,83,189,56.1,57.6,57.6,1.74,85,296,5,3,58.7,69.7,0,46.3,59.2,52.0,61.2,80.8,59.2,vocabulary,listening,STABLE
1304,3,USER,136,2030,7,1,0,0,49.6,63.8,5,10,18,7,19,31,35,64,132,73.6,64.7,59.8,1.94,49,264,4,2,55.9,70.2,0,59.6,77.3,51.7,53.1,39.7,58.8,speaking,vocabulary,IMPROVING
1305,7,USER,195,1970,18,8,0,0,46.3,46.4,2,13,15,7,10,24,61,125,167,45.2,47.3,54.4,2.07,94,258,2,2,72.8,49.9,0,52.6,55.2,58.1,69.2,63.9,47.7,writing,grammar,DECLINING
1306,5,USER,0,758,0,5,0,0,58.1,94.0,0,1,2,1,1,3,8,14,20,45.2,50.4,50.1,2.14,15,45,0,0,0.0,0.0,0,63.8,36.8,47.5,55.5,70.3,53.2,vocabulary,speaking,STABLE
1307,3,USER,776,823,4,8,215,1,64.5,78.0,1,8,12,3,6,12,26,61,95,53.1,54.5,55.0,1.8,20,100,1,0,59.3,0.0,0,57.6,46.8,62.4,53.1,60.5,57.5,reading,speaking,STABLE
1308,9,USER,575,2308,19,1,154,1,68.9,70.7,2,9,27,14,21,43,82,134,204,53.5,63.5,64.8,2.23,95,435,6,1,64.3,63.2,0,71.5,62.7,60.8,59.5,67.5,55.9,listening,grammar,DECLINING
1309,12,USER,509,2296,6,3,0,0,58.9,59.1,5,10,16,17,25,36,65,142,232,69.0,62.4,64.5,1.33,155,339,1,2,60.9,38.5,0,65.3,42.8,84.6,49.9,59.2,55.6,reading,speaking,IMPROVING
1310,8,USER,178,895,11,2,192,1,29.6,40.1,2,4,7,2,4,6,3,9,13,54.6,56.2,57.5,1.47,24,75,1,1,37.8,52.6,3,74.3,57.1,63.7,43.7,48.2,59.8,listening,writing,STABLE
1311,7,USER,168,1974,3,7,0,0,43.4,36.9,1,8,12,8,13,23,42,87,127,48.4,57.3,63.7,1.7,51,199,0,0,0.0,0.0,2,54.2,65.1,56.6,46.1,72.8,63.8,vocabulary,writing,DECLINING
1312,5,USER,871,2276,19,7,324,1,67.0,50.9,5,11,18,9,23,32,86,152,212,65.2,65.8,63.0,1.75,134,343,0,4,0.0,41.2,1,68.4,51.4,54.9,61.3,61.4,78.5,grammar,speaking,STABLE
1313,10,USER,459,2903,10,0,0,0,66.4,73.4,4,12,20,8,22,37,52,89,242,72.0,70.3,71.3,1.24,144,346,3,0,58.9,0.0,0,72.2,71.5,54.5,70.6,81.5,39.9,vocabulary,grammar,STABLE
1314,4,USER,686,1532,11,2,314,1,57.5,75.2,2,8,11,4,9,19,29,48,95,44.7,51.5,54.5,1.81,70,193,2,0,32.4,0.0,0,53.0,64.3,84.3,42.6,66.0,55.9,reading,writing,DECLINING
1315,11,USER,319,3054,14,1,0,0,77.0,60.4,6,11,19,15,33,48,67,160,355,78.7,72.2,67.9,1.4,98,439,4,3,60.7,59.3,0,56.5,60.1,57.5,62.4,81.3,66.4,vocabulary,listening,IMPROVING
1316,6,USER,571,2706,20,1,0,0,39.4,45.9,5,12,23,14,33,51,103,176,258,48.6,56.7,57.0,2.07,100,458,3,3,42.1,60.6,2,57.0,67.8,62.0,46.2,53.4,57.0,speaking,writing,DECLINING
1317,5,USER,601,2581,15,0,0,0,83.2,95.1,4,11,26,18,28,38,92,117,266,77.9,76.5,73.6,1.61,150,416,0,3,0.0,77.0,0,79.0,80.1,42.7,53.4,79.0,63.7,speaking,reading,IMPROVING
1318,10,USER,0,1158,9,4,31,1,53.5,74.7,2,4,10,5,6,13,27,34,62,46.5,51.2,55.4,1.82,64,151,2,0,43.4,0.0,1,59.7,31.1,74.1,46.9,58.9,50.5,reading,speaking,DECLINING
1319,4,USER,507,1207,11,7,253,1,49.4,57.8,1,6,12,3,8,18,52,66,117,57.5,60.1,62.4,2.07,67,175,1,1,61.3,64.5,1,55.9,62.9,58.5,63.9,69.9,47.0,vocabulary,grammar,DECLINING
1320,8,USER,469,1957,8,5,235,1,68.4,75.5,5,7,11,8,17,25,48,109,159,79.1,76.4,74.6,1.36,117,289,0,0,0.0,0.0,0,65.7,67.2,68.5,75.9,77.7,73.7,vocabulary,listening,IMPROVING
1321,1,USER,168,1298,4,7,0,0,53.5,69.1,5,6,10,4,10,16,40,54,114,52.3,45.2,47.8,2.08,27,135,2,3,50.5,56.1,4,69.3,56.8,59.9,34.4,37.1,38.4,listening,writing,IMPROVING
1322,6,USER,68,1558,8,3,0,0,80.0,90.6,2,11,17,10,22,32,54,84,167,40.4,52.5,57.5,1.58,106,271,3,3,49.9,43.5,0,66.8,39.8,72.3,50.6,46.7,43.7,reading,speaking,DECLINING
1323,8,USER,125,1844,13,5,92,1,41.4,46.4,4,11,18,3,9,25,57,123,165,51.2,50.7,46.6,1.97,55,252,3,0,59.2,0.0,2,51.0,40.1,60.3,53.9,55.5,38.2,reading,grammar,IMPROVING
1324,5,USER,0,1490,0,3,0,0,92.9,93.1,1,4,10,3,5,11,25,42,88,48.9,53.5,55.1,2.24,31,125,0,0,0.0,0.0,0,64.1,66.6,40.6,51.4,47.1,33.5,speaking,grammar,DECLINING
1325,6,USER,344,1111,2,8,0,0,56.2,43.7,3,3,7,5,8,11,14,32,59,63.1,59.7,58.5,1.6,31,97,0,1,0.0,83.6,0,72.4,70.6,76.8,65.5,61.9,38.3,reading,grammar,STABLE
1326,10,USER,325,3762,28,2,0,0,88.3,75.3,6,10,30,26,34,60,191,292,481,67.4,61.4,57.9,1.69,203,603,7,8,56.7,56.5,0,73.8,48.9,69.4,51.0,47.7,71.5,listening,vocabulary,IMPROVING
1327,4,USER,287,1872,16,7,0,0,81.9,94.1,3,14,17,6,13,24,95,142,211,57.1,56.7,51.1,1.93,81,218,1,2,75.1,41.8,0,54.4,55.6,29.0,63.3,48.3,47.1,writing,reading,IMPROVING
1328,2,USER,220,968,8,8,143,1,56.3,49.6,1,3,5,2,4,7,8,21,40,59.2,57.5,61.8,1.71,31,65,0,0,0.0,0.0,3,55.1,69.6,62.9,43.2,57.4,58.3,speaking,writing,STABLE
1329,7,USER,108,1593,10,9,0,0,56.2,55.2,2,8,13,6,9,14,33,81,116,51.7,51.0,52.1,1.82,31,136,0,0,0.0,0.0,3,48.1,56.5,49.7,55.9,73.1,38.5,vocabulary,grammar,STABLE
1330,8,USER,484,1847,11,6,0,0,90.1,96.0,4,8,16,5,11,17,54,98,135,55.1,53.3,57.3,1.57,61,164,0,3,0.0,51.9,1,56.8,48.8,71.7,70.7,68.7,50.2,reading,speaking,STABLE
1331,9,USER,495,2347,15,5,0,0,80.3,87.5,4,11,16,7,16,35,73,153,344,54.0,57.3,59.2,1.92,117,398,2,5,73.1,54.0,0,67.3,53.2,61.1,70.6,59.9,79.6,grammar,speaking,STABLE
1332,5,USER,128,2531,6,7,0,0,70.1,84.7,1,8,15,5,12,29,137,190,348,55.6,54.0,56.7,1.77,76,337,5,2,33.1,52.5,0,49.0,54.7,72.5,30.0,56.6,67.5,reading,writing,STABLE
1333,6,USER,259,1746,10,4,0,0,78.8,97.4,5,5,15,9,17,28,77,118,207,55.2,51.4,53.7,1.92,63,271,1,0,55.7,0.0,0,54.6,62.9,46.0,48.6,54.5,62.0,speaking,reading,STABLE
1334,10,USER,115,2023,3,0,0,0,78.7,79.9,3,9,14,3,5,14,32,75,110,63.3,68.3,71.9,1.95,45,145,2,1,81.2,77.0,0,49.7,69.6,79.4,74.2,70.8,87.5,grammar,listening,DECLINING
1335,11,USER,12,1699,13,0,0,0,38.5,49.9,5,9,13,5,10,25,74,101,243,44.2,40.2,40.5,2.11,112,234,1,0,40.2,0.0,5,39.5,33.0,49.6,29.9,42.5,54.7,grammar,writing,STABLE
1336,1,USER,136,3260,25,5,0,0,57.1,65.8,4,9,22,14,26,42,75,146,303,60.8,58.6,60.3,1.82,180,429,4,3,57.9,62.9,4,88.4,61.4,56.9,55.9,66.0,59.2,listening,writing,STABLE
1337,4,USER,476,3167,17,0,0,0,59.0,45.9,6,13,25,27,38,52,73,206,374,63.1,54.7,57.0,1.62,123,526,2,2,73.8,81.3,0,54.5,74.5,56.8,67.0,60.0,39.4,speaking,grammar,IMPROVING
1338,3,USER,357,1758,19,2,0,0,93.7,88.7,5,9,15,6,16,25,45,69,149,56.8,53.3,55.1,1.67,56,215,4,2,65.9,56.7,0,50.3,65.6,59.3,68.2,39.5,66.4,writing,vocabulary,STABLE
1339,2,USER,440,701,0,7,341,1,61.8,72.7,1,2,3,1,2,4,8,20,29,30.8,37.6,38.7,2.29,10,39,0,0,0.0,0.0,0,42.9,47.3,29.3,40.2,34.0,45.0,speaking,reading,DECLINING
1340,5,USER,293,2853,15,0,0,0,64.6,43.3,3,8,21,15,31,53,88,183,287,72.5,67.9,67.7,1.43,159,520,6,4,64.9,46.3,1,72.9,52.0,73.0,74.2,61.0,76.5,grammar,speaking,STABLE
1341,1,USER,1040,1553,18,4,333,1,66.2,73.5,2,8,12,4,10,22,39,68,167,47.0,51.5,54.5,1.64,100,223,4,2,47.9,70.0,1,58.0,70.6,25.4,48.8,58.6,59.5,speaking,reading,DECLINING
1342,2,USER,725,2870,12,7,0,0,76.4,75.6,5,11,22,13,16,42,158,210,363,65.2,63.9,64.4,1.43,139,479,6,4,71.6,60.8,0,50.5,60.0,55.5,59.8,64.1,74.7,grammar,listening,STABLE
1343,9,USER,308,3510,18,2,0,0,87.1,76.6,3,10,26,17,25,51,95,256,412,60.3,58.3,58.6,1.59,106,506,5,3,78.8,57.4,0,58.3,54.0,58.5,66.5,75.4,50.5,vocabulary,grammar,STABLE
1344,8,USER,314,1605,3,3,0,0,59.7,70.4,2,3,7,6,9,13,32,89,127,58.2,60.1,58.5,1.81,27,104,2,1,55.7,65.4,1,74.8,54.4,56.0,59.7,60.4,65.6,listening,speaking,STABLE
1345,3,USER,318,1744,18,0,117,1,70.7,86.9,4,10,20,8,14,26,32,84,210,63.7,66.1,58.8,1.58,95,255,2,3,61.6,46.1,0,44.5,52.4,66.3,65.1,69.6,54.5,vocabulary,listening,IMPROVING
1346,4,USER,334,1872,13,4,0,0,72.5,58.1,3,7,13,15,20,33,32,78,144,49.2,44.8,42.1,2.15,74,313,7,3,42.6,36.0,1,52.7,35.3,47.7,45.3,42.1,35.6,listening,speaking,IMPROVING
1347,3,USER,336,2727,12,4,0,0,51.3,48.4,5,11,16,6,13,30,89,126,308,62.5,54.8,49.6,1.53,127,289,1,4,62.3,49.7,1,39.5,49.6,55.3,53.8,63.0,48.9,vocabulary,listening,IMPROVING
1348,2,USER,161,2893,21,0,0,0,88.3,95.7,6,11,20,15,27,42,79,115,307,69.5,65.5,66.2,1.41,87,445,3,5,65.8,55.0,1,64.3,55.1,73.4,69.0,62.1,61.5,reading,speaking,STABLE
1349,4,USER,542,3281,5,3,229,1,61.0,49.5,1,9,25,22,30,52,193,276,441,56.1,55.1,57.6,2.32,203,592,7,9,56.5,72.7,3,44.5,62.0,54.1,55.9,67.8,54.1,vocabulary,listening,STABLE
1350,9,USER,180,2392,3,5,32,1,61.8,39.8,6,6,18,18,25,40,50,108,241,76.8,74.0,71.2,1.7,199,430,3,1,78.5,40.0,0,69.9,53.4,72.3,80.9,66.8,69.6,writing,speaking,IMPROVING
1351,8,USER,389,2128,17,0,0,0,38.6,33.7,4,10,21,6,10,23,59,98,152,47.3,48.5,52.2,1.76,116,261,4,2,34.5,53.9,2,35.9,58.5,61.1,30.9,46.8,27.4,reading,grammar,STABLE
1352,12,USER,214,1030,5,5,0,0,46.9,40.7,5,7,11,6,10,17,46,79,108,57.7,54.7,54.0,1.79,64,151,1,1,50.4,43.1,0,50.9,44.3,71.4,58.1,69.2,50.3,reading,speaking,STABLE
1353,8,USER,53,1209,17,4,0,0,65.9,78.7,4,6,7,5,7,10,19,51,91,61.5,54.8,57.3,2.12,38,113,2,0,38.5,0.0,3,65.2,53.5,58.0,27.4,74.1,63.1,vocabulary,writing,IMPROVING
1354,11,USER,382,3737,28,2,0,0,70.6,61.9,6,12,29,21,30,60,113,307,534,51.6,54.4,54.3,1.93,133,628,3,16,50.7,48.3,0,59.7,49.5,79.4,46.8,48.2,55.9,reading,writing,STABLE
1355,10,USER,663,1905,9,8,345,1,64.7,66.9,4,6,10,7,11,17,35,48,117,77.9,74.4,72.1,1.18,74,177,2,1,64.9,76.1,0,78.1,68.5,84.3,62.2,76.4,80.2,reading,writing,IMPROVING
1356,7,USER,0,2005,13,4,0,0,57.1,48.2,5,10,15,4,5,14,33,89,139,62.6,56.2,55.4,1.68,38,151,0,2,0.0,60.3,1,56.5,59.5,61.5,43.1,75.0,49.5,vocabulary,writing,IMPROVING
1357,7,USER,298,1900,4,4,135,1,65.0,63.6,1,7,15,6,11,23,31,51,112,53.9,52.8,58.2,1.87,94,226,1,4,49.0,67.0,4,36.9,64.9,58.5,50.1,53.9,47.5,speaking,listening,STABLE
1358,11,USER,414,2175,19,5,0,0,46.3,48.6,5,9,15,13,17,29,68,117,168,49.7,51.4,48.7,2.02,79,272,4,1,44.7,54.2,2,40.2,48.4,51.5,35.2,54.4,47.5,vocabulary,writing,STABLE
1359,11,USER,582,3324,20,3,0,0,77.2,73.0,5,12,29,15,24,60,154,273,387,66.2,66.7,66.1,1.77,221,615,6,7,82.3,36.5,3,62.5,41.8,75.5,66.6,75.1,69.9,reading,speaking,STABLE
1360,12,USER,325,1398,8,2,302,1,61.8,65.6,3,7,12,3,7,15,13,30,85,55.2,56.1,53.6,2.09,34,159,1,2,61.7,47.2,0,55.8,41.0,70.5,72.3,43.7,58.7,writing,speaking,STABLE
1361,6,USER,448,1785,5,2,0,0,57.7,51.0,2,9,14,8,19,26,41,69,156,49.0,54.6,54.0,2.01,101,261,0,3,0.0,45.7,3,43.8,46.5,44.1,81.9,47.5,61.3,writing,listening,STABLE
1362,12,USER,179,2471,14,0,21,1,90.1,93.6,5,11,19,16,23,38,131,182,265,47.0,44.9,44.7,1.53,155,369,4,2,53.0,21.4,0,53.2,22.9,52.9,57.4,67.5,51.9,vocabulary,speaking,STABLE
1363,4,USER,242,1626,7,3,0,0,47.9,69.0,3,7,9,2,4,11,22,32,86,71.8,70.4,71.1,1.26,57,146,0,2,0.0,88.3,4,71.4,77.1,52.1,74.0,83.3,60.5,vocabulary,reading,STABLE
1364,12,USER,0,1833,6,0,20,1,39.5,40.3,1,5,10,4,7,14,27,46,88,59.7,66.7,70.3,1.21,51,133,1,1,72.3,63.3,1,68.7,64.4,61.0,70.2,85.8,62.6,vocabulary,reading,DECLINING
1365,9,USER,77,1470,15,5,0,0,90.8,95.2,4,11,20,7,9,18,35,52,122,63.3,67.6,68.2,1.71,103,227,4,1,52.0,53.1,1,67.7,55.8,77.9,58.9,64.7,53.4,reading,grammar,STABLE
1366,8,USER,730,1680,6,4,307,1,86.5,79.0,3,8,18,9,12,31,60,86,183,49.5,48.4,50.7,2.03,122,290,3,6,58.1,45.5,4,66.6,40.6,66.1,62.1,54.1,44.2,listening,speaking,STABLE
1367,12,USER,317,2378,14,4,0,0,52.1,54.2,0,8,12,4,9,24,72,130,232,70.8,66.7,67.0,1.62,69,239,1,0,41.0,0.0,3,57.2,77.5,78.1,49.5,61.3,61.2,reading,writing,STABLE
1368,7,USER,267,1852,16,4,0,0,71.8,58.1,3,12,14,6,15,28,34,61,158,60.1,59.6,57.4,1.53,129,275,2,3,47.2,59.3,1,54.8,65.4,74.2,55.5,56.4,60.1,reading,listening,STABLE
1369,5,USER,0,1573,10,0,0,0,67.9,69.2,3,11,12,8,11,15,25,68,136,57.3,50.8,50.5,1.58,42,128,0,3,0.0,43.4,5,86.9,50.4,44.3,54.1,44.6,36.0,listening,grammar,IMPROVING
1370,2,USER,0,1408,12,5,0,0,33.2,32.1,2,10,12,4,6,13,22,55,103,45.2,49.8,48.8,2.22,48,117,3,0,40.4,0.0,0,79.9,59.5,48.4,31.4,45.6,57.2,listening,writing,STABLE
1371,9,USER,129,1152,6,3,0,0,4.2,22.7,0,2,3,1,1,2,3,5,7,75.0,69.0,70.1,1.64,19,52,1,0,76.6,0.0,3,91.3,53.5,75.8,64.5,49.2,65.9,listening,vocabulary,STABLE
1372,6,USER,199,2729,2,3,8,1,77.7,72.4,5,8,16,13,18,28,101,148,248,59.9,66.7,63.7,1.48,140,294,3,0,79.8,0.0,0,53.9,73.0,53.9,66.6,57.7,73.2,grammar,listening,STABLE
1373,6,USER,814,3983,24,0,54,1,94.3,84.9,6,10,23,31,41,60,115,246,532,74.8,72.8,72.6,1.64,148,713,7,4,92.0,69.6,3,60.6,68.1,70.9,85.5,58.9,69.9,writing,vocabulary,STABLE
1374,7,USER,406,2899,13,0,0,0,69.6,55.9,6,12,17,10,22,44,69,130,290,56.3,49.2,50.5,1.67,95,348,3,2,56.1,58.9,0,31.4,61.2,54.3,44.4,49.7,48.0,speaking,listening,IMPROVING
1375,9,USER,819,3176,14,6,255,1,83.6,73.0,4,14,23,14,23,55,80,201,354,48.7,51.3,53.0,1.99,119,560,6,5,44.9,68.2,0,47.9,69.5,56.2,42.1,52.0,48.2,speaking,writing,STABLE
1376,11,USER,510,2259,2,0,0,0,67.2,56.6,4,10,13,9,14,27,57,124,238,37.3,41.8,43.1,2.34,61,241,1,3,42.7,45.1,0,43.2,27.7,52.7,38.5,36.7,60.2,grammar,speaking,STABLE
1377,10,USER,245,1521,13,8,0,0,49.1,48.4,4,5,10,5,7,17,68,104,142,47.7,52.4,56.4,2.24,70,166,3,0,64.9,0.0,4,55.8,70.1,45.6,63.0,59.1,48.9,speaking,reading,DECLINING
1378,9,USER,517,1524,10,1,0,0,64.3,79.3,4,4,8,2,5,13,26,56,93,60.9,59.3,61.0,1.85,80,176,2,0,80.5,0.0,1,42.2,52.0,72.5,74.6,52.8,60.9,writing,listening,STABLE
1379,12,USER,591,1011,0,8,229,1,52.5,69.7,1,1,5,3,5,7,13,18,47,64.6,62.7,59.6,1.84,47,115,0,0,0.0,0.0,5,54.9,68.0,66.2,40.8,64.6,66.9,speaking,writing,STABLE
1380,12,USER,728,1661,6,6,356,1,40.8,64.4,5,8,14,13,17,26,44,85,200,58.8,58.7,56.6,2.01,141,297,2,1,55.7,50.4,3,54.4,43.9,53.6,60.4,78.7,66.9,vocabulary,speaking,STABLE
1381,1,USER,364,1169,15,1,0,0,54.0,72.5,2,3,9,2,4,9,21,31,89,65.0,66.1,65.6,1.97,51,112,0,0,0.0,0.0,4,70.8,78.3,66.6,82.3,89.7,51.6,vocabulary,grammar,STABLE
1382,7,USER,0,1666,4,0,0,0,56.0,60.4,3,8,16,3,9,24,70,97,169,57.5,61.2,70.2,1.37,58,241,0,2,0.0,70.6,5,63.2,70.1,73.8,82.5,61.0,73.1,writing,vocabulary,DECLINING
1383,5,USER,420,1889,18,0,0,0,69.1,63.9,4,9,23,8,14,32,68,154,209,53.8,52.9,47.1,1.87,107,303,2,2,52.5,55.6,0,42.5,48.0,42.6,54.9,58.5,27.2,vocabulary,grammar,IMPROVING
1384,7,USER,586,2418,14,3,208,1,74.6,58.7,4,9,19,11,21,38,47,78,160,68.8,64.0,62.8,1.64,155,351,2,3,60.0,62.2,3,56.2,66.8,61.7,64.2,62.0,66.0,speaking,listening,IMPROVING
1385,5,USER,290,1856,8,6,0,0,47.1,42.3,3,6,15,7,14,21,61,116,204,65.7,67.1,65.2,1.51,76,218,1,2,82.9,68.2,2,45.3,65.7,60.0,84.3,65.5,66.9,writing,listening,STABLE
1386,11,USER,181,1205,9,6,0,0,28.0,48.1,0,5,9,1,4,5,22,28,43,58.3,52.2,55.7,1.73,10,48,0,0,0.0,0.0,3,53.3,52.3,63.6,52.5,49.3,72.6,grammar,vocabulary,STABLE
1387,3,USER,113,2980,12,9,0,0,49.0,61.0,3,11,23,17,22,52,109,230,348,64.1,67.2,62.8,1.71,193,496,3,5,69.4,65.7,1,67.0,69.1,59.6,66.4,50.7,60.2,speaking,vocabulary,STABLE
1388,7,USER,119,1051,4,5,0,0,42.3,21.5,1,5,10,3,7,10,22,28,66,49.2,51.0,52.4,1.27,30,92,0,1,0.0,65.9,0,37.7,57.7,59.2,47.9,61.8,57.8,vocabulary,listening,STABLE
1389,8,USER,62,1985,7,3,0,0,67.8,63.3,2,13,15,5,10,24,41,72,192,50.3,51.6,51.8,2.11,58,205,0,0,0.0,0.0,4,59.5,48.0,50.1,59.9,30.0,40.6,writing,vocabulary,STABLE
1390,9,USER,783,3405,25,0,0,0,100.0,95.6,6,11,28,19,27,59,153,249,375,65.9,65.1,62.2,1.46,159,587,3,4,52.7,73.6,1,98.0,68.0,64.2,57.0,45.6,63.7,listening,vocabulary,STABLE
1391,8,USER,456,1532,19,3,0,0,73.0,74.9,4,9,16,11,14,24,42,63,151,65.7,65.1,62.5,1.57,66,257,3,2,47.6,85.8,3,59.4,82.2,54.6,50.6,60.3,73.9,speaking,writing,STABLE
1392,8,USER,348,3173,17,0,0,0,77.1,77.5,7,10,22,9,16,44,177,236,325,68.8,70.9,71.1,1.6,137,448,3,3,76.5,63.7,1,43.6,69.8,81.2,69.5,60.3,63.1,reading,listening,STABLE
1393,12,USER,0,644,2,8,0,0,67.8,76.9,3,3,5,1,1,4,11,16,27,51.0,52.8,53.7,2.05,2,11,0,0,0.0,0.0,0,41.2,59.8,74.3,54.1,53.2,53.4,reading,listening,STABLE
1394,8,USER,216,2104,5,0,0,0,62.1,60.8,3,7,13,5,12,22,71,138,225,52.0,52.0,50.6,1.55,80,214,1,1,61.7,69.3,2,48.7,68.8,39.7,55.8,48.9,64.5,speaking,reading,STABLE
1395,3,USER,117,1923,13,7,0,0,92.7,88.2,4,9,16,5,10,27,31,68,136,69.1,72.5,65.6,1.53,47,246,4,1,70.6,52.9,0,51.2,70.3,62.2,53.5,68.2,79.0,grammar,listening,STABLE
1396,4,USER,365,1888,9,4,61,1,69.7,68.8,3,7,10,9,11,21,44,111,171,65.5,60.2,60.4,1.54,71,238,0,1,0.0,47.4,1,61.9,47.4,58.4,46.0,49.4,61.6,listening,writing,STABLE
1397,3,USER,614,2591,15,0,0,0,100.0,100.0,5,9,21,22,28,43,66,118,210,47.6,53.0,53.1,2.19,129,436,5,5,60.7,68.0,0,87.7,61.1,44.5,67.4,68.6,52.7,listening,reading,STABLE
1398,6,USER,0,931,0,9,0,0,39.0,24.4,1,1,3,3,4,6,13,20,53,47.8,49.8,54.3,2.32,29,74,1,0,52.9,0.0,0,51.1,78.3,45.1,54.5,38.6,55.2,speaking,vocabulary,DECLINING
1399,8,USER,242,1711,6,2,0,0,76.6,69.8,4,8,16,5,7,17,51,100,143,66.8,59.1,53.1,1.13,64,178,2,2,64.9,60.5,0,63.1,59.4,63.8,67.7,47.0,55.5,writing,vocabulary,IMPROVING
1400,3,USER,0,1441,5,4,0,0,49.1,39.0,2,7,12,3,8,20,53,67,149,39.3,42.9,45.5,2.31,43,175,4,0,58.0,0.0,0,53.3,37.7,44.3,56.7,38.6,56.4,writing,speaking,DECLINING
1401,6,USER,103,2671,21,11,0,0,61.9,65.4,4,10,19,20,26,41,111,201,269,62.9,60.7,61.8,1.93,148,404,2,6,56.8,77.6,0,68.9,73.4,59.6,53.1,53.7,75.7,grammar,writing,STABLE
1402,12,USER,418,2821,21,4,0,0,84.3,77.1,6,12,28,13,24,55,119,240,340,60.1,65.0,63.4,2.15,238,546,4,7,34.2,73.3,1,57.9,63.7,63.5,47.4,73.6,60.8,vocabulary,writing,STABLE
1403,8,USER,323,1263,0,10,0,0,49.6,40.9,2,7,12,7,9,17,56,81,131,59.6,50.7,52.3,2.17,44,124,0,1,0.0,64.0,1,39.2,63.4,45.5,63.0,48.0,48.2,speaking,listening,IMPROVING
1404,6,USER,181,1921,13,0,0,0,85.8,100.0,4,8,17,6,9,25,49,74,148,50.8,48.9,47.1,2.24,56,239,3,1,71.2,53.0,1,57.9,57.1,45.8,61.2,45.0,40.6,writing,grammar,STABLE
1405,7,USER,0,970,5,6,0,0,34.0,30.6,2,5,11,2,3,5,10,20,34,63.0,67.9,68.0,1.74,16,42,1,0,63.5,0.0,2,57.0,74.7,57.7,61.8,82.0,67.0,vocabulary,listening,STABLE
1406,12,USER,557,2690,21,3,173,1,79.1,100.0,4,11,25,14,20,44,85,179,296,53.0,58.1,63.1,1.96,157,530,4,5,75.0,64.5,0,59.4,63.2,80.7,61.9,79.8,77.1,reading,listening,DECLINING
1407,7,USER,1032,3275,18,4,230,1,54.1,71.8,4,9,23,15,23,56,119,240,415,66.1,72.3,70.0,1.48,198,635,3,3,83.4,82.3,0,69.9,69.5,56.6,77.3,71.7,65.2,writing,reading,STABLE
1408,6,USER,450,3252,18,3,0,0,100.0,94.1,5,11,29,19,36,60,79,134,295,67.1,73.6,72.3,1.74,266,599,6,6,62.3,64.0,0,63.9,57.3,81.7,64.5,61.8,88.9,grammar,speaking,STABLE
1409,2,USER,327,1555,14,6,0,0,48.9,65.3,2,8,13,6,11,17,33,81,118,38.4,38.8,42.6,2.11,42,136,1,2,50.9,64.3,0,50.0,60.3,26.5,54.0,47.5,50.1,speaking,reading,STABLE
1410,2,USER,224,1741,10,0,0,0,38.5,41.5,2,8,19,9,12,22,28,67,154,52.8,46.0,44.2,1.48,43,206,1,1,23.7,54.3,0,58.4,51.8,42.2,28.4,37.6,41.4,listening,writing,IMPROVING
1411,7,USER,236,2795,19,5,0,0,49.0,70.1,5,12,20,12,22,45,84,185,309,57.7,56.9,62.3,2.06,197,434,3,3,60.9,60.5,0,49.3,58.8,70.7,61.3,76.4,60.3,vocabulary,listening,STABLE
1412,10,USER,190,1171,5,9,0,0,62.9,59.2,1,4,7,3,5,10,25,45,67,70.7,64.2,62.1,1.0,28,96,1,0,66.5,0.0,0,65.6,54.8,74.9,66.4,59.6,80.9,grammar,speaking,IMPROVING
1413,1,USER,376,2709,24,1,0,0,62.1,71.0,6,9,20,17,22,33,42,110,272,66.3,58.5,55.9,1.74,149,336,7,1,50.3,31.4,0,53.4,33.0,59.8,49.6,56.3,53.2,reading,speaking,IMPROVING
1414,4,USER,62,1526,11,6,0,0,51.5,57.7,1,6,11,7,9,18,20,47,121,73.7,69.6,70.6,1.4,67,202,2,1,84.0,59.8,5,56.0,55.0,71.3,75.0,62.0,65.3,writing,speaking,STABLE
1415,7,USER,485,1252,0,0,254,1,71.3,80.8,4,6,11,3,7,18,47,64,153,48.9,54.4,50.9,2.19,35,185,1,2,55.4,72.8,0,39.4,64.7,61.9,52.1,55.1,33.7,speaking,grammar,STABLE
1416,2,USER,777,3012,6,5,121,1,76.9,96.0,2,12,20,6,16,42,92,126,336,55.9,59.7,66.5,1.45,124,458,4,2,92.6,69.2,0,62.9,61.9,60.1,89.1,58.5,72.2,writing,vocabulary,DECLINING
1417,9,USER,205,2195,10,6,0,0,65.7,82.9,4,7,12,7,13,24,80,125,222,66.0,55.0,55.4,1.46,63,223,4,0,66.9,0.0,1,49.9,40.4,56.7,66.5,69.8,56.1,vocabulary,speaking,IMPROVING
1418,1,USER,734,2211,12,0,323,1,51.4,60.9,7,9,20,10,14,35,61,169,240,50.4,48.7,48.8,1.93,154,337,6,0,66.8,0.0,1,57.6,49.7,45.2,60.7,46.9,32.2,writing,grammar,STABLE
1419,2,USER,615,1850,5,4,338,1,69.9,72.7,3,6,12,10,17,24,58,94,168,45.5,51.1,45.4,2.24,54,259,2,1,53.8,54.6,3,34.1,60.7,37.9,48.5,42.0,49.4,speaking,listening,STABLE
1420,10,USER,220,2169,18,5,0,0,88.0,90.5,5,12,18,10,14,25,20,54,146,68.1,64.3,63.3,1.9,92,241,2,2,57.9,55.7,4,78.0,55.0,59.8,53.9,69.6,55.1,listening,writing,IMPROVING
1421,6,USER,925,3917,21,3,220,1,94.0,82.1,7,9,23,19,25,55,246,365,528,59.5,70.0,66.8,1.61,185,647,2,6,63.2,75.7,0,55.3,77.0,65.1,61.1,70.2,71.5,speaking,listening,DECLINING
1422,7,USER,559,2073,18,6,201,1,76.3,87.4,5,9,16,5,12,33,58,157,226,61.9,58.4,58.9,1.84,124,389,2,3,61.5,41.8,0,69.6,33.5,55.1,66.4,65.9,66.2,listening,speaking,STABLE
1423,9,USER,115,1544,4,4,0,0,59.9,68.3,3,4,8,6,8,11,22,47,83,80.1,83.3,77.0,1.0,23,96,1,1,70.2,61.8,0,77.5,58.2,71.9,58.3,82.1,61.8,vocabulary,speaking,STABLE
1424,8,USER,935,1329,18,0,290,1,60.6,66.2,4,10,15,4,6,15,23,62,109,60.7,62.7,56.4,1.78,43,178,0,0,0.0,0.0,0,50.7,62.2,53.6,53.3,82.6,50.4,vocabulary,grammar,IMPROVING
1425,3,USER,482,2583,10,0,0,0,72.3,89.8,4,10,23,12,16,41,124,165,241,71.3,67.7,70.8,1.12,93,410,5,1,55.4,65.2,0,69.6,63.0,59.1,61.8,58.6,88.1,grammar,vocabulary,STABLE
1426,8,USER,0,1303,9,9,0,0,54.3,66.6,1,6,10,3,7,12,26,67,95,65.0,67.1,69.5,1.73,54,137,1,0,58.2,0.0,1,78.8,50.9,91.4,62.3,65.4,57.3,reading,speaking,DECLINING
1427,11,USER,328,2058,5,2,0,0,57.6,43.4,4,6,16,7,10,25,52,79,166,67.1,69.8,65.9,1.53,123,263,1,2,72.0,69.4,0,83.0,67.1,58.8,73.6,71.6,62.9,listening,reading,STABLE
1428,1,USER,134,830,7,77,0,0,60.7,72.9,0,0,0,0,0,0,1,2,4,39.5,38.0,47.4,1.71,0,0,0,0,0.0,0.0,0,45.5,59.9,77.2,46.8,43.7,48.9,reading,vocabulary,DECLINING
1429,9,USER,510,3256,12,4,106,1,88.1,73.0,3,12,18,16,31,43,118,246,364,63.2,66.6,67.9,1.85,132,522,1,3,63.7,51.9,2,67.6,50.1,66.3,67.0,74.3,63.8,vocabulary,speaking,STABLE
1430,6,USER,1188,2887,19,7,340,1,56.2,51.8,4,12,19,12,30,41,66,159,314,60.9,64.9,69.9,1.98,158,486,0,4,0.0,61.3,1,70.1,61.2,46.6,80.4,77.0,71.3,writing,reading,DECLINING
1431,7,USER,0,887,0,3,0,0,39.0,33.5,3,3,6,2,6,11,17,34,88,40.4,39.5,42.4,1.59,22,81,0,0,0.0,0.0,0,43.7,36.1,44.4,12.8,51.9,40.3,vocabulary,writing,STABLE
1432,12,USER,0,2182,12,3,0,0,71.9,85.3,3,8,16,12,17,26,45,71,138,60.5,64.9,64.4,1.57,100,231,2,2,59.7,66.1,0,69.0,61.1,44.0,57.0,74.7,65.0,vocabulary,reading,STABLE
1433,4,USER,238,2835,11,0,0,0,96.4,90.4,1,12,18,12,18,43,103,258,347,59.7,53.5,60.3,1.46,180,432,8,7,64.2,43.4,1,65.6,48.0,76.6,58.0,40.4,56.2,reading,vocabulary,STABLE
1434,7,USER,311,2292,11,4,0,0,43.9,39.8,2,7,13,9,13,25,76,98,203,61.4,60.9,62.3,1.73,52,276,1,2,60.2,90.6,2,47.8,82.7,60.2,51.3,50.5,57.5,speaking,listening,STABLE
1435,9,USER,288,520,0,6,0,0,8.4,32.0,1,1,3,1,2,3,7,13,20,44.8,45.2,49.4,1.94,14,33,0,0,0.0,0.0,0,69.9,46.2,58.9,48.6,49.7,46.7,listening,speaking,STABLE
1436,5,USER,584,2429,19,0,0,0,33.3,18.3,6,11,21,10,21,31,79,128,222,63.4,61.7,62.8,1.89,124,343,2,0,59.0,0.0,0,65.2,61.7,72.6,57.7,62.7,51.7,reading,grammar,STABLE
1437,10,USER,584,3273,17,1,81,1,61.8,71.1,4,9,23,12,21,57,65,175,430,60.7,57.6,54.8,1.83,180,585,4,7,52.9,69.4,0,64.4,70.7,68.4,51.5,61.1,50.2,speaking,grammar,IMPROVING
1438,8,USER,139,1502,4,2,0,0,36.7,56.7,5,6,16,9,19,26,63,106,187,52.3,47.9,42.5,1.53,109,242,1,5,42.6,44.8,5,51.9,50.6,33.5,40.5,45.6,48.2,listening,reading,IMPROVING
1439,3,USER,547,3520,15,0,199,1,98.1,92.2,4,13,24,20,37,52,101,193,399,52.8,53.9,54.4,1.54,207,529,8,7,73.0,60.7,0,43.8,59.1,74.2,74.3,57.6,44.9,writing,listening,STABLE
1440,1,USER,127,2561,14,0,0,0,95.4,100.0,5,8,21,9,22,37,86,167,265,66.3,65.1,67.2,1.71,187,391,1,2,49.5,88.6,0,64.7,79.7,69.7,56.5,77.4,77.8,speaking,writing,STABLE
1441,10,USER,482,2322,12,6,0,0,74.5,76.7,4,7,17,10,19,26,34,79,192,68.1,72.0,71.4,1.62,71,269,4,1,80.5,82.4,0,68.5,87.9,56.0,78.0,59.9,70.8,speaking,reading,STABLE
1442,10,USER,0,1628,1,6,0,0,53.8,66.0,3,5,9,6,9,16,44,69,109,69.3,65.0,65.7,1.57,30,147,3,0,71.1,0.0,0,66.6,74.4,47.6,75.9,66.1,63.3,writing,reading,STABLE
1443,5,USER,367,1955,9,3,0,0,43.6,79.0,3,9,17,4,9,24,61,87,143,63.9,57.6,53.8,1.49,94,252,0,1,0.0,56.4,0,56.4,48.4,37.4,61.2,48.7,62.2,grammar,reading,IMPROVING
1444,9,USER,202,3185,19,2,0,0,78.9,83.7,6,14,21,10,22,36,98,132,296,67.1,68.3,66.1,1.45,162,398,4,1,67.8,67.5,0,82.3,72.3,64.1,63.4,63.3,55.3,listening,grammar,STABLE
1445,9,USER,487,2121,13,3,0,0,77.5,92.4,7,11,18,13,21,31,49,122,204,56.7,50.6,50.3,1.73,133,303,3,3,55.5,81.2,4,52.5,71.7,76.3,40.8,65.2,67.8,reading,writing,IMPROVING
1446,4,USER,463,1900,0,4,345,1,41.3,24.7,1,6,14,6,14,24,39,84,159,57.7,58.1,61.4,2.14,92,228,0,2,0.0,63.6,0,78.8,59.6,69.0,63.7,49.4,59.4,listening,vocabulary,STABLE
1447,1,USER,201,2164,18,0,0,0,62.5,71.6,4,7,16,13,19,35,106,156,280,51.6,51.9,48.4,2.05,92,311,2,3,60.8,55.6,1,75.3,61.8,45.0,48.9,36.5,44.2,listening,vocabulary,STABLE
1448,6,USER,566,1477,11,1,0,0,51.3,55.7,2,4,10,7,13,21,69,90,128,48.4,57.0,58.7,1.62,56,187,1,2,50.8,65.6,3,35.5,51.2,74.0,51.6,37.6,41.6,reading,listening,DECLINING
1449,12,USER,103,2175,14,2,0,0,51.2,67.0,4,10,16,9,14,29,50,100,135,49.3,51.5,54.3,2.18,99,267,2,4,66.3,67.7,0,51.1,57.4,45.5,61.1,52.5,67.3,grammar,reading,STABLE
1450,7,USER,0,1044,12,6,0,0,63.4,64.0,3,5,9,5,10,14,38,53,101,47.1,54.3,53.0,1.98,32,160,0,1,0.0,80.4,2,46.1,73.0,62.2,61.3,61.0,33.7,speaking,grammar,STABLE
1451,7,USER,480,905,5,9,105,1,56.2,45.0,3,6,10,5,8,12,11,31,84,24.3,36.4,36.6,2.19,52,112,1,0,37.6,0.0,3,44.1,56.1,35.5,38.0,40.4,33.2,speaking,grammar,DECLINING
1452,12,USER,67,1026,8,5,0,0,70.8,82.0,3,4,6,3,7,10,14,27,58,61.3,63.6,68.9,1.91,34,119,0,0,0.0,0.0,0,69.2,64.2,85.4,76.0,64.8,52.2,reading,grammar,DECLINING
1453,4,USER,325,1431,7,2,0,0,65.8,52.4,6,8,12,4,11,17,34,84,167,54.5,54.6,52.8,2.0,94,198,1,0,55.0,0.0,0,49.2,51.7,56.1,58.0,52.3,50.7,writing,listening,STABLE
1454,3,USER,44,2605,6,7,0,0,92.5,97.0,4,8,17,11,19,32,119,156,321,50.6,46.4,52.0,1.57,149,371,3,2,51.4,76.9,2,49.1,61.2,50.3,49.5,74.3,51.2,vocabulary,listening,STABLE
1455,10,USER,277,403,0,9,34,1,37.7,62.4,0,1,2,1,2,4,9,14,37,41.4,49.0,47.6,1.92,12,46,0,0,0.0,0.0,1,32.8,47.2,60.1,58.1,54.9,48.0,reading,listening,DECLINING
1456,6,USER,399,2170,8,3,0,0,45.0,61.5,6,11,17,13,26,39,52,88,212,66.0,59.4,59.8,1.56,169,376,3,4,64.0,43.2,1,64.3,43.8,70.4,57.7,55.1,51.1,reading,speaking,IMPROVING
1457,9,USER,822,2400,24,2,305,1,92.9,77.7,6,6,20,16,21,44,75,130,279,48.4,54.6,52.1,1.76,191,456,4,2,53.1,72.6,0,56.6,62.1,52.7,49.5,50.2,60.1,speaking,writing,STABLE
1458,9,USER,989,2097,11,7,264,1,69.1,88.4,3,10,14,8,14,25,41,89,133,61.6,56.8,58.3,1.31,54,248,3,3,59.8,51.7,3,60.1,51.2,68.3,63.2,55.0,64.3,reading,speaking,STABLE
1459,11,USER,80,1396,0,6,0,0,69.3,70.8,3,7,12,8,12,18,36,53,99,58.0,60.6,57.4,1.67,55,154,0,1,0.0,55.0,0,56.9,51.4,83.0,60.8,77.1,65.9,reading,speaking,STABLE
1460,7,USER,0,1530,12,9,0,0,64.4,78.2,2,5,10,5,7,14,15,33,81,49.0,52.2,54.2,1.92,35,121,0,1,0.0,64.0,1,45.3,55.0,46.4,59.2,60.2,77.7,grammar,listening,DECLINING
1461,10,USER,326,1665,12,3,90,1,52.3,60.7,3,7,12,5,8,11,40,51,90,57.4,72.0,71.2,1.75,40,96,0,1,0.0,64.2,1,80.8,64.0,61.6,52.7,63.9,60.8,listening,writing,DECLINING
1462,12,USER,420,3318,26,0,0,0,67.3,61.1,6,9,23,27,39,58,73,169,373,74.7,64.4,58.3,1.02,114,554,6,10,42.6,77.6,0,51.5,74.8,62.0,47.4,58.5,58.6,speaking,writing,IMPROVING
1463,8,USER,486,2277,16,1,0,0,61.6,49.8,4,11,19,9,15,31,60,119,213,79.6,73.1,70.9,1.68,90,285,5,4,85.4,64.5,1,76.1,53.4,66.4,84.8,68.6,64.4,writing,speaking,IMPROVING
1464,4,USER,248,2096,14,5,0,0,64.8,56.2,5,6,18,12,18,28,48,87,183,60.9,50.5,53.0,1.41,66,284,1,0,37.8,0.0,0,80.2,54.8,58.8,38.0,62.0,54.7,listening,writing,IMPROVING
1465,3,USER,491,2972,12,2,0,0,97.0,100.0,6,10,21,12,27,45,108,155,309,56.4,56.0,49.7,1.6,96,462,6,8,53.2,36.6,2,38.4,36.0,48.4,42.2,58.1,53.2,vocabulary,speaking,IMPROVING
1466,6,USER,238,1349,10,4,0,0,42.3,50.6,1,4,9,5,10,16,18,38,93,49.6,52.6,54.2,1.96,45,135,1,2,58.5,51.1,0,53.6,46.1,52.6,63.9,68.3,49.4,vocabulary,speaking,STABLE
1467,3,USER,630,2799,16,2,151,1,91.3,98.9,3,12,20,12,16,41,148,234,312,52.8,56.1,52.0,1.7,166,433,2,4,51.8,41.6,1,66.4,30.0,49.2,57.2,57.8,36.0,listening,speaking,STABLE
1468,5,USER,279,1218,12,4,0,0,49.7,56.7,3,6,9,3,4,9,17,36,67,60.8,58.8,55.4,1.63,35,106,0,0,0.0,0.0,0,70.0,62.3,69.9,46.8,56.3,54.3,listening,writing,STABLE
1469,2,USER,128,2084,17,2,0,0,80.2,91.5,7,11,18,8,20,28,40,78,207,56.8,55.1,54.4,1.53,56,285,2,3,30.1,66.1,0,67.0,61.0,52.4,27.9,71.8,78.9,grammar,writing,STABLE
1470,5,USER,188,1293,23,4,0,0,50.5,60.1,4,6,13,7,10,17,55,69,116,45.2,45.7,44.4,1.91,71,186,1,2,38.3,70.2,1,62.4,61.5,20.9,42.0,61.1,50.9,listening,reading,STABLE
1471,6,USER,285,1915,6,2,0,0,74.2,68.7,4,13,16,8,21,28,51,132,236,59.7,61.2,63.1,1.93,144,308,4,1,64.5,73.8,0,63.5,70.6,71.1,63.4,48.3,49.6,reading,vocabulary,STABLE
1472,10,USER,962,820,16,8,346,1,57.9,61.1,2,4,7,1,3,8,21,36,50,60.6,63.4,61.3,1.61,28,98,4,0,76.0,0.0,0,58.9,51.0,58.9,69.1,61.8,44.7,writing,grammar,STABLE
1473,10,USER,827,1296,13,4,282,1,50.4,58.7,2,10,16,5,7,16,51,78,106,49.3,52.0,53.0,2.07,62,184,1,3,49.7,55.6,2,66.0,60.0,60.8,52.1,55.8,42.4,listening,grammar,STABLE
1474,10,USER,430,2255,25,4,186,1,57.8,63.9,4,10,16,6,8,23,27,68,171,46.6,52.3,53.0,2.22,116,261,4,4,41.5,41.1,0,57.7,38.4,77.6,38.2,53.8,54.5,reading,writing,DECLINING
1475,5,USER,780,1433,12,0,316,1,54.3,52.4,1,8,14,5,12,20,32,75,111,45.1,47.6,47.8,2.0,42,185,0,1,0.0,53.9,0,46.9,44.6,55.5,67.1,38.9,39.7,writing,vocabulary,STABLE
1476,11,USER,163,1295,12,6,0,0,43.0,51.2,2,5,9,3,6,9,12,18,48,54.7,50.6,50.2,1.39,17,53,1,0,72.2,0.0,1,49.8,43.7,52.1,66.3,64.8,50.6,writing,speaking,STABLE
1477,6,USER,236,1664,14,4,0,0,68.2,61.8,3,9,14,8,13,22,43,120,166,45.4,53.1,51.4,1.69,62,181,1,2,83.8,52.5,2,44.1,52.8,55.0,84.3,50.5,45.0,writing,listening,DECLINING
1478,10,USER,136,1377,7,7,0,0,81.5,87.7,5,7,9,4,7,19,44,85,153,60.5,56.9,55.9,1.94,70,201,3,0,50.8,0.0,0,29.2,51.1,68.6,43.3,43.6,47.0,reading,listening,IMPROVING
1479,6,USER,844,2962,22,0,193,1,69.7,95.4,4,8,24,16,22,58,129,164,355,49.0,50.7,50.3,1.72,114,572,2,5,31.3,52.7,2,54.8,49.4,62.2,26.6,70.9,64.8,vocabulary,writing,STABLE
1480,1,USER,168,1645,20,3,29,1,48.5,45.1,2,9,13,10,15,24,58,83,172,34.4,34.4,36.9,2.15,73,266,1,1,46.2,37.3,0,37.1,30.1,45.4,34.6,33.5,37.4,reading,speaking,STABLE
1481,3,USER,231,2642,13,1,0,0,65.2,58.9,1,7,14,10,16,32,83,113,217,67.4,63.2,69.6,2.01,71,336,0,5,0.0,49.4,0,53.2,48.6,65.1,67.6,85.8,57.8,vocabulary,speaking,STABLE
1482,5,USER,104,1160,7,11,0,0,55.0,48.1,2,6,13,2,3,7,16,25,38,56.3,59.6,60.1,1.67,15,33,0,0,0.0,0.0,3,52.6,59.3,65.2,60.8,37.3,62.5,reading,vocabulary,STABLE
1483,2,USER,101,2217,24,2,0,0,54.5,64.6,4,6,27,13,22,31,66,125,224,57.6,62.5,64.3,1.62,83,334,2,5,79.5,58.6,0,68.4,60.2,64.0,71.5,73.7,74.6,grammar,speaking,DECLINING
1484,10,USER,698,1400,5,4,340,1,51.0,59.6,3,6,10,5,7,11,18,35,63,59.9,57.7,54.5,1.4,27,84,2,0,63.8,0.0,0,63.1,71.0,45.8,56.2,51.8,48.6,speaking,reading,STABLE
1485,10,USER,406,2861,5,3,0,0,61.3,64.9,5,10,19,7,15,37,121,155,285,54.5,62.3,63.8,1.81,92,371,4,3,73.0,57.8,0,61.3,51.5,67.3,69.4,61.6,68.6,writing,speaking,DECLINING
1486,7,USER,321,2598,19,0,0,0,81.0,96.1,6,10,18,16,20,38,55,121,279,62.6,66.2,67.7,1.7,130,400,5,2,81.3,60.3,2,72.7,54.8,72.1,81.0,69.8,89.3,grammar,speaking,STABLE
1487,6,USER,40,2365,8,2,0,0,70.0,62.5,2,8,19,12,22,37,130,211,311,67.6,68.5,66.4,1.9,64,347,2,1,72.6,63.8,0,45.8,63.2,55.3,72.7,65.4,82.1,grammar,listening,STABLE
1488,12,ADMIN,193,1049,4,3,0,0,44.3,63.2,1,3,5,2,4,10,17,30,52,47.0,50.6,57.0,2.44,21,103,3,0,69.0,0.0,0,53.3,67.0,68.1,54.4,47.5,53.3,reading,vocabulary,DECLINING
1489,10,USER,1061,3250,13,0,0,0,74.8,82.2,6,8,25,13,22,45,122,200,313,52.8,57.4,57.6,1.87,116,429,5,2,80.1,56.3,3,63.7,53.0,58.4,79.8,50.3,65.6,writing,vocabulary,STABLE
1490,11,USER,289,2449,12,4,0,0,68.8,72.5,7,10,17,7,15,26,59,133,213,66.7,66.8,66.8,1.98,57,284,4,0,53.3,0.0,1,61.7,72.4,70.4,62.1,67.2,68.2,speaking,listening,STABLE
1491,1,USER,28,1592,7,9,0,0,50.7,57.2,1,4,7,2,4,9,12,32,66,45.7,50.8,51.9,2.21,24,53,1,0,63.2,0.0,5,53.7,56.7,57.1,49.1,36.3,54.2,reading,vocabulary,DECLINING
1492,6,USER,166,1294,14,7,0,0,28.5,40.9,0,6,15,7,11,19,32,52,133,44.9,43.4,47.2,2.16,47,149,0,0,0.0,0.0,0,47.6,45.8,36.7,40.5,43.0,64.5,grammar,reading,STABLE
1493,4,USER,349,3090,18,0,0,0,80.0,78.0,7,14,27,20,31,42,100,194,308,92.3,80.3,76.5,1.0,203,479,2,4,66.0,66.2,0,59.3,65.0,85.5,61.3,58.7,55.5,reading,grammar,IMPROVING
1494,9,USER,784,3034,21,3,289,1,58.7,59.0,5,6,20,15,27,47,86,181,245,67.2,60.7,61.1,1.77,169,524,7,4,51.1,66.5,2,52.8,63.8,52.4,60.5,49.3,78.9,grammar,vocabulary,IMPROVING
1495,9,USER,166,2020,8,2,0,0,58.7,55.2,4,9,17,6,13,27,67,97,143,57.2,60.3,65.5,1.8,89,226,0,1,0.0,82.9,0,66.1,73.4,59.7,72.9,69.0,58.5,speaking,grammar,DECLINING
1496,6,USER,152,2084,10,4,0,0,73.3,85.2,3,12,16,15,25,35,41,95,190,69.2,61.1,59.4,1.45,118,325,2,1,76.2,55.1,0,69.1,50.4,64.9,70.4,36.8,64.6,writing,vocabulary,IMPROVING
1497,6,USER,50,2233,15,4,0,0,100.0,96.9,6,8,20,7,16,30,72,106,277,62.6,55.1,55.0,1.39,135,327,5,0,57.7,0.0,2,40.7,67.4,66.1,55.2,55.6,57.3,speaking,listening,IMPROVING
1498,11,USER,0,2009,7,4,0,0,74.2,84.7,3,9,17,11,15,28,49,85,178,58.3,58.3,56.9,1.66,116,276,1,3,56.4,71.4,0,57.6,66.6,47.5,51.3,43.6,48.8,speaking,vocabulary,STABLE
1499,6,USER,51,965,12,9,0,0,42.4,32.5,2,7,12,5,13,18,45,79,132,42.6,42.8,48.5,1.99,60,161,0,0,0.0,0.0,0,47.0,39.2,61.8,57.6,31.4,45.4,reading,vocabulary,DECLINING
1500,1,USER,346,3260,8,1,0,0,86.9,86.2,3,11,30,18,29,60,157,263,405,55.1,48.3,46.5,1.57,167,553,3,4,57.5,79.4,0,41.7,70.2,47.2,53.5,62.0,57.6,speaking,listening,IMPROVING
1501,9,USER,130,696,0,16,0,0,64.2,45.1,0,5,8,2,5,10,31,60,82,53.0,57.1,58.3,1.66,37,87,1,0,69.3,0.0,0,45.9,52.8,56.9,71.5,77.5,52.0,vocabulary,listening,DECLINING
1502,8,USER,428,2125,16,0,99,1,59.4,65.1,3,10,15,10,18,30,59,102,247,49.4,53.6,55.2,1.38,137,331,5,6,57.6,61.3,1,58.8,59.8,49.7,48.0,58.0,59.7,speaking,writing,STABLE
1503,6,USER,403,2561,11,2,0,0,85.9,98.0,3,12,18,16,25,40,104,175,314,72.7,69.7,65.2,1.47,79,410,2,4,57.6,95.4,0,58.1,86.6,79.1,63.4,66.7,56.2,speaking,grammar,IMPROVING
1504,3,USER,160,1759,9,9,0,0,80.3,96.1,3,9,13,7,19,27,50,87,197,74.1,72.6,69.5,1.76,104,279,1,1,79.2,61.5,1,86.8,64.6,61.9,73.7,50.5,72.4,listening,vocabulary,STABLE
1505,11,ADMIN,661,2548,15,3,0,0,86.3,92.4,5,12,19,15,28,41,63,119,264,46.4,50.4,52.8,2.09,100,386,6,0,37.5,0.0,0,46.9,56.2,57.9,35.7,48.4,49.8,reading,writing,DECLINING
1506,11,USER,284,1459,0,7,0,0,51.8,70.4,4,6,11,3,7,13,24,58,105,58.6,56.9,52.4,1.76,69,170,0,1,0.0,52.9,0,47.6,57.1,31.3,53.5,48.7,54.0,speaking,reading,IMPROVING
1507,2,USER,209,2414,11,0,0,0,69.0,79.3,5,12,18,10,21,32,114,182,275,54.6,55.7,53.7,1.48,135,327,5,1,50.2,32.3,2,59.4,36.5,63.1,54.5,70.6,52.6,vocabulary,speaking,STABLE
1508,11,USER,159,1584,13,7,0,0,50.8,46.6,3,9,12,6,10,13,24,39,86,55.9,54.4,50.6,1.57,43,133,1,1,56.2,49.4,1,45.1,50.8,76.8,45.4,60.8,72.3,reading,listening,STABLE
1509,6,USER,477,1782,1,5,0,0,53.4,53.6,4,4,8,2,4,12,16,29,79,65.1,62.7,67.7,1.53,53,119,0,0,0.0,0.0,0,62.9,53.3,87.8,59.0,65.8,48.0,reading,grammar,STABLE
1510,10,USER,628,2123,13,1,103,1,79.7,78.4,4,9,16,9,12,30,58,92,172,79.6,79.4,77.6,1.16,60,326,2,4,79.8,75.9,0,77.1,71.5,71.8,72.3,82.9,77.6,vocabulary,speaking,STABLE
1511,6,USER,394,3334,13,4,0,0,65.9,89.3,3,11,21,13,25,46,173,233,326,75.6,72.6,70.7,1.45,107,491,4,2,60.4,82.3,0,72.7,78.1,74.3,53.3,63.3,70.2,speaking,writing,STABLE
1512,3,USER,412,1612,12,5,0,0,66.6,55.0,4,10,19,5,10,21,45,85,138,69.5,64.4,63.7,1.1,61,213,3,0,76.0,0.0,0,78.3,58.5,70.4,73.8,81.7,57.3,vocabulary,grammar,IMPROVING
1513,2,USER,498,1803,6,10,200,1,51.1,48.5,3,6,10,4,9,14,31,64,110,61.7,64.2,62.6,1.84,86,183,0,1,0.0,46.2,2,66.2,53.4,71.2,61.6,65.3,61.7,reading,speaking,STABLE
1514,8,USER,246,2294,14,7,0,0,52.1,58.0,6,9,19,10,16,27,65,149,225,64.2,57.1,56.3,1.48,116,296,2,2,55.1,38.0,0,58.8,35.6,80.4,56.8,45.9,52.1,reading,speaking,IMPROVING
1515,7,USER,539,2098,11,4,0,0,51.7,53.2,3,11,23,13,16,40,42,91,227,56.1,55.4,54.7,1.81,80,361,4,4,46.0,51.4,0,43.5,49.7,49.6,50.4,76.4,56.4,vocabulary,listening,STABLE
1516,2,USER,331,3311,19,2,0,0,69.7,74.6,2,11,19,12,18,50,165,211,390,62.0,59.3,65.2,2.11,104,514,1,2,73.2,69.6,2,54.0,67.1,55.4,66.3,45.2,80.0,grammar,vocabulary,STABLE
1517,2,USER,729,3747,25,0,0,0,54.6,74.6,5,13,29,19,27,60,298,373,500,60.7,58.6,56.6,1.99,262,569,4,5,54.0,63.1,0,63.1,60.3,45.4,60.4,52.2,56.4,listening,reading,IMPROVING
1518,12,USER,57,2362,9,0,0,0,72.0,68.6,4,11,17,7,19,36,66,101,228,69.7,66.6,68.0,1.23,136,343,2,3,47.9,59.0,0,71.0,61.4,58.4,57.4,76.2,84.4,grammar,writing,STABLE
1519,8,USER,248,2121,8,5,0,0,53.6,68.8,2,10,13,8,13,27,58,110,167,40.4,44.1,47.2,2.03,123,261,1,3,59.3,34.8,0,44.9,36.2,40.0,48.7,52.2,60.6,grammar,speaking,DECLINING
1520,3,USER,102,2412,13,7,0,0,47.0,38.2,2,11,13,7,14,30,73,181,299,57.2,59.8,62.9,2.0,153,346,3,2,42.4,70.2,0,64.5,65.0,56.1,60.8,62.3,64.6,speaking,reading,DECLINING
1521,12,USER,712,2401,19,2,0,0,100.0,100.0,4,10,25,13,20,48,64,102,269,54.1,53.4,52.9,1.48,125,474,7,2,55.1,35.8,2,72.8,34.6,55.9,50.7,46.3,59.9,listening,speaking,STABLE
1522,1,USER,0,777,1,6,0,0,54.8,44.9,0,2,5,3,4,6,8,12,23,47.5,48.0,46.5,2.0,19,42,1,0,59.8,0.0,0,49.0,63.7,38.1,56.1,44.3,45.5,speaking,reading,STABLE
1523,5,USER,49,1896,9,6,0,0,59.1,63.8,6,10,25,10,22,30,27,73,188,45.9,47.3,48.8,2.25,107,264,2,2,89.6,56.0,0,61.1,59.9,64.0,84.1,41.0,67.3,writing,vocabulary,STABLE
1524,10,USER,265,2164,17,0,94,1,85.2,92.1,5,14,25,13,23,32,70,183,247,60.4,68.5,68.4,1.8,75,370,0,2,0.0,82.0,0,61.6,69.6,77.2,74.3,76.7,65.3,reading,listening,DECLINING
1525,6,USER,837,1740,13,4,287,1,49.7,37.5,5,9,19,5,11,24,40,97,177,56.6,58.2,54.7,1.59,64,260,0,5,0.0,37.6,2,56.0,42.5,59.0,58.7,60.8,67.1,grammar,speaking,STABLE
1526,4,USER,292,1514,12,6,0,0,43.7,63.4,4,4,7,6,9,16,49,64,109,57.9,50.5,49.4,1.72,60,166,1,2,68.8,42.5,2,48.0,35.5,46.2,64.3,67.0,53.3,vocabulary,speaking,IMPROVING
1527,2,USER,712,2631,18,3,125,1,86.9,80.2,3,13,21,9,26,43,57,97,265,46.2,50.2,50.5,2.37,170,441,8,3,51.9,71.9,1,39.6,72.9,54.0,47.6,44.1,58.0,speaking,listening,STABLE
1528,4,USER,362,1876,9,5,0,0,76.1,92.2,4,8,22,10,20,28,57,89,172,83.3,78.8,74.7,1.62,91,300,0,3,0.0,50.4,0,74.1,60.8,63.0,75.4,62.8,98.0,grammar,speaking,IMPROVING
1529,11,USER,288,1146,11,11,0,0,54.8,61.4,6,6,8,3,5,12,15,32,84,70.5,66.4,63.7,1.32,65,149,0,0,0.0,0.0,0,69.1,71.6,53.6,75.2,85.6,58.4,vocabulary,reading,IMPROVING
1530,10,USER,299,3118,21,0,0,0,100.0,98.0,7,13,22,21,36,49,82,162,375,72.7,69.0,64.5,1.89,136,491,4,3,99.0,63.9,0,55.0,62.4,28.8,82.5,55.7,55.6,writing,reading,IMPROVING
1531,3,USER,305,1727,11,8,0,0,41.7,37.7,1,4,7,3,9,12,36,52,103,60.1,66.1,63.7,1.65,26,102,0,0,0.0,0.0,0,78.4,59.8,67.8,65.5,56.5,66.4,listening,vocabulary,STABLE
1532,2,USER,213,1237,17,3,185,1,54.1,48.2,1,8,12,2,7,14,25,42,97,63.8,70.7,69.1,2.02,30,147,0,2,0.0,79.6,0,68.7,75.1,61.3,72.8,88.8,40.9,vocabulary,grammar,STABLE
1533,8,USER,155,1398,5,5,0,0,51.5,77.4,1,2,6,2,3,8,11,29,54,69.8,72.0,73.5,1.42,20,95,0,0,0.0,0.0,0,71.0,74.8,81.1,67.7,66.3,73.0,reading,vocabulary,STABLE
1534,2,USER,349,1105,18,6,219,1,59.5,60.5,4,9,15,3,5,13,17,36,81,55.2,52.8,53.0,1.79,79,188,0,1,0.0,63.3,0,48.3,61.6,48.3,50.6,46.1,54.8,speaking,vocabulary,STABLE
1535,6,USER,198,776,9,7,0,0,70.2,65.0,1,4,5,2,3,7,27,35,54,58.5,56.2,58.6,1.65,21,56,2,1,50.7,51.1,0,69.3,51.1,34.5,56.2,53.6,72.7,grammar,reading,STABLE
1536,11,USER,217,2004,8,2,0,0,61.8,48.0,3,8,16,7,12,32,59,107,191,58.1,61.7,63.0,1.61,119,305,3,2,58.6,53.8,0,72.5,54.5,59.1,47.1,52.7,63.9,listening,writing,STABLE
1537,7,USER,1,2814,15,0,0,0,64.1,57.5,5,13,22,9,19,42,75,166,285,67.2,62.5,61.3,1.87,156,400,4,2,68.1,43.6,1,46.0,46.2,55.4,64.0,68.2,69.4,grammar,listening,IMPROVING
1538,12,USER,55,1049,6,6,138,1,59.2,80.7,1,2,3,3,4,6,19,26,62,53.8,54.4,53.6,1.84,15,67,0,0,0.0,0.0,0,37.3,55.4,37.7,62.4,50.8,59.8,writing,listening,STABLE
1539,5,USER,251,1650,15,1,0,0,50.3,58.4,3,7,12,5,7,17,46,87,119,54.4,54.5,55.2,1.84,34,141,2,2,59.5,51.6,0,65.2,53.8,49.1,61.6,58.7,46.0,listening,grammar,STABLE
1540,11,USER,298,1674,1,3,0,0,43.5,56.1,3,4,9,7,9,13,17,46,65,52.9,59.1,62.7,1.32,45,115,0,2,0.0,72.7,0,51.8,68.2,60.6,62.2,64.5,63.4,speaking,listening,DECLINING
1541,11,ADMIN,402,1191,4,1,0,0,58.5,47.4,3,5,9,5,7,14,20,53,96,66.7,69.5,67.9,1.75,51,136,1,1,75.3,73.6,0,76.7,71.6,66.4,74.3,59.6,72.1,listening,vocabulary,STABLE
1542,6,USER,0,1247,18,5,0,0,55.6,78.7,3,8,15,4,5,10,5,13,29,48.2,53.1,56.3,1.96,53,127,0,2,0.0,41.1,0,33.8,37.7,81.5,51.0,48.3,50.9,reading,listening,DECLINING
1543,9,USER,8,2749,7,5,0,0,69.4,71.7,4,12,17,18,23,35,57,116,221,48.3,48.9,52.3,1.88,82,310,1,9,59.0,83.1,0,71.1,70.6,40.2,53.4,43.4,79.1,grammar,reading,STABLE
1544,6,USER,274,2351,16,3,17,1,71.5,73.5,5,9,20,7,18,34,106,157,255,67.3,69.8,63.2,2.14,128,364,2,3,74.0,57.5,2,61.2,56.1,59.7,62.7,77.0,69.3,vocabulary,speaking,IMPROVING
1545,12,USER,671,951,15,10,344,1,67.1,81.0,2,3,7,5,7,10,25,36,53,40.3,41.4,41.4,1.75,32,106,0,1,0.0,41.8,0,60.1,38.5,35.6,60.1,59.0,78.8,grammar,reading,STABLE
1546,9,USER,216,1520,13,5,0,0,58.4,47.8,2,6,10,10,15,21,40,81,116,45.3,52.1,56.6,1.97,41,154,3,2,63.9,54.4,0,51.5,59.1,46.6,58.1,55.4,62.9,grammar,reading,DECLINING
1547,4,USER,269,837,0,3,0,0,31.0,41.2,0,3,5,2,4,8,12,32,64,48.5,45.6,49.1,1.52,31,82,0,0,0.0,0.0,0,59.5,75.7,48.2,51.8,52.5,30.3,speaking,grammar,STABLE
1548,4,USER,453,2465,16,2,0,0,88.6,91.2,5,14,24,12,16,42,87,130,286,75.7,77.7,76.7,1.42,166,469,4,2,88.6,65.2,0,92.6,72.5,85.6,73.3,70.9,70.1,listening,grammar,STABLE
1549,7,ADMIN,249,1407,9,8,0,0,67.4,89.0,1,2,7,1,4,9,17,30,64,57.6,66.8,68.0,1.76,40,94,0,1,0.0,100.0,4,57.4,98.0,73.5,83.0,69.1,65.1,speaking,listening,DECLINING
1550,1,USER,105,1359,17,6,0,0,73.3,88.6,5,7,11,4,8,12,16,42,66,50.7,54.7,53.9,2.11,48,138,0,3,0.0,55.3,0,52.2,58.1,58.1,59.7,45.3,49.8,writing,vocabulary,STABLE
1551,7,USER,320,2573,7,4,0,0,72.6,73.8,3,10,17,9,12,30,76,137,255,57.1,55.9,56.8,1.82,123,325,2,5,49.8,58.1,1,59.2,43.9,78.3,57.5,64.1,57.0,reading,speaking,STABLE
1552,4,USER,491,2292,6,0,0,0,69.1,85.4,1,6,23,7,13,27,69,91,223,59.2,63.8,66.3,1.6,64,286,3,1,52.3,73.2,0,85.2,74.5,66.6,47.8,56.1,64.0,listening,writing,DECLINING
1553,2,USER,306,1534,0,8,0,0,61.5,70.4,1,6,11,9,14,19,54,103,143,38.9,44.0,48.1,2.08,76,191,1,1,38.5,47.4,2,46.4,49.8,48.0,39.2,39.9,61.6,grammar,writing,DECLINING
1554,6,USER,1075,3128,11,2,247,1,54.0,83.7,4,9,30,19,32,54,75,213,318,70.5,68.7,67.1,1.37,133,577,7,5,49.8,74.7,1,61.7,73.7,66.2,53.5,65.5,72.4,speaking,writing,STABLE
1555,3,USER,659,3048,16,0,324,1,62.1,57.2,6,10,23,12,26,44,84,231,344,62.8,67.4,66.4,1.58,139,474,2,1,74.9,56.1,2,62.7,55.3,72.7,67.5,89.7,72.9,vocabulary,speaking,STABLE
1556,6,USER,151,2196,16,5,0,0,49.8,62.8,3,8,20,8,15,27,34,64,177,69.5,74.3,68.5,1.46,87,269,0,4,0.0,70.3,0,72.0,63.6,63.4,37.9,50.2,79.8,grammar,writing,STABLE
1557,7,USER,240,2068,14,6,0,0,46.2,29.8,4,10,17,17,22,31,109,158,266,64.3,56.7,56.5,1.8,128,347,4,1,60.0,49.9,0,56.6,44.9,57.0,62.0,52.5,60.5,writing,speaking,IMPROVING
1558,3,USER,507,2738,17,1,0,0,89.1,94.8,5,9,23,12,17,48,105,136,296,72.2,71.9,64.5,1.55,87,485,0,2,0.0,38.4,0,60.7,35.4,67.7,79.1,70.0,58.6,writing,speaking,IMPROVING
1559,10,USER,54,1311,8,6,0,0,75.9,73.0,3,7,9,6,10,17,44,88,124,55.9,62.1,63.3,1.78,69,174,2,2,81.8,65.0,1,54.2,59.6,66.5,75.1,59.3,55.9,writing,listening,DECLINING
1560,4,USER,406,2430,21,1,0,0,81.2,67.0,7,13,22,8,20,32,84,173,251,64.6,60.9,60.4,1.76,105,355,3,5,84.5,60.3,0,56.6,54.7,64.4,72.4,50.2,66.3,writing,vocabulary,IMPROVING
1561,3,USER,348,2628,25,0,92,1,42.9,54.8,7,10,25,11,17,34,131,173,278,66.2,68.4,67.8,1.64,117,404,3,5,75.8,60.4,0,68.1,53.6,83.3,74.4,65.8,54.8,reading,speaking,STABLE
1562,6,USER,475,777,9,2,239,1,30.2,42.4,4,7,8,4,7,11,36,55,82,41.6,45.0,45.7,2.55,45,121,0,0,0.0,0.0,0,26.0,58.5,56.3,57.3,38.8,52.4,speaking,listening,STABLE
1563,5,USER,308,2191,9,0,0,0,45.5,53.2,3,7,16,6,10,24,45,69,189,53.8,53.6,57.9,2.0,75,214,1,0,57.7,0.0,5,47.3,33.1,70.8,52.3,64.3,43.9,reading,speaking,STABLE
1564,4,USER,572,1752,20,5,0,0,68.8,72.6,7,10,15,7,10,23,34,47,131,65.8,67.1,62.0,2.02,86,206,1,3,83.7,67.0,1,54.5,68.1,48.8,81.5,61.6,56.1,writing,reading,STABLE
1565,8,USER,0,694,4,8,0,0,41.1,62.9,0,2,4,2,3,7,13,17,46,52.7,54.9,57.4,1.62,26,82,0,0,0.0,0.0,0,64.0,59.6,42.0,58.7,66.6,49.5,vocabulary,reading,DECLINING
1566,11,USER,161,1998,17,4,0,0,37.5,70.1,3,8,19,7,15,26,52,94,206,46.6,48.1,51.0,1.81,122,276,1,2,32.2,71.5,0,46.4,56.1,56.0,37.1,48.3,64.9,grammar,writing,STABLE
1567,11,USER,285,1640,4,2,0,0,64.5,79.6,2,6,10,4,11,17,54,78,154,67.5,70.8,68.7,1.49,86,200,0,1,0.0,64.5,2,66.0,59.9,78.1,54.3,79.9,68.7,vocabulary,writing,STABLE
1568,11,USER,338,1828,18,4,0,0,52.3,62.6,4,11,18,9,13,24,56,141,200,54.1,57.8,59.6,2.1,53,241,4,2,66.9,93.0,0,57.7,87.8,55.2,58.3,57.6,59.2,speaking,reading,STABLE
1569,11,USER,481,2159,11,0,0,0,88.2,97.4,2,8,11,5,12,26,36,95,196,61.4,61.4,63.4,1.55,111,237,3,3,77.4,45.4,2,64.2,52.3,53.8,87.2,65.7,69.3,writing,speaking,STABLE
1570,10,USER,200,2511,8,3,0,0,86.8,73.7,3,10,14,5,12,35,98,201,291,57.7,60.6,62.1,1.33,86,384,2,5,69.7,68.1,3,80.2,67.1,55.5,66.9,56.3,56.5,listening,reading,STABLE
1571,1,USER,432,2607,14,0,64,1,64.0,77.9,4,12,21,20,26,36,54,108,274,68.0,69.6,65.3,1.5,148,394,3,4,60.3,74.4,0,67.8,61.4,75.6,61.1,77.2,60.2,vocabulary,grammar,STABLE
1572,10,USER,86,1781,8,1,59,1,89.8,99.2,5,11,16,11,15,24,39,91,133,48.2,46.3,51.3,2.15,91,239,4,3,56.1,37.0,0,53.6,35.6,66.2,54.3,51.3,59.3,reading,speaking,STABLE
1573,12,USER,87,2718,18,3,0,0,76.8,67.7,3,12,27,9,21,45,115,196,280,55.0,56.4,59.8,2.17,154,434,3,3,71.6,83.2,0,58.1,72.8,70.1,67.0,67.0,47.1,speaking,grammar,STABLE
1574,12,USER,491,2597,16,4,0,0,55.1,68.5,6,9,24,9,21,39,123,196,266,69.9,63.3,61.6,1.68,157,363,2,1,81.0,41.0,0,65.8,48.4,63.0,79.5,55.7,76.6,writing,speaking,IMPROVING
1575,5,USER,197,1060,9,4,0,0,59.5,67.6,3,4,10,2,4,6,17,24,48,52.3,55.9,58.4,1.66,29,96,0,0,0.0,0.0,0,45.7,51.8,64.3,63.2,64.4,57.4,vocabulary,listening,DECLINING
1576,3,USER,568,2763,19,2,79,1,75.9,77.7,6,7,22,6,16,37,101,249,334,58.7,61.1,63.6,1.66,171,432,4,5,38.9,75.1,3,69.6,66.6,65.1,48.1,69.2,61.5,listening,writing,STABLE
1577,12,USER,562,1705,16,2,139,1,46.7,66.8,4,12,17,9,16,30,38,69,191,49.3,52.1,54.2,2.15,77,330,2,2,67.8,30.7,0,37.3,35.5,50.6,64.9,62.8,60.2,writing,speaking,STABLE
1578,2,USER,297,1481,6,5,0,0,43.6,38.1,4,8,12,2,5,11,26,50,85,47.9,45.9,53.1,1.83,27,94,0,0,0.0,0.0,1,56.5,88.5,56.7,41.9,48.2,49.5,speaking,writing,STABLE
1579,10,USER,424,2039,9,2,0,0,64.4,69.7,3,9,12,8,12,30,50,102,210,36.9,36.3,41.0,2.46,136,317,3,2,39.8,68.4,0,40.9,56.2,35.9,30.1,40.1,42.6,speaking,writing,STABLE
1580,7,USER,397,2791,13,1,0,0,94.2,87.7,4,10,21,15,21,48,152,284,382,58.6,52.1,58.3,1.41,233,491,3,4,62.8,72.5,2,70.9,72.3,47.8,74.6,65.3,70.9,writing,reading,STABLE
1581,5,USER,0,1313,3,1,0,0,27.7,49.6,0,11,14,5,10,20,28,60,104,57.8,61.0,60.9,1.43,50,154,4,0,45.3,0.0,1,66.4,53.2,59.4,49.4,67.3,69.9,grammar,writing,STABLE
1582,12,USER,519,1254,12,0,359,1,42.1,58.2,3,7,15,8,15,24,45,77,110,44.6,48.3,46.5,2.3,78,193,1,1,74.3,49.2,0,50.3,46.6,55.4,69.3,39.6,49.2,writing,vocabulary,STABLE
1583,12,USER,403,2266,14,1,0,0,49.5,54.8,3,8,18,5,13,29,49,98,178,67.7,61.9,61.1,1.59,105,286,1,0,54.8,0.0,0,70.9,65.5,60.5,42.0,55.3,70.8,listening,writing,IMPROVING
1584,3,USER,338,1984,13,5,0,0,61.3,70.0,4,7,16,3,8,21,53,72,152,60.7,58.3,57.2,1.79,71,217,1,1,65.2,54.8,3,64.4,52.8,46.5,60.3,62.2,63.1,listening,reading,STABLE
1585,7,USER,518,2454,18,1,148,1,48.6,62.3,2,9,24,21,27,40,98,137,290,60.3,62.9,57.0,1.83,136,417,5,2,66.0,60.5,0,44.6,59.1,51.1,57.9,61.9,41.7,vocabulary,grammar,STABLE
1586,9,USER,333,1773,13,3,0,0,52.4,48.2,2,12,20,5,11,28,44,99,195,39.2,43.7,49.7,1.67,95,270,3,1,38.4,60.5,2,43.6,58.1,38.6,37.6,59.5,45.5,vocabulary,writing,DECLINING
1587,6,USER,38,956,6,8,0,0,48.1,56.3,2,3,5,1,2,5,19,39,52,62.4,57.8,55.8,1.31,25,53,0,0,0.0,0.0,0,52.4,55.5,64.1,39.0,64.2,63.3,vocabulary,writing,IMPROVING
1588,6,USER,119,2170,14,0,0,0,53.4,54.5,4,9,19,8,19,31,69,125,227,64.7,59.9,55.1,1.63,71,321,3,4,47.4,67.0,3,22.7,63.8,75.2,55.0,51.7,56.9,reading,listening,IMPROVING
1589,9,USER,229,1170,5,9,0,0,38.8,67.4,3,4,7,1,3,7,16,23,54,70.3,60.6,60.7,1.46,22,64,0,1,0.0,47.7,0,54.8,46.3,69.4,44.8,59.7,62.9,reading,writing,IMPROVING
1590,10,USER,351,1442,0,0,0,0,50.7,67.4,4,4,6,2,6,9,20,27,39,55.6,57.5,60.5,1.88,46,116,2,0,66.5,0.0,0,61.9,48.7,51.5,64.6,65.5,72.4,grammar,speaking,STABLE
1591,1,USER,376,1616,13,6,0,0,46.6,66.5,3,4,10,3,5,11,28,46,80,64.0,65.6,62.1,1.67,47,132,1,0,72.0,0.0,0,65.7,60.7,49.8,68.0,70.2,64.9,vocabulary,reading,STABLE
1592,3,USER,150,2865,13,4,0,0,52.7,63.5,2,9,21,14,26,39,101,201,312,70.1,70.8,72.3,1.59,123,392,1,1,61.7,75.6,3,66.8,85.3,58.3,64.8,62.2,59.9,speaking,reading,STABLE
1593,10,USER,336,2648,18,2,209,1,79.6,82.2,4,9,18,15,23,39,51,107,210,57.0,57.0,54.0,1.67,87,375,1,3,68.9,49.3,2,48.1,48.2,82.5,56.5,55.6,58.4,reading,listening,STABLE
1594,3,USER,273,1620,11,7,0,0,70.9,43.4,6,8,16,6,10,25,71,128,179,69.4,68.1,61.4,1.3,109,294,3,2,75.9,75.4,2,58.0,63.7,60.0,72.7,39.5,62.2,writing,vocabulary,IMPROVING
1595,12,USER,0,2231,7,2,0,0,62.2,75.2,1,7,15,8,21,31,41,80,188,49.2,47.2,45.2,1.65,64,289,1,2,56.5,79.4,2,35.6,74.5,50.7,53.5,53.2,51.1,speaking,listening,STABLE
1596,12,USER,502,3218,24,0,0,0,83.8,81.5,4,13,30,8,22,60,61,169,322,65.1,62.4,61.1,1.63,257,597,6,5,60.1,63.6,4,63.3,57.0,68.4,58.1,50.9,72.7,grammar,vocabulary,STABLE
1597,12,USER,561,3346,29,3,0,0,95.4,71.3,5,10,22,13,28,58,98,166,420,38.6,40.6,41.3,1.97,253,538,6,9,52.0,58.1,0,39.4,50.4,30.8,53.7,42.7,41.2,writing,reading,STABLE
1598,1,USER,859,1776,16,3,335,1,56.1,76.1,1,8,16,7,11,19,27,48,128,63.3,59.3,59.0,1.68,38,184,0,1,0.0,71.6,1,52.9,65.0,42.2,33.9,80.8,53.9,vocabulary,writing,STABLE
1599,7,ADMIN,158,1829,8,9,0,0,54.3,67.2,4,6,9,3,7,16,45,79,165,68.2,66.3,63.3,1.96,60,169,0,0,0.0,0.0,0,61.0,76.4,62.6,57.5,75.5,64.4,speaking,writing,IMPROVING
1600,7,USER,0,1464,2,7,0,0,65.6,48.1,2,5,9,2,6,13,30,55,101,74.1,72.6,74.2,1.26,26,131,1,0,55.5,0.0,0,80.2,74.0,59.7,53.5,82.9,73.2,vocabulary,writing,STABLE
1601,10,USER,598,2939,22,1,113,1,76.6,93.0,7,10,21,13,22,52,61,138,354,66.6,62.2,59.2,1.79,256,542,8,4,76.7,57.9,0,40.5,58.8,44.7,69.5,53.7,77.3,grammar,listening,IMPROVING
1602,3,USER,342,2661,12,0,0,0,48.2,61.1,7,12,20,15,22,41,94,173,288,72.9,61.6,63.2,1.55,122,399,2,4,67.4,51.4,0,67.9,49.7,67.4,58.4,69.2,57.7,vocabulary,speaking,IMPROVING
1603,1,USER,422,2483,8,2,0,0,55.9,57.7,3,10,18,9,18,41,82,107,279,62.5,55.0,53.9,1.72,83,390,3,2,35.8,52.9,4,58.0,59.1,49.7,44.7,50.2,56.3,speaking,writing,IMPROVING
1604,9,USER,778,3046,22,4,0,0,85.0,100.0,6,10,23,10,24,47,101,226,330,68.8,61.9,66.3,1.55,101,509,9,4,73.6,51.6,0,63.0,46.0,68.4,69.7,74.7,68.3,vocabulary,speaking,STABLE
1605,2,USER,375,1126,8,11,52,1,30.5,39.8,2,3,7,3,6,11,16,26,66,70.2,64.0,63.2,1.57,31,96,1,1,71.5,65.9,0,59.2,52.7,55.3,72.9,47.1,49.7,writing,vocabulary,IMPROVING
1606,7,USER,294,1248,0,6,0,0,39.5,39.1,1,1,2,1,2,3,18,23,40,53.0,61.0,67.5,2.06,8,19,0,0,0.0,0.0,0,75.4,69.8,34.3,67.8,77.9,71.4,vocabulary,reading,DECLINING
1607,7,USER,475,1850,13,0,251,1,98.2,80.2,4,13,19,17,22,31,41,80,144,52.8,52.5,51.9,1.47,128,279,2,5,74.3,69.2,0,58.6,63.5,30.7,68.3,57.4,61.4,writing,reading,STABLE
1608,8,USER,57,1326,4,5,0,0,38.1,49.3,3,3,6,3,5,9,18,26,62,52.3,53.3,53.2,1.73,37,99,0,0,0.0,0.0,1,67.9,59.4,65.7,56.4,66.2,42.6,listening,grammar,STABLE
1609,12,USER,670,1665,9,2,93,1,42.4,59.4,4,8,13,4,8,19,30,63,149,59.9,59.5,61.2,1.95,68,202,3,1,73.8,71.3,0,44.9,63.0,71.3,64.5,65.3,60.9,reading,listening,STABLE
1610,4,USER,237,2047,14,6,0,0,91.1,78.6,7,12,18,7,17,35,67,94,204,74.4,71.6,63.5,1.68,127,330,2,1,54.3,77.5,1,52.2,65.6,67.0,55.5,63.8,62.8,reading,listening,IMPROVING
1611,8,USER,240,2648,15,4,0,0,60.2,53.3,4,10,26,11,15,38,104,152,281,61.0,61.8,60.5,2.21,129,431,2,2,61.3,45.7,2,53.3,43.9,68.6,66.5,64.7,76.7,grammar,speaking,STABLE
1612,10,USER,181,2117,14,5,0,0,57.6,68.5,3,8,16,9,12,25,59,86,181,58.9,60.0,57.0,1.68,74,218,1,0,48.3,0.0,0,63.5,68.9,57.3,50.2,43.4,63.1,speaking,vocabulary,STABLE
1613,8,USER,305,994,10,5,0,0,57.7,47.8,1,6,11,3,4,10,11,16,37,71.0,68.2,68.7,1.55,30,127,1,0,81.9,0.0,3,81.3,50.4,70.0,76.6,65.4,55.6,listening,speaking,STABLE
1614,11,USER,302,2283,1,10,0,0,77.9,78.5,2,9,18,8,17,28,60,118,198,56.6,58.8,62.1,1.96,66,262,2,5,49.0,45.0,0,57.3,42.0,56.3,50.1,49.9,73.7,grammar,speaking,DECLINING
1615,11,USER,0,1106,9,6,0,0,67.6,56.9,2,3,8,5,7,11,14,34,53,66.5,68.2,66.8,1.91,23,124,0,1,0.0,89.4,4,49.0,77.6,68.0,68.6,51.3,64.5,speaking,listening,STABLE
1616,9,USER,169,2194,11,2,0,0,96.3,87.8,4,14,16,7,12,28,70,101,179,67.9,65.5,60.4,1.58,103,288,4,2,56.4,57.3,4,59.4,55.9,64.3,47.9,72.7,56.3,vocabulary,writing,IMPROVING
1617,3,USER,142,2164,14,2,0,0,62.8,51.2,4,10,13,5,13,26,99,154,217,61.6,58.5,58.8,1.82,100,252,1,0,71.3,0.0,3,69.6,58.8,50.6,57.7,57.6,66.5,listening,reading,STABLE
1618,7,USER,461,1915,9,3,237,1,65.0,79.0,4,9,12,9,13,20,35,91,169,51.7,58.7,60.4,1.61,56,184,1,3,62.1,63.0,0,61.3,71.6,54.7,59.1,34.8,66.3,speaking,vocabulary,DECLINING
1619,6,USER,199,2785,18,7,0,0,94.6,95.1,7,13,21,21,29,48,118,175,371,63.1,55.2,55.0,1.44,165,457,4,8,60.1,73.4,2,42.1,63.8,81.9,56.5,61.6,44.1,reading,listening,IMPROVING
1620,1,USER,675,1400,2,7,357,1,60.8,71.3,0,2,4,1,4,7,15,25,47,70.8,67.7,71.3,1.65,34,88,0,0,0.0,0.0,4,94.2,64.4,68.5,86.0,63.6,62.7,listening,grammar,STABLE
1621,7,USER,148,1307,15,1,0,0,67.2,77.5,2,4,8,2,4,6,16,33,53,41.7,42.2,45.2,1.81,19,78,0,0,0.0,0.0,0,32.8,47.2,24.4,47.2,35.3,58.6,grammar,reading,STABLE
1622,12,USER,236,1846,11,0,0,0,72.8,54.0,4,12,13,7,9,20,34,74,157,56.2,59.1,55.4,1.83,57,198,2,1,66.8,55.4,0,51.9,51.9,51.9,70.1,57.5,35.2,writing,grammar,STABLE
1623,11,USER,525,3567,23,1,0,0,79.7,90.1,5,12,27,13,25,52,133,206,461,69.8,65.8,64.4,1.74,250,541,8,4,64.9,83.2,0,63.7,78.9,65.9,61.7,50.8,59.4,speaking,vocabulary,IMPROVING
1624,12,USER,148,884,13,6,0,0,41.1,64.4,5,6,9,5,7,16,24,42,100,38.6,41.9,42.2,1.96,52,167,2,3,46.6,26.1,0,35.5,25.1,61.5,56.2,52.7,46.0,reading,speaking,STABLE
1625,2,USER,572,3872,22,2,0,0,77.5,80.5,7,13,29,21,41,60,87,155,413,71.2,65.2,67.0,1.61,259,619,7,8,58.7,58.9,4,57.2,64.4,41.1,60.7,52.0,86.7,grammar,reading,IMPROVING
1626,7,USER,619,2648,16,2,0,0,53.9,60.7,5,10,17,14,27,38,123,156,280,69.1,64.1,63.5,1.9,80,358,4,3,50.3,69.0,0,66.9,70.6,49.4,57.9,69.6,62.8,speaking,reading,IMPROVING
1627,10,USER,11,1419,8,4,0,0,91.9,81.8,2,8,10,5,7,17,17,38,78,59.5,61.8,63.1,1.76,58,171,0,1,0.0,62.5,1,56.7,60.4,56.0,53.8,58.2,72.0,grammar,writing,STABLE
1628,11,USER,544,1218,9,9,319,1,42.1,39.6,2,6,8,2,4,12,17,44,79,57.6,57.6,61.7,1.82,61,159,0,0,0.0,0.0,0,64.7,51.2,58.4,51.0,75.4,56.2,vocabulary,writing,DECLINING
1629,4,USER,288,2721,14,4,0,0,62.1,51.1,4,12,20,9,20,40,87,124,221,53.7,53.6,52.8,1.98,85,357,3,1,55.4,30.0,0,37.1,33.9,70.5,57.2,44.4,64.8,reading,speaking,STABLE
1630,10,USER,537,1820,11,4,0,0,42.3,46.9,1,7,14,7,15,21,59,107,158,54.0,45.2,51.3,1.84,97,211,0,0,0.0,0.0,5,49.9,48.7,45.2,56.5,54.1,47.2,writing,reading,STABLE
1631,1,ADMIN,138,1063,0,6,0,0,17.5,26.4,1,1,2,1,2,3,13,21,30,60.6,62.0,60.7,1.88,0,0,0,0,0.0,0.0,1,75.8,66.6,55.0,59.6,65.5,60.4,listening,reading,STABLE
1632,5,USER,0,1209,5,5,0,0,51.0,68.2,2,6,10,10,14,20,16,42,106,41.3,44.1,48.3,1.62,51,155,2,1,43.9,33.6,4,62.7,29.0,63.3,51.9,47.8,43.3,reading,speaking,DECLINING
1633,12,USER,603,2200,12,3,0,0,55.8,50.4,6,11,20,6,11,28,59,119,165,55.1,51.5,51.2,2.07,63,262,1,2,54.1,61.1,2,55.8,65.1,59.1,46.5,59.7,31.9,speaking,grammar,STABLE
1634,5,USER,242,2214,18,5,0,0,55.5,85.7,4,9,16,10,23,33,109,139,231,62.3,55.2,59.0,1.83,66,319,3,3,63.1,56.8,1,68.9,53.7,57.5,68.4,54.5,62.1,listening,speaking,STABLE
1635,10,USER,235,2521,10,3,0,0,67.0,82.3,5,9,17,13,20,33,90,129,249,78.3,79.6,77.2,1.42,150,347,2,3,73.2,78.8,0,77.4,74.8,73.8,75.1,90.4,76.7,vocabulary,reading,STABLE
1636,5,USER,14,1848,0,3,0,0,69.6,73.3,3,10,12,3,9,14,37,46,65,72.6,67.5,70.8,1.5,56,128,1,0,75.5,0.0,0,60.1,56.5,97.5,64.6,72.4,50.0,reading,grammar,STABLE
1637,12,USER,258,1376,3,4,0,0,73.3,81.0,2,5,10,8,13,18,26,41,106,55.1,59.3,57.0,1.98,73,175,1,2,34.3,61.9,2,56.4,61.4,55.6,30.3,53.1,69.3,grammar,writing,STABLE
1638,1,USER,600,991,10,11,0,0,33.2,31.9,4,5,8,4,7,17,22,39,101,54.9,55.9,50.9,1.8,38,140,0,1,0.0,56.5,0,47.3,59.6,57.5,61.9,38.8,50.2,writing,vocabulary,IMPROVING
1639,3,USER,710,1492,2,5,217,1,53.6,48.7,3,4,6,2,4,8,23,30,64,68.4,71.1,71.9,1.66,10,33,0,0,0.0,0.0,3,83.0,64.3,55.6,56.5,73.6,67.3,listening,reading,STABLE
1640,5,USER,645,2627,18,0,177,1,80.0,70.0,5,12,20,9,24,39,110,166,336,56.3,59.7,57.9,1.82,136,444,3,5,52.2,51.1,1,64.3,49.5,62.8,54.9,75.0,50.9,vocabulary,speaking,STABLE
1641,6,USER,178,1569,7,1,0,0,42.6,42.7,3,4,7,2,5,10,25,36,79,60.8,58.7,60.7,1.32,38,111,0,1,0.0,27.3,0,53.6,31.5,55.8,58.8,76.7,44.1,vocabulary,speaking,STABLE
1642,11,USER,193,1899,20,8,0,0,68.9,82.0,2,7,18,3,9,24,60,81,188,61.9,63.1,65.7,1.83,80,234,1,2,69.4,61.1,0,64.3,56.9,80.2,66.4,46.8,65.3,reading,vocabulary,STABLE
1643,1,ADMIN,199,2440,14,6,0,0,48.3,70.4,2,9,18,13,21,31,79,131,204,72.3,67.8,73.6,1.39,130,314,2,2,76.8,69.2,3,78.5,64.3,80.1,80.4,65.1,54.9,writing,grammar,STABLE
1644,7,USER,172,3505,10,0,0,0,75.8,56.5,5,11,27,23,33,60,120,213,445,71.9,68.5,65.7,1.87,290,646,6,6,67.4,73.6,0,71.9,71.3,52.0,59.8,62.0,85.2,grammar,reading,IMPROVING
1645,1,USER,173,3107,9,4,0,0,81.7,97.9,3,11,22,16,26,37,54,128,247,79.2,77.2,78.3,1.0,136,389,6,2,80.4,71.8,1,74.7,77.6,78.4,79.2,76.0,78.8,writing,listening,STABLE
1646,6,USER,330,1551,9,6,0,0,64.2,52.3,6,10,18,5,12,19,87,112,157,45.6,36.1,33.4,1.9,57,188,1,3,53.6,49.9,5,46.7,36.4,59.5,54.9,20.4,38.8,reading,vocabulary,IMPROVING
1647,8,USER,591,3514,21,2,0,0,100.0,77.8,6,10,26,12,33,60,72,148,366,91.1,89.3,88.9,1.5,214,632,8,9,80.6,78.3,2,91.6,68.1,72.5,78.3,58.8,98.0,grammar,vocabulary,STABLE
1648,7,USER,0,1808,11,1,0,0,50.6,49.1,5,8,17,5,8,21,33,61,145,77.8,73.5,75.0,1.56,87,196,0,1,0.0,54.4,0,93.3,55.5,56.4,69.2,66.8,49.1,listening,grammar,STABLE
1649,6,USER,480,1800,16,2,339,1,60.5,75.7,7,7,19,12,18,28,65,96,225,65.4,57.2,52.4,1.97,130,306,2,2,81.1,66.4,2,51.9,60.9,57.8,75.5,43.0,40.3,writing,grammar,IMPROVING
1650,7,ADMIN,432,1152,5,8,37,1,53.1,50.6,2,5,8,5,7,10,30,43,89,67.4,65.4,69.0,1.63,41,121,0,0,0.0,0.0,0,69.0,58.6,68.1,60.1,53.3,77.5,grammar,vocabulary,STABLE
1651,8,USER,288,1734,9,4,0,0,65.6,70.6,1,9,15,4,8,20,60,78,163,74.5,77.2,74.7,1.44,87,251,2,1,58.4,65.0,0,70.1,72.4,78.7,58.7,74.5,85.0,grammar,writing,STABLE
1652,11,USER,290,1525,17,4,151,1,69.2,80.1,2,8,11,7,9,18,33,65,131,56.6,59.2,58.8,1.87,46,195,0,0,0.0,0.0,0,59.8,40.0,77.9,68.2,58.6,57.5,reading,speaking,STABLE
1653,7,USER,248,1968,16,4,0,0,71.6,100.0,6,12,16,10,16,29,66,121,213,48.0,46.2,42.9,2.02,108,276,5,0,29.6,0.0,2,45.2,48.0,59.2,33.7,55.3,57.7,reading,writing,IMPROVING
1654,6,USER,145,1087,1,5,0,0,27.1,40.9,1,2,4,3,4,6,18,32,45,52.3,51.7,58.3,1.52,14,29,0,0,0.0,0.0,1,58.8,56.1,62.8,48.4,44.7,75.5,grammar,vocabulary,DECLINING
1655,12,USER,156,1126,4,11,0,0,42.1,34.4,2,6,11,3,7,16,29,67,90,58.8,56.5,58.1,1.54,46,160,1,1,63.0,44.9,0,55.7,43.0,65.4,67.7,54.0,73.5,grammar,speaking,STABLE
1656,2,USER,353,1081,5,8,0,0,55.4,61.5,4,5,7,3,4,10,29,41,67,60.6,60.9,60.1,1.57,18,79,0,2,0.0,46.4,0,54.8,52.9,48.8,57.0,51.3,86.5,grammar,reading,STABLE
1657,8,USER,400,2584,0,4,0,0,79.7,92.5,5,8,13,9,18,29,70,139,219,68.6,69.1,66.8,2.03,61,305,3,3,64.3,52.7,0,56.8,54.6,84.2,67.5,62.4,47.8,reading,grammar,STABLE
1658,8,USER,307,2170,19,3,238,1,53.6,68.3,6,11,15,15,19,30,40,75,203,66.6,63.8,60.0,2.02,152,348,2,1,70.9,51.1,0,79.2,39.0,69.7,68.3,48.6,69.4,listening,speaking,IMPROVING
1659,4,USER,288,2304,9,7,0,0,43.0,63.4,6,11,18,11,17,34,83,181,281,48.6,55.8,55.6,1.94,129,326,5,1,50.6,40.1,0,54.0,41.9,64.5,48.2,57.8,50.6,reading,speaking,DECLINING
1660,11,USER,46,1084,5,6,0,0,61.3,63.0,3,4,9,2,4,7,16,31,42,51.1,54.4,56.2,1.97,23,55,0,0,0.0,0.0,0,68.6,61.1,43.6,65.8,48.6,52.9,listening,reading,STABLE
1661,7,USER,73,2150,5,3,0,0,64.0,65.9,2,3,10,6,8,16,50,121,180,67.4,71.3,72.5,1.64,35,170,0,2,0.0,44.3,3,84.3,46.6,70.5,69.7,49.0,68.1,listening,speaking,STABLE
1662,9,USER,0,1445,15,4,0,0,32.7,70.5,2,12,15,3,6,16,45,68,95,35.8,38.8,40.2,1.96,30,123,2,1,25.8,49.6,0,53.3,50.8,61.7,28.5,46.4,54.7,reading,writing,STABLE
1663,5,USER,17,1774,0,7,0,0,78.8,86.3,4,6,10,7,10,15,24,51,108,65.7,57.7,58.7,1.74,70,146,1,2,60.5,35.8,1,73.2,42.7,45.8,61.5,48.0,58.1,listening,speaking,IMPROVING
1664,5,USER,802,2392,11,2,248,1,65.5,83.8,2,8,17,11,26,37,68,169,255,60.9,55.8,59.2,1.92,164,369,4,0,64.6,0.0,0,63.0,68.8,42.9,61.7,60.3,41.4,speaking,grammar,STABLE
1665,8,USER,851,2235,10,0,191,1,63.4,70.5,2,11,16,6,9,26,37,79,161,64.5,67.6,68.6,1.44,91,291,1,2,70.2,75.0,1,74.8,69.1,60.5,65.6,65.8,65.7,listening,reading,STABLE
1666,6,USER,444,3114,18,3,0,0,77.6,72.2,5,11,26,14,32,58,85,187,415,62.4,60.7,63.1,1.42,273,593,12,7,52.3,48.6,5,72.1,53.1,57.8,44.4,62.7,63.1,listening,writing,STABLE
1667,8,USER,382,3011,20,5,0,0,69.5,71.6,5,11,21,19,26,41,57,118,269,67.7,64.3,63.4,1.54,188,434,1,1,92.5,70.7,3,75.7,73.1,67.1,93.5,60.2,44.3,writing,grammar,IMPROVING
1668,12,USER,182,2677,18,4,0,0,58.7,73.1,5,5,18,6,15,33,61,81,225,58.0,58.1,60.3,1.61,84,323,1,1,58.4,58.0,1,70.1,58.8,65.5,60.8,47.1,51.9,listening,vocabulary,STABLE
1669,5,USER,106,2735,14,8,0,0,79.7,100.0,5,10,17,5,14,35,74,132,259,69.7,71.2,71.0,1.81,95,387,2,3,61.7,77.1,0,69.5,73.0,85.0,48.4,67.0,76.1,reading,writing,STABLE
1670,6,USER,142,1664,4,4,0,0,63.0,67.1,3,6,11,8,11,17,30,67,110,68.0,64.8,65.8,1.25,34,165,0,2,0.0,63.0,0,75.1,61.9,81.5,83.8,70.6,72.5,writing,speaking,STABLE
1671,11,USER,446,2445,1,10,14,1,86.0,96.7,5,9,15,4,9,26,93,151,212,52.0,52.8,56.0,1.79,94,278,3,3,69.7,50.5,3,79.3,44.9,57.9,64.9,61.0,58.2,listening,speaking,DECLINING
1672,8,USER,163,2520,18,6,0,0,61.1,66.0,2,8,16,9,22,30,88,130,254,45.1,51.8,56.3,2.13,73,285,2,2,53.2,62.1,0,59.4,54.9,45.2,47.0,61.6,61.3,vocabulary,reading,DECLINING
1673,10,USER,138,1786,22,1,0,0,37.8,39.0,5,13,18,11,16,29,33,92,203,43.6,48.2,42.2,2.35,92,279,2,1,47.7,52.5,0,34.7,52.0,38.7,36.8,54.2,44.2,vocabulary,listening,STABLE
1674,8,USER,0,2303,20,0,0,0,63.1,70.0,4,11,17,10,20,32,105,170,243,42.4,46.7,45.1,2.03,73,286,4,4,69.9,58.4,0,22.7,58.9,51.8,60.0,49.0,45.9,writing,listening,STABLE
1675,12,USER,248,1771,6,5,0,0,54.4,80.8,0,7,13,5,11,24,35,57,145,54.2,54.8,54.9,1.71,88,262,3,1,69.3,57.9,1,58.8,50.5,62.9,66.1,57.2,59.1,writing,speaking,STABLE
1676,9,USER,144,1774,22,1,0,0,57.0,63.5,2,5,10,9,12,24,50,65,112,69.8,70.8,71.2,1.64,80,241,2,1,87.9,69.2,0,63.8,70.6,73.7,80.2,82.5,49.5,vocabulary,grammar,STABLE
1677,10,USER,117,1234,4,3,0,0,65.9,55.3,1,7,10,7,9,17,15,42,78,49.3,52.4,53.6,1.87,29,128,1,2,62.4,37.9,0,51.2,35.5,60.2,62.6,47.6,72.3,grammar,speaking,STABLE
1678,8,USER,181,1219,10,5,0,0,15.2,15.4,1,3,6,3,5,8,17,21,36,50.0,54.2,58.9,2.04,33,91,0,1,0.0,58.4,0,57.0,52.8,60.6,63.6,52.2,66.8,grammar,vocabulary,DECLINING
1679,3,USER,607,3107,11,2,0,0,68.3,80.5,4,9,24,23,37,60,46,129,357,49.2,48.9,50.5,1.89,142,577,2,1,51.1,63.2,0,49.1,64.5,58.7,45.0,47.8,69.9,grammar,writing,STABLE
1680,6,USER,462,2845,17,5,20,1,79.4,68.8,5,8,24,7,16,41,52,124,283,71.9,73.4,70.8,1.77,161,473,2,4,87.8,61.2,3,44.9,58.4,61.1,88.6,50.6,54.5,writing,listening,STABLE
1681,2,USER,0,2455,14,7,48,1,67.7,76.0,7,10,16,6,13,36,165,219,296,59.2,64.1,64.5,1.29,176,415,4,1,79.6,60.8,1,72.4,50.2,75.1,61.5,58.0,57.7,reading,speaking,DECLINING
1682,11,USER,549,2162,21,4,85,1,60.6,49.9,6,7,16,8,14,31,50,109,181,45.2,45.2,46.5,1.74,150,326,4,3,59.5,64.6,3,45.6,66.9,62.5,55.8,45.4,32.1,speaking,grammar,STABLE
1683,9,USER,370,1509,13,1,0,0,68.6,71.5,3,9,11,5,14,21,29,63,130,52.3,56.2,59.8,1.89,56,212,2,2,61.5,44.7,0,66.9,43.2,62.1,65.4,65.4,66.1,listening,speaking,DECLINING
1684,7,USER,361,3025,15,0,56,1,67.4,93.2,6,12,30,15,21,50,94,253,424,68.9,62.4,54.3,1.83,243,561,3,1,72.4,63.6,0,30.2,59.1,51.8,71.7,51.5,46.3,writing,listening,IMPROVING
1685,12,USER,322,1363,5,9,79,1,60.6,77.7,2,5,9,3,5,12,20,48,114,57.4,58.3,56.8,2.25,26,134,0,0,0.0,0.0,0,65.0,48.2,52.8,58.8,66.3,44.4,vocabulary,grammar,STABLE
1686,2,USER,469,1387,18,6,0,0,49.9,59.2,2,6,14,4,8,13,30,63,103,53.3,55.5,55.5,1.62,67,178,1,0,61.4,0.0,0,41.8,62.6,68.9,54.9,59.6,70.9,grammar,listening,STABLE
1687,7,USER,592,2361,13,0,124,1,61.5,55.3,4,13,20,19,25,38,84,174,277,46.6,48.0,51.3,1.92,106,399,2,5,48.3,33.1,0,54.5,38.4,58.3,49.7,45.2,48.6,reading,speaking,STABLE
1688,9,ADMIN,0,1219,5,2,0,0,32.2,31.5,0,2,3,1,2,4,8,17,23,49.2,54.6,56.9,1.87,12,27,0,0,0.0,0.0,0,71.6,49.8,61.1,49.7,52.8,44.7,listening,grammar,DECLINING
1689,5,USER,691,2279,20,3,202,1,74.1,73.7,4,10,28,11,29,54,136,205,339,55.9,53.4,50.8,1.5,132,555,2,1,51.1,75.6,0,61.2,78.2,43.6,46.3,50.4,47.6,speaking,reading,IMPROVING
1690,7,USER,357,2269,11,0,0,0,61.4,68.5,2,14,20,11,18,42,85,127,228,54.4,56.2,54.4,1.87,120,399,3,2,87.3,68.8,0,62.6,67.9,53.2,82.5,39.9,75.3,writing,vocabulary,STABLE
1691,6,USER,130,2190,7,8,0,0,69.5,68.0,3,6,11,4,8,18,89,129,179,41.7,44.6,46.0,2.21,75,162,1,0,52.7,0.0,0,54.8,43.4,34.2,59.6,55.7,53.4,writing,reading,DECLINING
1692,8,USER,55,2453,14,6,0,0,55.5,60.6,3,9,18,14,19,37,71,108,178,63.2,64.7,64.5,1.92,85,330,2,2,87.2,52.1,3,47.9,48.0,60.2,78.5,59.8,55.1,writing,listening,STABLE
1693,7,USER,461,2587,11,4,0,0,31.7,39.2,6,11,24,12,25,43,61,150,224,56.6,61.9,62.6,1.5,184,404,3,5,37.1,36.3,1,67.4,51.1,62.6,43.3,55.1,67.5,grammar,writing,DECLINING
1694,1,USER,60,2830,13,4,0,0,60.6,52.1,3,12,18,17,24,36,75,105,226,64.7,68.1,73.9,1.45,84,407,4,6,70.0,63.8,0,72.2,59.3,70.4,69.8,77.5,83.8,grammar,speaking,DECLINING
1695,11,USER,206,1511,18,2,0,0,69.4,85.9,5,10,13,7,12,18,31,83,138,50.2,42.8,40.7,2.13,62,170,1,1,56.5,64.5,0,44.4,67.2,36.1,47.7,35.1,57.1,speaking,vocabulary,IMPROVING
1696,9,USER,271,1971,16,6,106,1,52.8,58.2,4,6,17,17,22,32,60,78,185,49.9,46.1,47.6,1.99,58,282,5,2,52.8,64.7,0,36.8,56.3,60.2,52.0,53.6,43.3,reading,listening,STABLE
1697,11,USER,467,1739,15,3,0,0,66.1,64.5,5,11,14,6,9,21,43,65,158,63.4,66.0,59.4,1.5,124,261,0,1,0.0,55.1,1,56.3,46.8,81.5,65.1,47.3,55.9,reading,speaking,IMPROVING
1698,3,USER,187,1534,12,6,17,1,49.6,68.2,5,5,10,4,9,17,24,43,103,60.4,60.7,61.6,1.13,56,222,1,0,65.5,0.0,4,59.0,69.8,46.6,66.3,63.4,57.0,speaking,reading,STABLE
1699,12,USER,316,1788,13,4,0,0,41.9,45.7,3,7,16,7,12,25,38,73,183,53.1,54.1,54.8,1.91,116,263,4,2,59.6,66.7,0,50.6,58.6,53.3,53.3,62.0,41.9,vocabulary,grammar,STABLE
1700,9,USER,425,1873,15,1,0,0,40.6,45.9,3,9,13,6,12,20,59,104,154,49.1,46.4,51.3,2.15,38,177,2,2,42.8,58.0,0,53.2,59.3,68.2,45.4,50.4,50.4,reading,writing,STABLE
1701,3,USER,184,1869,16,2,0,0,65.5,69.4,3,12,14,6,16,24,67,122,176,54.5,57.3,55.6,2.04,59,234,3,2,74.4,56.6,0,58.9,57.0,57.9,71.7,40.6,58.8,writing,vocabulary,STABLE
1702,6,USER,353,1665,6,4,0,0,40.9,50.6,2,10,14,7,11,23,32,73,162,52.1,58.9,59.4,1.81,61,217,3,1,74.9,92.2,1,59.6,76.9,45.7,72.3,60.8,63.0,speaking,reading,DECLINING
1703,9,USER,756,1968,16,5,106,1,71.7,66.7,6,7,17,11,18,26,44,91,189,66.0,65.2,62.8,1.37,122,280,3,1,56.3,70.2,0,74.6,64.9,61.7,54.4,56.2,64.5,listening,writing,STABLE
1704,6,USER,114,2942,4,2,0,0,62.7,48.6,5,11,17,12,23,36,45,127,293,52.5,52.6,55.8,1.79,176,369,2,5,55.1,57.2,0,51.9,59.5,62.7,52.5,53.7,39.8,reading,grammar,STABLE
1705,2,USER,540,1747,8,3,0,0,55.0,58.1,4,7,13,5,12,22,40,62,115,67.4,68.2,65.1,1.89,47,219,3,3,55.1,93.8,1,57.8,91.7,70.3,52.0,48.1,51.6,speaking,vocabulary,STABLE
1706,4,USER,88,1828,12,2,0,0,71.1,81.0,4,8,14,9,12,18,30,72,133,81.6,80.3,80.8,1.7,59,214,0,2,0.0,86.9,3,63.2,71.0,90.0,81.7,97.5,87.0,vocabulary,listening,STABLE
1707,1,USER,560,1842,22,5,0,0,51.2,47.9,5,9,16,8,11,19,34,73,136,69.5,66.6,70.8,2.01,70,203,0,1,0.0,74.4,2,62.7,72.2,73.2,62.2,81.0,67.3,vocabulary,writing,STABLE
1708,7,USER,1082,2194,12,7,342,1,68.0,81.9,2,8,20,9,19,33,40,61,146,50.6,58.1,59.8,2.0,147,336,1,2,82.0,57.1,1,42.3,55.7,67.1,82.2,50.2,52.3,writing,listening,DECLINING
1709,11,USER,506,1800,14,4,153,1,64.2,68.0,3,6,13,8,17,23,22,54,123,65.0,55.9,57.3,1.55,73,226,1,0,56.8,0.0,1,55.1,45.3,52.4,59.9,50.1,70.1,grammar,speaking,IMPROVING
1710,10,USER,66,2839,13,3,0,0,70.5,67.4,4,11,22,14,28,44,56,151,296,62.3,60.5,56.6,1.78,105,453,6,8,70.6,70.0,0,74.4,68.3,56.4,66.2,40.1,63.0,listening,vocabulary,IMPROVING
1711,3,USER,312,2600,22,4,0,0,44.3,49.0,4,9,20,6,16,40,86,163,364,44.4,43.3,45.4,1.94,80,441,3,1,55.8,37.2,1,46.8,39.0,37.3,50.7,63.9,42.0,vocabulary,reading,STABLE
1712,6,USER,0,1774,13,0,0,0,86.7,73.7,6,13,17,7,18,26,34,93,169,71.1,65.1,60.2,1.87,69,274,2,3,50.4,53.6,4,76.5,55.0,64.1,49.0,49.8,67.8,listening,writing,IMPROVING
1713,10,USER,258,918,8,3,0,0,42.4,21.6,2,5,6,2,2,6,4,10,15,58.3,57.3,55.8,1.3,12,47,1,0,52.1,0.0,0,50.4,56.4,60.8,46.0,39.0,68.5,grammar,vocabulary,STABLE
1714,2,USER,648,2307,19,0,0,0,54.6,39.3,5,8,21,23,30,44,54,151,293,45.1,43.8,46.9,1.68,100,410,2,3,28.1,46.1,0,59.9,44.4,72.8,39.8,54.0,55.6,reading,writing,STABLE
1715,10,USER,721,2768,11,4,347,1,55.2,54.1,4,7,17,10,23,40,82,124,324,48.7,49.5,47.0,1.7,103,379,5,2,36.0,80.4,2,45.4,71.6,41.1,40.5,61.0,54.3,speaking,writing,STABLE
1716,1,USER,0,2399,12,5,0,0,66.6,70.1,5,11,17,17,23,31,106,145,255,57.3,57.2,60.3,1.98,93,340,1,1,56.1,64.9,0,60.6,62.6,61.0,55.3,59.1,44.6,speaking,grammar,STABLE
1717,11,USER,0,1569,5,2,0,0,50.9,38.1,1,8,14,6,8,14,34,44,71,50.6,47.3,53.1,1.96,26,92,1,0,45.9,0.0,0,44.3,64.7,66.0,57.5,64.6,55.2,reading,listening,STABLE
1718,9,USER,0,1200,10,7,0,0,36.8,33.9,3,4,7,3,6,10,12,19,49,60.1,61.9,69.9,1.67,21,111,2,2,71.6,72.1,0,75.5,62.8,61.4,66.6,39.6,82.8,grammar,vocabulary,DECLINING
1719,5,USER,0,1740,3,3,0,0,36.0,23.6,3,6,9,5,9,14,37,76,135,61.2,54.5,53.2,1.54,65,163,0,1,0.0,63.8,0,52.6,61.1,68.1,45.6,55.5,52.1,reading,writing,IMPROVING
1720,12,USER,421,1511,9,7,139,1,37.6,52.3,2,6,9,4,8,15,48,65,113,58.8,52.8,53.1,1.33,63,152,1,0,57.3,0.0,3,57.9,63.7,53.5,56.8,47.0,47.2,speaking,vocabulary,STABLE
1721,5,USER,60,1058,14,5,0,0,19.4,21.6,1,7,10,4,5,11,29,61,98,48.3,49.2,53.6,1.65,47,125,0,0,0.0,0.0,4,37.4,57.0,51.8,69.8,70.8,52.6,vocabulary,listening,STABLE
1722,8,ADMIN,368,2387,16,6,0,0,60.7,77.8,4,12,21,15,21,32,126,198,288,62.4,60.4,58.5,1.3,148,357,5,4,61.8,53.3,2,43.1,39.7,44.8,57.4,42.7,68.9,grammar,speaking,STABLE
1723,4,USER,256,1719,17,0,0,0,65.8,95.7,4,7,15,9,17,25,47,67,164,66.2,61.3,56.8,1.9,67,255,1,3,60.9,37.1,0,24.9,43.7,61.2,59.9,59.0,52.5,reading,listening,IMPROVING
1724,11,USER,196,1686,15,3,0,0,95.9,100.0,4,6,21,16,21,33,35,76,188,60.4,54.2,56.3,1.64,85,299,3,3,64.5,57.5,2,57.0,56.5,55.5,63.9,32.2,58.0,writing,vocabulary,IMPROVING
1725,5,USER,394,1880,2,3,0,0,50.6,36.8,3,9,14,7,11,22,55,76,194,58.4,65.0,59.3,1.98,43,190,0,4,0.0,93.0,0,37.8,93.0,60.3,48.9,48.3,55.2,speaking,listening,STABLE
1726,4,USER,350,2282,18,1,0,0,36.2,38.0,5,12,18,7,16,32,53,114,208,65.3,67.1,64.8,1.56,70,314,6,3,61.7,63.2,0,59.2,56.4,54.4,62.8,59.7,75.4,grammar,reading,STABLE
1727,2,USER,133,3460,24,5,0,0,78.9,83.5,6,10,27,13,28,60,89,162,428,64.6,65.8,72.1,1.65,274,645,5,4,56.1,63.5,0,71.2,61.7,49.0,54.8,82.2,61.4,vocabulary,reading,DECLINING
1728,5,USER,559,2493,9,2,71,1,73.5,61.9,5,13,18,8,22,34,67,93,251,53.5,58.6,58.7,1.86,120,342,4,2,62.1,54.4,1,55.0,59.8,63.0,72.7,56.2,37.2,writing,grammar,STABLE
1729,6,USER,138,1584,5,1,0,0,79.7,99.8,3,8,13,7,17,23,65,89,130,48.4,44.5,44.1,1.96,49,192,1,2,45.7,34.0,1,43.5,31.8,62.9,51.1,57.1,47.3,reading,speaking,STABLE
1730,7,USER,0,660,0,87,0,0,36.3,43.3,0,0,0,0,0,0,4,9,13,37.5,40.1,41.0,2.03,9,18,0,0,0.0,0.0,0,60.6,53.9,51.4,57.9,30.8,37.8,listening,vocabulary,STABLE
1731,4,USER,255,3691,18,2,0,0,93.0,100.0,4,11,23,27,42,57,86,174,490,54.6,57.7,63.1,1.71,261,601,6,6,60.2,84.8,1,45.2,79.8,60.0,58.9,69.7,69.5,speaking,listening,DECLINING
1732,10,USER,325,2078,11,1,0,0,62.5,69.6,5,11,16,5,10,22,41,62,168,59.8,57.8,63.4,1.42,48,223,0,2,0.0,39.2,0,70.8,45.5,78.1,57.9,62.8,64.1,reading,speaking,STABLE
1733,9,USER,616,2780,14,5,0,0,72.7,86.3,7,10,25,12,24,42,100,165,279,59.4,57.5,60.1,1.8,102,386,2,2,59.9,60.2,3,71.1,61.6,53.8,60.6,45.9,82.3,grammar,vocabulary,STABLE
1734,3,USER,271,3425,16,0,0,0,67.2,70.1,5,9,26,15,23,60,185,280,403,59.4,57.0,55.3,1.73,251,573,4,3,56.7,53.0,0,45.8,60.7,66.1,60.7,50.2,52.5,reading,listening,IMPROVING
1735,6,ADMIN,266,1543,2,5,0,0,66.3,48.3,4,6,12,6,10,18,63,82,123,47.8,53.8,57.8,1.93,53,141,4,1,80.9,56.0,0,61.6,72.1,47.2,74.3,60.1,49.3,writing,reading,DECLINING
1736,6,USER,602,2601,6,3,105,1,89.7,78.6,2,9,24,19,25,42,130,179,246,56.2,61.7,61.4,1.96,132,431,4,3,86.7,55.3,0,72.7,56.4,52.5,91.9,70.4,68.7,writing,reading,STABLE
1737,8,USER,220,1263,5,2,30,1,66.9,76.8,2,5,8,6,9,12,31,46,96,64.7,69.6,67.3,1.53,51,133,1,1,74.5,60.9,0,68.3,70.8,55.7,69.5,61.0,61.6,speaking,reading,STABLE
1738,12,USER,243,1177,2,4,0,0,28.1,32.5,1,3,5,3,5,8,5,13,24,64.2,72.3,66.4,1.55,16,54,0,0,0.0,0.0,3,63.5,62.5,73.3,81.1,59.4,65.4,writing,vocabulary,STABLE
1739,10,USER,296,2509,11,10,0,0,46.7,45.2,2,7,14,7,13,26,93,124,195,68.0,71.1,70.6,1.29,110,242,6,1,72.9,75.3,0,63.2,73.7,76.3,59.3,68.4,65.5,reading,writing,STABLE
1740,11,USER,245,1953,11,0,0,0,64.8,69.9,4,6,12,8,10,20,67,111,151,66.7,65.8,62.4,1.22,51,213,1,2,68.9,66.6,1,59.2,61.4,62.5,56.3,84.1,67.7,vocabulary,writing,IMPROVING
1741,8,USER,380,744,10,8,250,1,47.2,34.6,5,7,11,1,4,12,21,31,56,40.3,40.7,39.4,2.18,36,107,0,0,0.0,0.0,4,44.6,44.6,53.0,56.9,34.8,44.6,writing,vocabulary,STABLE
1742,5,USER,142,2229,15,5,0,0,58.9,73.2,5,9,20,5,11,30,75,159,217,69.2,66.0,68.0,1.3,86,325,2,2,65.4,77.7,2,71.2,66.3,67.7,64.2,49.7,85.6,grammar,vocabulary,STABLE
1743,9,USER,255,1545,5,6,0,0,40.5,37.7,2,10,12,5,10,17,25,55,110,54.3,60.9,65.5,1.55,80,189,1,1,69.4,57.7,0,57.8,57.9,60.4,77.7,57.0,81.9,grammar,vocabulary,DECLINING
1744,6,USER,301,1939,6,5,0,0,43.9,48.7,1,8,13,6,15,26,51,77,193,56.7,55.6,61.0,1.8,48,268,0,0,0.0,0.0,0,58.0,51.4,51.7,70.9,55.0,56.3,writing,speaking,STABLE
1745,12,USER,897,2094,13,0,321,1,78.6,97.2,5,9,22,18,31,45,58,99,200,61.6,58.2,56.9,1.64,130,425,4,3,66.0,64.8,2,80.3,67.9,67.8,66.0,58.7,52.1,listening,grammar,IMPROVING
1746,1,USER,817,2044,18,7,203,1,73.3,65.0,4,7,17,8,14,33,70,89,232,49.8,52.2,60.7,2.09,71,341,2,2,78.7,58.7,0,53.7,58.5,57.0,72.4,81.7,59.4,vocabulary,listening,DECLINING
1747,5,USER,212,1718,5,1,0,0,51.7,60.9,5,11,14,11,14,22,66,104,167,47.3,51.2,49.3,1.69,97,252,1,1,52.1,37.0,3,53.1,38.0,45.0,50.3,48.3,45.5,listening,speaking,STABLE
1748,9,USER,456,1505,7,8,0,0,43.8,27.2,3,7,17,9,13,25,39,106,148,52.7,44.9,46.2,1.83,109,228,1,2,54.3,39.0,0,46.4,42.4,61.9,52.9,40.8,57.4,reading,vocabulary,IMPROVING
1749,7,USER,373,2186,8,0,0,0,36.4,48.5,5,8,19,7,18,25,70,137,185,69.6,66.1,69.3,1.35,77,263,1,2,62.6,45.9,1,83.9,46.9,71.3,63.5,51.7,39.4,listening,grammar,STABLE
1750,11,USER,389,1867,2,6,0,0,78.2,80.3,3,10,12,4,9,24,52,114,169,45.0,46.8,55.3,1.93,69,199,2,2,71.7,73.6,0,58.1,81.7,63.5,62.9,46.0,45.6,speaking,grammar,DECLINING
1751,5,USER,339,1311,5,9,0,0,21.3,23.8,3,3,4,3,6,9,15,36,56,62.7,63.6,64.4,2.11,40,98,3,1,55.7,71.6,0,71.5,61.5,45.9,64.3,68.4,70.0,listening,reading,STABLE
1752,9,USER,485,1254,3,7,219,1,66.9,73.4,2,7,12,4,10,17,27,44,69,54.8,58.7,58.3,1.58,55,163,1,1,63.6,55.9,3,43.3,60.1,62.2,58.9,68.6,67.3,vocabulary,listening,STABLE
1753,5,USER,560,2000,7,4,0,0,47.8,44.0,2,7,14,12,22,33,53,130,252,51.2,50.4,49.5,1.9,99,335,1,2,42.7,25.1,0,53.4,31.0,57.5,52.5,64.3,57.1,vocabulary,speaking,STABLE
1754,1,USER,310,2140,10,4,0,0,82.8,90.9,4,8,18,9,11,26,100,132,187,67.2,69.2,69.8,1.55,98,289,3,2,83.8,53.6,2,53.6,51.4,51.8,68.7,58.4,85.5,grammar,speaking,STABLE
1755,3,USER,286,3328,11,1,22,1,62.4,76.7,4,11,25,17,23,55,122,178,374,69.5,64.0,67.2,1.62,224,629,5,4,60.4,79.1,0,67.0,77.9,67.9,61.8,81.3,50.0,vocabulary,grammar,STABLE
1756,10,USER,324,2072,18,5,196,1,40.6,48.0,6,11,17,7,14,32,56,130,208,70.5,68.6,64.8,1.71,97,353,3,0,79.0,0.0,0,56.0,58.2,78.8,62.8,66.8,60.6,reading,listening,IMPROVING
1757,6,ADMIN,473,2431,22,1,0,0,66.5,86.9,5,11,19,7,13,30,113,163,260,61.0,60.3,60.1,1.72,113,303,1,3,66.2,59.7,3,59.9,52.0,48.4,67.9,72.3,54.7,vocabulary,reading,STABLE
1758,8,USER,0,646,0,7,0,0,60.2,57.3,2,2,3,1,2,5,12,29,40,44.5,43.9,48.2,1.93,11,38,0,1,0.0,44.2,1,51.8,46.7,51.0,68.5,34.4,60.0,writing,vocabulary,STABLE
1759,8,USER,234,1882,12,6,336,1,60.5,66.4,5,10,16,9,15,28,62,125,224,75.4,69.1,60.0,1.53,58,313,4,1,51.4,71.1,0,72.6,63.8,80.4,56.0,76.3,56.4,reading,writing,IMPROVING
1760,11,USER,274,2443,15,2,0,0,65.1,65.4,4,12,20,10,20,40,69,158,260,49.9,51.2,52.9,1.83,175,407,2,2,71.4,66.3,0,37.8,61.1,39.6,65.4,53.6,62.0,writing,listening,STABLE
1761,5,USER,185,1824,22,1,0,0,67.5,72.8,3,12,14,7,10,27,40,82,185,43.0,49.0,48.7,1.6,59,253,3,1,61.5,39.7,0,46.5,51.0,58.7,57.2,65.1,27.4,vocabulary,grammar,STABLE
1762,5,USER,339,1202,3,6,0,0,32.3,29.1,1,6,12,6,8,12,12,28,50,52.6,52.3,56.0,1.47,56,126,1,2,61.2,66.8,0,86.3,64.2,52.8,67.9,47.5,37.2,listening,grammar,STABLE
1763,8,ADMIN,274,856,7,4,267,1,42.8,26.8,0,3,5,2,4,7,20,43,63,39.2,44.1,44.6,1.81,37,88,1,0,52.9,0.0,3,53.2,44.0,41.6,45.0,30.5,44.7,listening,vocabulary,STABLE
1764,4,USER,593,1155,26,4,162,1,43.4,45.7,7,8,11,4,10,16,34,67,100,48.7,37.7,34.2,1.54,64,193,0,3,0.0,54.2,0,22.4,48.0,56.1,42.7,44.0,45.4,reading,listening,IMPROVING
1765,4,USER,28,1547,5,6,0,0,51.5,52.1,4,8,14,4,10,19,22,54,94,56.5,59.3,55.0,1.87,70,167,1,0,64.1,0.0,0,62.9,79.4,54.0,57.4,58.6,41.8,speaking,grammar,STABLE
1766,4,USER,44,1413,7,6,0,0,29.1,35.5,1,5,10,4,7,12,32,44,77,41.2,38.9,45.2,2.17,21,96,0,0,0.0,0.0,1,60.6,49.4,32.0,49.1,39.7,61.5,grammar,reading,STABLE
1767,9,USER,714,2211,18,1,88,1,73.4,91.4,7,7,19,11,16,33,61,89,199,69.5,64.4,63.3,1.27,181,393,4,3,54.6,65.6,0,57.8,62.4,57.5,60.0,66.2,79.2,grammar,reading,IMPROVING
1768,4,USER,406,2464,16,1,27,1,88.1,89.6,4,9,21,8,14,34,50,76,216,62.0,60.3,58.3,1.81,93,324,3,4,71.5,65.0,0,74.1,64.0,48.0,64.3,56.7,57.6,listening,reading,STABLE
1769,6,USER,640,1451,8,4,212,1,27.0,20.5,4,7,14,5,10,19,40,57,161,53.1,49.3,45.4,1.62,55,226,0,1,0.0,44.0,0,36.7,40.0,30.7,50.0,46.0,71.9,grammar,reading,IMPROVING
1770,8,USER,798,1529,11,2,0,0,51.0,49.8,4,7,13,3,8,18,50,91,133,73.7,63.3,56.8,1.24,38,178,1,0,78.6,0.0,0,35.5,41.9,70.5,80.5,66.5,45.9,writing,listening,IMPROVING
1771,5,USER,325,2558,16,2,0,0,67.8,63.8,5,14,19,10,18,34,111,156,272,46.6,45.1,48.3,1.49,123,338,2,6,62.4,66.8,0,66.8,50.9,33.1,63.2,60.7,60.2,listening,reading,STABLE
1772,8,USER,187,1089,6,5,0,0,51.7,55.4,2,5,7,4,6,10,11,28,63,37.2,45.6,46.9,2.2,43,98,1,0,38.3,0.0,1,52.5,48.9,66.0,34.5,42.2,52.8,reading,writing,DECLINING
1773,4,USER,233,1208,5,0,0,0,58.4,92.2,4,10,13,4,7,18,27,50,139,52.9,57.3,56.5,1.96,75,208,0,1,0.0,68.1,1,58.2,58.0,50.0,50.6,58.5,61.9,grammar,reading,STABLE
1774,2,USER,366,1149,2,5,0,0,22.1,47.8,1,2,3,2,3,5,20,35,49,53.0,49.3,49.1,1.5,20,46,2,0,29.0,0.0,0,63.8,45.4,48.4,36.3,51.5,46.3,listening,writing,STABLE
1775,2,USER,0,1520,13,8,0,0,62.1,71.3,3,7,11,9,13,22,35,84,152,42.8,44.4,48.3,2.01,78,227,2,1,49.8,40.6,3,47.9,42.5,53.2,47.8,39.8,74.0,grammar,vocabulary,DECLINING
1776,3,USER,26,1497,14,0,0,0,82.8,88.1,3,9,19,5,9,24,57,74,162,61.9,59.1,58.6,1.95,51,223,3,2,56.1,60.6,4,67.1,53.4,65.7,61.4,52.3,65.1,listening,vocabulary,STABLE
1777,1,USER,26,1409,16,4,0,0,63.3,66.0,3,4,9,2,3,5,15,22,33,55.0,58.8,60.0,1.4,8,46,0,0,0.0,0.0,0,58.7,71.0,52.7,61.4,67.4,61.9,speaking,reading,STABLE
1778,12,USER,175,2226,15,6,43,1,55.8,75.8,4,7,17,8,15,25,50,102,210,66.3,66.0,66.7,1.56,105,285,0,2,0.0,80.0,0,78.9,68.5,79.5,72.8,75.0,60.9,reading,grammar,STABLE
1779,3,USER,0,1552,10,4,0,0,72.6,84.0,3,4,7,2,5,12,30,45,82,59.7,67.3,67.9,1.7,46,133,1,0,47.0,0.0,1,64.3,76.0,78.2,53.9,68.8,72.7,reading,writing,DECLINING
1780,6,USER,96,2389,17,7,0,0,70.9,54.8,4,11,14,7,9,24,45,124,192,69.0,71.5,69.9,1.09,124,285,0,2,0.0,76.1,0,73.3,73.1,85.8,65.0,50.6,69.1,reading,vocabulary,STABLE
1781,1,USER,992,2685,14,2,139,1,75.8,77.3,5,11,21,6,16,39,85,209,279,76.6,74.1,73.4,1.52,129,464,3,7,54.0,75.0,2,69.8,80.4,71.1,55.8,81.0,75.6,vocabulary,writing,STABLE
1782,9,USER,444,2946,12,3,0,0,71.3,74.7,3,10,23,15,27,43,86,135,297,58.0,61.7,65.5,1.7,115,430,4,5,87.7,86.7,0,63.9,84.4,32.2,90.0,58.5,47.9,writing,reading,DECLINING
1783,6,USER,133,2202,21,6,119,1,64.9,59.1,4,12,18,9,16,28,62,81,154,62.9,60.6,61.7,1.61,65,302,3,3,68.2,73.7,0,80.6,67.4,55.1,63.7,83.4,79.3,vocabulary,reading,STABLE
1784,10,USER,459,2092,10,1,0,0,78.9,75.5,5,10,15,6,16,31,62,123,232,58.2,57.5,59.0,1.78,77,286,3,0,69.4,0.0,0,43.8,55.9,69.0,81.9,45.3,58.7,writing,listening,STABLE
1785,8,USER,74,1345,1,5,0,0,38.5,41.9,0,6,11,4,5,14,8,21,60,56.6,59.2,59.3,1.55,36,134,3,2,63.9,72.7,1,59.4,61.4,65.3,72.8,62.6,46.5,writing,grammar,STABLE
1786,9,USER,508,1594,2,9,300,1,60.0,67.9,1,3,7,1,3,8,16,33,71,39.3,46.1,52.5,2.43,25,97,1,0,38.8,0.0,0,47.1,65.1,45.1,47.7,45.4,66.6,grammar,reading,DECLINING
1787,8,USER,829,2617,14,11,347,1,55.0,62.8,3,7,21,20,28,38,83,120,249,50.4,44.3,50.6,1.83,163,383,2,0,56.8,0.0,1,54.6,60.0,60.2,51.7,63.5,40.2,vocabulary,grammar,STABLE
1788,1,USER,190,2457,19,2,0,0,78.3,74.8,5,12,20,5,12,26,87,118,234,53.4,54.0,53.7,1.8,102,281,2,4,69.2,58.4,0,43.4,55.5,51.3,56.8,62.5,53.3,vocabulary,listening,STABLE
1789,12,USER,525,1097,7,5,273,1,64.8,76.1,4,6,11,2,6,14,21,31,76,53.8,55.4,51.4,1.78,74,164,0,0,0.0,0.0,0,43.3,48.4,38.4,65.8,65.5,40.9,writing,reading,STABLE
1790,5,USER,716,4214,13,0,0,0,72.7,44.4,4,10,26,27,42,60,188,279,527,75.6,73.0,73.4,1.88,305,683,7,10,71.8,100.0,1,58.5,96.1,65.9,73.0,67.3,70.7,speaking,listening,STABLE
1791,11,USER,366,1724,11,11,0,0,58.2,81.0,2,5,11,3,9,23,42,59,107,63.0,64.3,63.2,1.55,86,213,2,0,85.0,0.0,0,68.6,60.8,55.8,79.8,64.8,60.8,writing,reading,STABLE
1792,7,USER,13,1471,12,5,0,0,51.4,44.8,1,9,12,4,6,13,33,44,89,62.5,55.7,56.8,1.46,31,110,0,0,0.0,0.0,0,56.2,72.8,61.4,45.5,46.9,52.9,speaking,writing,STABLE
1793,4,USER,415,2581,17,1,81,1,74.6,64.1,4,11,22,14,28,47,161,206,300,55.5,48.5,47.7,1.61,104,441,7,4,56.7,48.5,0,50.7,55.3,33.4,52.3,52.9,48.6,speaking,reading,IMPROVING
1794,8,USER,424,2684,8,6,0,0,25.8,53.1,2,11,22,13,28,40,130,195,331,62.0,56.3,54.4,2.05,89,372,1,0,66.9,0.0,0,58.7,68.6,46.8,61.2,60.0,51.0,speaking,reading,IMPROVING
1795,1,USER,56,3459,16,3,0,0,84.9,95.2,5,9,25,17,30,60,60,171,357,66.2,65.7,72.1,1.62,191,572,6,4,86.2,75.9,0,57.7,81.0,70.4,80.8,73.7,74.3,speaking,listening,STABLE
1796,6,USER,362,3048,16,3,0,0,66.2,91.4,5,9,20,16,26,43,79,163,327,69.4,69.9,76.5,1.44,173,490,3,1,79.4,77.8,2,58.7,82.5,75.3,78.3,75.3,90.0,grammar,listening,DECLINING
1797,6,USER,74,2623,15,7,0,0,69.1,63.3,2,8,19,16,21,37,107,166,234,60.1,57.3,58.7,1.58,166,394,3,4,83.9,55.5,3,44.0,53.7,70.1,82.6,66.8,55.4,writing,listening,STABLE
1798,12,USER,405,1614,6,5,0,0,31.8,43.6,2,4,9,5,7,20,27,51,124,66.4,67.5,65.1,1.68,88,187,3,0,56.2,0.0,1,64.6,47.5,74.1,60.6,59.3,68.8,reading,speaking,STABLE
1799,11,USER,95,1384,11,7,0,0,62.3,55.7,2,5,7,2,3,7,10,13,35,47.4,47.0,47.1,1.84,19,52,1,0,50.0,0.0,2,59.1,48.8,41.8,43.0,33.1,66.8,grammar,vocabulary,STABLE
1800,7,USER,162,2432,5,5,0,0,47.7,32.5,5,9,14,12,19,32,55,122,251,65.3,62.0,56.5,1.76,69,311,5,3,71.0,55.8,1,44.2,52.6,76.2,67.5,53.7,44.1,reading,grammar,IMPROVING
1801,2,USER,169,1780,9,3,0,0,72.8,64.9,4,13,15,6,11,21,39,81,134,47.1,49.7,47.9,2.13,55,178,1,0,59.0,0.0,1,49.0,51.4,57.5,53.7,35.5,47.7,reading,vocabulary,STABLE
1802,9,USER,118,1449,4,5,0,0,47.2,75.9,3,8,8,4,7,15,38,48,82,39.6,46.2,49.6,2.07,41,109,0,2,0.0,39.6,0,47.6,36.1,43.2,52.4,57.8,65.0,grammar,speaking,DECLINING
1803,3,USER,490,1661,4,7,247,1,55.3,68.2,4,8,14,5,9,23,63,106,142,77.3,74.8,64.8,1.21,78,231,1,3,70.5,55.8,3,48.4,43.1,65.4,62.0,69.0,69.7,grammar,speaking,IMPROVING
1804,3,USER,181,1150,1,6,0,0,43.3,45.5,2,2,4,3,4,9,26,38,61,56.2,60.4,59.5,1.83,34,85,1,0,62.7,0.0,0,59.1,70.9,69.6,60.2,59.1,37.1,speaking,grammar,STABLE
1805,8,USER,74,939,6,8,0,0,63.0,41.7,2,6,13,8,13,19,24,34,95,39.5,43.0,43.8,2.0,38,148,0,0,0.0,0.0,0,41.2,41.6,45.6,57.6,47.3,22.5,writing,grammar,DECLINING
1806,5,USER,342,1376,0,0,305,1,37.9,49.1,0,3,6,6,9,12,14,36,94,48.0,45.1,49.1,1.89,42,104,0,0,0.0,0.0,0,57.6,51.7,42.7,55.6,36.3,43.7,listening,vocabulary,STABLE
1807,7,USER,355,2421,10,4,0,0,72.6,57.9,5,13,19,12,25,42,56,150,264,55.7,55.6,53.7,1.95,148,379,1,5,59.1,52.9,0,50.4,56.2,62.5,58.6,55.1,34.0,reading,grammar,STABLE
1808,12,USER,0,803,2,6,0,0,49.5,48.5,1,2,3,0,1,3,5,10,13,44.9,47.7,45.3,1.75,6,30,0,0,0.0,0.0,4,53.1,53.5,43.6,31.5,45.4,55.6,grammar,writing,STABLE
1809,11,USER,542,1579,19,9,73,1,49.3,37.8,1,7,20,9,14,20,44,111,183,49.3,51.6,59.6,2.24,56,208,0,2,0.0,41.0,3,48.9,33.9,60.2,71.1,64.8,34.3,writing,speaking,DECLINING
1810,10,USER,0,2091,19,2,0,0,70.7,84.3,3,8,14,7,18,26,44,101,194,62.8,62.9,65.1,1.64,66,274,5,2,48.8,54.3,0,56.5,50.6,80.2,43.6,54.1,69.0,reading,writing,STABLE
1811,12,USER,343,804,3,11,0,0,41.1,60.6,2,3,7,2,3,8,17,24,40,59.6,56.9,60.4,1.77,22,48,0,0,0.0,0.0,3,57.5,60.5,55.2,58.9,69.4,54.2,vocabulary,grammar,STABLE
1812,1,USER,405,2948,9,3,0,0,54.8,48.0,5,11,20,13,21,42,192,244,372,56.8,54.7,55.0,1.72,154,418,0,4,0.0,56.4,0,56.3,45.5,59.6,57.7,53.5,62.3,grammar,speaking,STABLE
1813,12,USER,0,1182,10,4,0,0,58.8,62.6,2,10,13,4,10,14,32,47,78,31.2,34.1,38.4,2.02,75,158,1,1,35.7,31.4,0,22.8,36.1,62.0,44.1,34.9,43.7,reading,listening,DECLINING
1814,5,USER,311,1634,10,4,0,0,48.9,43.9,6,6,9,9,12,22,70,102,160,65.2,60.3,55.6,1.46,44,212,0,1,0.0,85.9,1,50.1,77.4,55.1,57.1,44.2,60.2,speaking,vocabulary,IMPROVING
1815,2,USER,271,1964,13,5,0,0,57.7,71.1,2,10,18,9,11,17,37,64,137,58.9,61.3,63.3,1.84,42,171,2,1,36.3,62.2,3,76.8,62.2,45.8,36.9,65.6,55.4,listening,writing,STABLE
1816,10,USER,177,1744,17,2,0,0,77.8,93.3,4,8,13,3,8,14,33,53,85,59.3,57.3,60.3,1.41,60,170,1,2,65.3,66.6,1,54.7,71.0,60.5,58.0,51.2,59.2,speaking,vocabulary,STABLE
1817,7,USER,0,2148,11,7,0,0,59.4,65.5,4,12,17,3,9,16,33,66,101,66.7,69.1,65.1,1.74,25,136,0,0,0.0,0.0,1,75.6,72.5,62.3,68.4,60.3,83.3,grammar,vocabulary,STABLE
1818,6,USER,378,2188,16,5,0,0,60.5,74.4,3,10,15,6,13,26,61,100,213,79.8,77.0,74.4,1.48,137,309,3,1,94.6,66.2,4,66.7,70.9,64.6,91.1,75.4,68.3,writing,reading,STABLE
1819,1,USER,227,1688,22,3,0,0,60.7,59.4,3,11,21,13,23,34,76,106,207,46.1,47.4,50.2,2.0,104,318,2,1,51.3,53.2,0,47.0,47.9,37.9,56.7,48.3,64.4,grammar,reading,STABLE
1820,9,USER,215,2143,12,0,0,0,38.1,33.3,3,9,22,12,20,30,60,95,239,53.5,43.6,46.7,1.71,54,258,2,2,40.8,50.5,2,44.2,44.4,53.4,37.9,58.8,49.6,vocabulary,writing,IMPROVING
1821,9,USER,0,1642,14,10,0,0,69.3,45.8,4,11,21,7,11,19,55,81,132,68.7,74.1,69.9,1.3,72,190,0,0,0.0,0.0,0,70.1,76.3,75.8,78.6,63.5,73.3,writing,vocabulary,STABLE
1822,5,USER,323,1826,12,1,0,0,59.3,72.0,3,13,21,10,24,37,45,91,201,57.4,51.1,54.2,1.52,113,332,2,0,55.4,0.0,3,54.9,59.5,56.5,55.3,49.0,58.5,speaking,vocabulary,STABLE
1823,10,USER,0,1261,19,11,0,0,60.2,67.7,5,13,15,2,5,13,19,32,63,66.3,56.3,52.0,1.32,57,140,1,0,58.8,0.0,0,73.0,55.1,29.8,54.5,29.5,41.4,listening,vocabulary,IMPROVING
1824,3,USER,226,2009,20,0,0,0,60.4,55.4,2,9,15,6,10,23,56,123,187,59.9,59.4,55.0,2.04,121,254,2,2,65.1,49.0,1,59.4,45.6,62.3,56.2,70.6,23.5,vocabulary,grammar,STABLE
1825,11,USER,96,1481,15,0,0,0,55.4,54.0,1,6,16,8,12,20,52,73,105,50.8,56.1,60.7,1.68,55,189,1,1,76.9,93.3,0,65.2,91.1,43.7,73.7,56.5,63.2,speaking,reading,DECLINING
1826,12,USER,558,2336,11,8,0,0,43.2,30.2,3,9,15,9,16,36,74,153,384,46.7,47.6,50.3,1.84,106,380,1,2,58.3,60.1,0,38.6,60.9,80.4,56.0,63.0,63.8,reading,listening,STABLE
1827,11,USER,40,1652,12,5,0,0,85.8,83.2,4,9,12,3,5,15,47,71,105,62.8,61.6,64.5,1.66,46,151,3,2,50.6,57.6,3,51.9,57.8,53.2,47.1,72.1,78.9,grammar,writing,STABLE
1828,12,USER,330,2340,27,1,0,0,87.8,66.6,5,11,23,16,24,36,101,142,241,63.8,64.9,62.4,1.46,93,356,5,1,53.9,80.5,0,72.2,69.7,48.8,66.2,67.1,60.9,listening,reading,STABLE
1829,6,USER,40,1964,14,8,0,0,64.8,96.5,4,8,16,12,15,21,19,49,126,76.5,77.9,74.3,1.89,80,225,2,0,74.0,0.0,3,83.6,68.8,82.5,71.2,47.6,72.3,listening,vocabulary,STABLE
1830,5,USER,527,1532,10,5,99,1,25.3,24.6,5,6,9,4,8,19,55,83,133,48.9,51.1,53.2,1.64,88,204,1,1,57.5,41.8,2,43.3,41.1,42.1,52.0,62.2,53.6,vocabulary,speaking,STABLE
1831,3,USER,438,3136,22,3,0,0,82.1,88.3,6,9,24,12,25,54,84,228,378,61.0,55.1,54.2,1.79,231,496,6,7,57.3,56.6,0,63.3,56.2,65.8,55.1,44.6,62.0,reading,vocabulary,IMPROVING
1832,9,USER,450,2689,20,3,0,0,74.2,77.1,6,12,18,8,14,33,56,97,237,81.2,78.2,76.2,1.72,147,348,1,1,94.6,60.5,0,72.5,70.6,86.2,87.1,74.5,63.8,writing,grammar,IMPROVING
1833,9,USER,208,1140,10,5,0,0,41.8,37.6,3,5,6,2,5,10,27,35,57,44.0,51.4,57.1,2.36,38,81,0,1,0.0,47.6,0,64.1,58.9,72.4,48.4,43.6,56.9,reading,vocabulary,DECLINING
1834,1,USER,0,1507,13,10,0,0,49.0,40.8,4,10,14,7,9,16,52,79,106,48.3,47.6,44.2,1.78,34,130,3,2,44.7,59.4,4,55.7,55.2,36.1,39.5,65.4,57.1,vocabulary,reading,IMPROVING
1835,7,USER,209,1683,7,0,116,1,63.5,39.6,3,6,10,8,14,20,23,47,116,35.5,42.1,45.9,1.74,62,194,1,3,54.2,30.4,3,54.3,33.8,45.3,51.5,46.9,41.1,listening,speaking,DECLINING
1836,10,USER,203,1870,7,4,0,0,67.0,56.0,4,8,18,3,5,13,22,61,85,59.3,59.3,61.0,1.76,24,99,2,1,60.3,77.4,0,62.7,77.1,60.8,63.4,24.4,63.1,speaking,vocabulary,STABLE
1837,11,USER,0,1628,12,4,0,0,54.2,70.2,3,6,14,4,6,14,14,33,91,67.3,68.0,69.2,1.44,66,159,1,0,76.2,0.0,0,66.8,43.5,70.0,60.0,77.7,68.5,vocabulary,speaking,STABLE
1838,8,USER,827,1655,14,4,233,1,50.6,36.7,4,9,13,10,15,20,37,96,148,66.0,63.6,59.4,1.45,52,237,1,0,43.9,0.0,0,71.4,58.2,60.2,50.7,61.3,49.6,listening,grammar,IMPROVING
1839,5,USER,180,2374,19,3,0,0,100.0,100.0,4,14,24,16,31,49,71,102,282,60.0,53.9,56.9,1.75,88,477,6,7,65.6,60.6,0,47.1,59.0,65.8,63.2,59.1,51.1,reading,listening,STABLE
1840,6,USER,155,2496,23,0,0,0,66.7,74.4,4,11,22,8,13,34,74,146,241,40.2,49.5,46.9,1.99,83,327,1,4,28.4,68.6,0,46.0,63.0,50.6,37.4,41.5,45.0,speaking,writing,DECLINING
1841,8,USER,327,2193,13,4,92,1,85.2,93.0,6,6,21,13,28,41,99,151,206,71.3,64.9,59.0,1.62,92,388,2,11,64.2,50.1,1,68.0,46.2,58.3,60.3,41.8,51.1,listening,vocabulary,IMPROVING
1842,11,USER,706,2158,19,0,319,1,84.0,68.8,3,6,18,6,15,23,37,89,156,65.5,65.4,70.2,1.58,114,262,0,5,0.0,90.6,0,60.7,82.2,65.4,65.5,80.5,61.9,speaking,listening,STABLE
1843,6,USER,220,1477,7,3,0,0,43.4,38.7,2,12,21,10,16,31,24,60,146,49.3,46.4,48.0,1.93,112,261,3,4,39.3,50.9,1,55.4,50.5,36.8,44.1,47.2,24.1,listening,grammar,STABLE
1844,3,USER,143,2681,13,0,0,0,100.0,97.1,5,9,20,19,26,42,79,112,207,59.6,62.9,67.3,1.3,164,403,2,4,70.0,66.0,2,70.7,65.4,62.3,69.9,87.9,66.8,vocabulary,reading,DECLINING
1845,12,USER,697,1099,10,3,158,1,19.4,8.3,5,6,8,4,6,12,18,43,75,59.3,47.6,46.1,1.89,38,104,0,1,0.0,62.7,2,49.0,59.5,57.1,30.2,46.9,45.9,speaking,writing,IMPROVING
1846,2,USER,421,1450,13,4,0,0,98.0,100.0,3,10,17,7,11,27,55,85,140,53.8,56.0,54.8,1.82,111,269,4,3,66.4,64.2,0,56.8,56.0,43.2,56.9,66.6,50.4,vocabulary,reading,STABLE
1847,12,USER,215,2563,12,3,0,0,74.6,96.8,4,7,16,9,18,30,111,188,275,67.6,61.5,60.1,1.58,76,305,4,4,67.3,62.3,0,41.8,55.3,62.1,64.6,59.2,80.3,grammar,listening,IMPROVING
1848,12,USER,185,1193,11,7,39,1,42.7,56.8,5,5,9,4,5,7,11,23,57,60.1,59.1,60.8,1.59,33,80,0,0,0.0,0.0,3,58.9,68.5,47.1,59.9,55.5,54.6,speaking,reading,STABLE
1849,7,USER,588,3278,16,5,0,0,71.6,62.4,2,11,27,18,28,57,136,208,352,50.0,50.7,56.3,1.61,174,502,4,3,69.3,56.9,1,31.5,52.4,40.8,62.3,54.2,56.9,writing,listening,DECLINING
1850,9,USER,500,1597,14,6,245,1,23.3,44.8,1,3,8,6,12,16,20,49,133,64.6,60.5,62.2,1.89,68,180,0,2,0.0,45.7,0,57.4,51.8,72.1,52.3,63.2,77.3,grammar,speaking,STABLE
1851,7,USER,158,2075,19,6,0,0,41.6,42.8,5,10,17,12,16,23,44,87,192,64.3,64.2,64.9,1.93,91,251,3,0,51.9,0.0,0,59.1,53.3,49.8,56.4,48.7,79.6,grammar,vocabulary,STABLE
1852,1,USER,427,3110,23,0,0,0,91.4,95.0,6,11,26,14,18,50,148,259,398,66.2,66.1,66.6,1.9,200,514,2,5,73.7,74.2,0,69.9,72.3,52.1,69.3,59.8,72.7,grammar,reading,STABLE
1853,8,USER,241,2814,15,2,0,0,87.0,66.4,4,9,18,5,13,36,103,202,274,55.7,56.9,60.0,1.61,166,377,3,3,48.2,69.2,0,38.1,61.5,56.4,54.3,60.5,77.9,grammar,listening,STABLE
1854,5,USER,582,2598,25,6,0,0,45.7,66.8,2,9,20,7,12,32,84,132,221,55.0,60.9,58.4,1.15,67,320,1,2,74.7,41.0,0,68.8,48.8,59.8,72.7,60.7,53.7,writing,speaking,STABLE
1855,6,USER,297,1880,16,5,0,0,85.9,100.0,4,12,16,9,12,26,30,71,159,64.6,67.8,70.0,1.53,101,246,1,1,70.2,56.6,0,80.5,53.3,72.9,67.2,67.5,79.7,listening,speaking,STABLE
1856,9,USER,407,2046,18,7,100,1,82.7,79.0,3,11,14,7,16,31,107,144,215,61.3,61.3,60.6,1.74,139,324,1,1,56.0,60.1,0,67.9,65.8,70.9,57.4,42.9,69.9,reading,vocabulary,STABLE
1857,9,USER,248,1118,0,4,0,0,42.0,51.9,1,4,6,2,6,8,18,25,65,54.6,54.1,48.9,2.19,21,47,1,0,55.3,0.0,0,52.8,51.0,42.7,52.6,38.7,43.9,listening,vocabulary,STABLE
1858,8,USER,306,2783,10,6,0,0,77.3,73.0,5,13,23,14,27,38,74,134,317,61.0,61.5,58.0,1.73,129,393,1,3,44.2,85.7,0,49.1,72.0,52.0,47.7,69.6,60.3,speaking,writing,STABLE
1859,6,USER,640,1798,11,5,0,0,67.0,72.9,3,8,21,5,8,14,72,92,125,67.7,69.3,68.5,1.61,45,164,2,2,65.8,77.1,0,46.3,67.3,78.9,68.9,72.2,64.0,reading,listening,STABLE
1860,12,USER,646,1896,8,3,255,1,82.1,77.1,4,6,14,8,12,22,30,65,159,60.3,61.3,65.3,1.33,83,276,2,3,66.0,73.4,3,64.8,49.4,55.6,64.5,66.3,82.7,grammar,speaking,STABLE
1861,6,USER,85,2527,9,0,0,0,82.5,98.1,6,9,22,20,26,42,134,181,243,69.0,71.5,68.8,1.98,128,411,3,3,57.6,82.6,1,79.8,82.9,70.5,54.5,66.6,63.1,speaking,writing,STABLE
1862,7,USER,369,1528,20,2,227,1,46.2,47.7,4,11,16,10,17,24,43,79,144,62.8,59.7,57.7,2.12,79,286,1,1,62.7,70.0,0,43.9,59.8,55.4,59.0,56.8,84.0,grammar,listening,IMPROVING
1863,3,USER,516,2617,12,0,0,0,83.3,93.2,5,13,22,10,25,42,95,167,282,68.0,65.1,64.6,1.46,110,400,5,0,42.3,0.0,0,54.7,83.3,73.8,47.9,65.9,65.0,speaking,writing,STABLE
1864,6,USER,246,2314,24,12,0,0,41.8,44.8,4,7,14,9,15,31,75,134,216,59.3,60.7,59.7,1.82,125,282,1,1,44.5,66.3,0,58.2,67.7,63.6,48.5,48.0,72.6,grammar,vocabulary,STABLE
1865,5,USER,801,2022,12,1,88,1,43.1,62.7,2,8,14,6,10,27,71,100,160,48.1,51.6,53.4,1.88,51,278,4,3,36.2,62.0,0,52.5,72.6,50.4,37.1,62.0,60.3,speaking,writing,STABLE
1866,8,USER,114,681,7,1,0,0,33.1,25.7,0,1,2,1,1,3,4,7,12,47.7,53.4,56.4,1.74,8,18,0,0,0.0,0.0,0,54.5,59.8,58.6,37.9,57.5,74.4,grammar,writing,DECLINING
1867,5,USER,418,3405,20,0,0,0,77.4,95.3,4,13,26,11,31,44,76,203,452,62.9,53.1,46.6,1.82,146,431,7,8,49.6,52.2,0,52.5,46.0,57.7,38.8,47.8,43.0,reading,writing,IMPROVING
1868,11,USER,216,2192,26,0,0,0,79.8,86.6,5,10,23,20,26,47,46,62,155,58.8,58.0,58.1,1.98,126,425,4,3,41.2,45.7,1,62.0,52.6,83.1,43.7,62.4,41.5,reading,grammar,STABLE
1869,12,USER,144,1399,13,5,0,0,69.2,79.8,5,5,10,3,5,9,17,30,72,65.9,59.6,65.5,1.91,28,108,1,0,72.5,0.0,1,58.0,76.2,70.2,63.6,67.0,55.0,speaking,grammar,STABLE
1870,12,USER,0,1296,3,5,0,0,44.9,33.7,3,3,6,2,4,8,21,36,63,39.2,39.5,46.8,2.05,18,40,0,0,0.0,0.0,0,43.5,47.9,48.3,59.5,23.4,56.3,writing,vocabulary,DECLINING
1871,7,USER,441,1620,4,6,0,0,82.3,87.8,3,6,9,7,9,17,18,40,107,56.1,63.7,60.8,1.93,62,160,3,2,66.1,59.9,1,68.1,62.0,45.5,49.9,48.5,27.8,listening,grammar,STABLE
1872,11,USER,0,1619,0,8,0,0,49.6,78.1,5,5,7,1,3,7,20,38,59,46.0,50.4,49.3,1.93,29,62,1,0,48.3,0.0,0,70.6,41.2,70.6,45.0,56.2,63.1,listening,speaking,STABLE
1873,9,USER,111,1778,11,1,0,0,62.0,50.3,6,8,16,8,15,28,70,138,193,66.3,66.3,62.2,1.27,79,262,1,1,68.7,85.6,1,49.6,78.9,74.5,62.7,56.2,70.0,speaking,listening,IMPROVING
1874,6,USER,68,1681,17,2,0,0,49.6,44.5,3,7,10,9,12,19,33,80,109,59.4,59.8,59.2,1.69,41,186,2,3,37.5,53.6,1,72.4,55.8,50.5,35.0,62.0,53.6,listening,writing,STABLE
1875,5,USER,209,2102,10,6,0,0,75.0,88.0,4,9,13,9,13,26,35,100,164,74.2,68.7,70.1,1.48,110,283,5,2,77.1,66.3,0,52.9,67.5,61.1,67.6,86.5,67.5,vocabulary,listening,IMPROVING
1876,6,USER,98,1895,13,3,0,0,71.8,82.1,5,9,16,8,17,24,76,100,202,76.0,72.3,68.3,1.59,48,258,0,1,0.0,74.2,4,67.1,69.6,66.6,50.6,81.5,49.7,vocabulary,grammar,IMPROVING
1877,11,USER,1016,2758,11,2,359,1,49.7,26.3,6,12,18,16,21,38,87,126,264,65.0,65.4,67.1,1.76,134,425,4,2,48.9,94.1,0,66.8,81.0,79.2,48.0,70.1,89.2,grammar,writing,STABLE
1878,12,USER,625,2292,18,4,0,0,56.1,84.0,3,10,16,10,17,32,48,127,170,53.2,61.8,67.8,1.64,117,306,4,2,89.9,66.0,1,73.4,64.3,62.4,84.3,63.5,52.8,writing,grammar,DECLINING
1879,2,USER,35,1535,6,3,0,0,56.0,58.7,3,8,13,7,10,22,34,90,134,44.0,50.7,48.4,1.98,67,200,2,0,31.3,0.0,0,50.0,46.1,47.7,33.5,66.3,44.5,vocabulary,writing,STABLE
1880,8,USER,295,2674,22,0,33,1,62.2,93.3,3,11,21,14,31,45,115,154,291,53.1,52.2,57.2,1.92,152,481,6,5,56.7,92.4,0,36.2,81.8,57.2,56.2,63.5,59.8,speaking,listening,STABLE
1881,5,USER,402,2390,11,1,0,0,66.0,76.3,4,9,19,11,15,39,59,128,275,68.3,64.2,59.5,1.72,87,404,2,2,67.9,60.3,0,50.7,62.8,52.9,72.7,68.6,55.2,writing,listening,IMPROVING
1882,8,USER,242,2501,8,5,67,1,97.4,91.5,3,10,18,9,17,27,66,94,205,83.5,78.5,80.2,1.37,112,282,2,1,79.6,55.3,0,62.7,64.6,73.0,76.3,93.1,84.0,vocabulary,listening,STABLE
1883,7,USER,1087,2819,16,6,235,1,97.4,87.4,6,11,22,11,15,39,85,133,322,76.8,76.1,73.0,1.66,100,438,6,1,75.0,67.7,1,79.2,69.5,71.2,77.9,82.5,65.0,vocabulary,grammar,STABLE
1884,6,USER,172,2200,5,3,40,1,33.4,62.0,3,8,15,5,10,23,50,70,180,70.6,63.4,69.1,1.08,70,235,2,0,72.8,0.0,0,62.9,66.6,66.9,70.4,54.6,74.0,grammar,vocabulary,STABLE
1885,7,USER,214,2358,13,0,0,0,93.4,96.9,2,10,20,9,14,29,91,173,240,59.9,63.7,58.6,1.44,124,288,3,0,60.8,0.0,3,65.6,49.0,43.7,49.4,71.3,67.9,vocabulary,reading,STABLE
1886,7,USER,70,1158,13,7,0,0,55.2,60.6,2,4,6,2,3,7,19,36,49,38.7,45.9,51.3,2.03,9,47,0,1,0.0,57.1,0,40.1,55.8,34.6,68.7,35.5,55.8,writing,reading,DECLINING
1887,6,USER,292,3145,18,0,0,0,92.7,100.0,7,14,23,18,27,47,110,268,369,83.4,82.9,81.2,1.46,128,557,5,4,80.2,62.4,0,79.3,65.2,87.5,79.6,71.2,85.0,reading,speaking,STABLE
1888,12,USER,148,2097,9,0,0,0,56.6,62.2,3,9,14,9,13,29,86,132,186,67.8,69.2,64.0,1.77,133,292,3,5,68.6,63.7,0,64.6,60.6,50.6,76.9,76.9,64.1,writing,reading,STABLE
1889,6,USER,0,1523,18,5,0,0,33.3,27.1,3,8,12,7,10,16,35,81,109,40.8,32.4,33.1,1.85,32,143,0,0,0.0,0.0,2,48.7,23.9,39.6,40.5,27.3,43.2,listening,speaking,IMPROVING
1890,8,USER,561,2922,8,3,0,0,68.5,69.7,5,12,21,12,31,44,87,198,349,63.8,65.8,64.6,2.04,121,431,4,1,68.5,73.6,2,80.1,69.0,47.0,64.0,66.3,60.9,listening,reading,STABLE
1891,4,USER,225,1521,7,3,0,0,66.5,47.8,2,8,14,4,11,23,39,60,154,59.1,59.5,60.7,1.69,107,236,2,2,69.2,64.2,1,47.2,60.4,60.7,68.2,69.1,58.8,vocabulary,listening,STABLE
1892,12,USER,247,2537,25,4,55,1,77.8,97.4,5,9,18,15,19,32,39,90,204,63.9,67.8,69.1,1.25,102,379,4,2,58.9,77.6,0,67.5,87.6,65.7,55.7,68.8,71.2,speaking,writing,STABLE
1893,11,USER,851,2030,10,2,257,1,53.6,60.4,5,12,21,16,22,37,63,141,243,53.1,51.1,46.6,1.78,148,425,2,0,64.7,0.0,1,61.0,38.4,46.6,58.4,65.9,58.0,vocabulary,speaking,IMPROVING
1894,3,USER,375,1868,6,2,0,0,84.2,84.6,1,9,15,4,6,16,63,90,127,57.3,63.1,61.5,1.92,65,160,2,2,68.3,75.8,0,46.8,70.0,57.6,67.1,67.7,63.2,speaking,listening,STABLE
1895,6,USER,464,2950,14,4,0,0,70.1,70.3,3,10,18,7,16,37,41,106,261,66.9,68.7,71.4,1.61,82,413,3,7,69.6,77.9,1,70.7,72.0,53.3,67.4,73.5,76.2,grammar,reading,STABLE
1896,5,USER,285,2127,19,2,71,1,45.2,39.9,3,9,21,11,23,33,121,153,269,44.0,53.7,53.5,1.96,124,362,3,6,56.9,54.1,2,48.1,58.6,51.5,49.3,82.9,50.9,vocabulary,listening,DECLINING
1897,2,USER,289,2008,2,3,87,1,61.4,58.2,3,7,14,6,14,22,107,135,195,51.3,56.5,59.6,1.88,83,233,0,6,0.0,63.1,3,52.9,63.1,47.8,58.8,58.9,72.4,grammar,reading,DECLINING
1898,8,USER,766,2785,8,7,76,1,55.2,55.7,2,10,20,6,18,43,58,119,308,62.5,59.7,63.9,1.62,199,479,5,0,64.2,0.0,0,92.1,78.5,62.8,63.2,44.2,54.7,listening,vocabulary,STABLE
1899,10,USER,426,2080,9,7,0,0,77.2,91.0,1,8,14,6,17,28,58,89,216,68.0,72.2,73.2,1.18,93,348,3,2,83.1,77.5,0,79.8,74.1,70.7,77.8,85.1,60.1,vocabulary,grammar,DECLINING
1900,9,USER,875,1975,5,3,300,1,71.7,78.8,4,11,13,8,13,19,52,79,132,63.4,65.5,63.3,2.16,54,215,1,0,55.5,0.0,2,30.8,50.4,76.3,54.1,57.6,79.6,grammar,listening,STABLE
1901,1,USER,420,2611,5,6,0,0,66.9,66.4,3,11,14,16,23,33,142,193,279,65.3,62.5,62.1,1.46,148,350,2,4,64.8,79.1,1,45.4,86.0,57.9,63.7,67.1,63.6,speaking,listening,STABLE
1902,5,USER,383,2419,16,0,0,0,82.4,100.0,6,9,19,12,16,35,66,159,269,58.8,58.1,54.1,1.73,130,359,5,3,32.3,85.2,0,63.2,88.9,60.4,32.6,62.3,50.8,speaking,writing,IMPROVING
1903,7,USER,822,1872,6,5,332,1,75.8,76.7,5,7,14,8,15,22,37,76,150,44.1,50.6,54.4,1.49,91,229,0,0,0.0,0.0,0,52.6,53.4,65.6,53.6,47.7,47.4,reading,grammar,DECLINING
1904,2,USER,1268,2550,28,0,345,1,71.8,87.2,5,9,26,20,28,50,49,112,297,53.0,57.2,57.0,1.73,174,496,7,6,63.9,41.8,0,70.6,51.1,50.0,66.8,64.3,41.7,listening,grammar,STABLE
1905,8,USER,50,1465,7,7,0,0,48.8,50.5,3,5,10,4,8,15,44,56,96,61.2,64.7,57.6,1.85,48,180,1,1,82.3,52.4,0,53.2,53.1,58.7,74.7,63.8,55.4,writing,speaking,STABLE
1906,12,USER,549,2388,21,3,219,1,73.4,80.0,4,10,18,7,15,36,106,167,236,68.8,65.0,70.8,1.98,140,411,5,4,70.2,71.9,0,73.2,65.3,64.7,72.5,78.2,70.7,vocabulary,reading,STABLE
1907,7,USER,389,1768,12,9,0,0,68.9,90.2,3,8,14,3,9,25,38,86,172,51.0,49.8,47.4,1.98,98,269,1,0,50.1,0.0,2,58.9,58.7,46.4,42.6,80.0,41.2,vocabulary,grammar,STABLE
1908,7,USER,125,1757,7,8,0,0,70.1,69.1,6,8,11,6,10,13,38,57,135,59.1,59.5,60.3,1.71,43,171,1,0,49.6,0.0,0,49.7,39.1,63.3,53.4,51.8,65.0,grammar,speaking,STABLE
1909,3,USER,141,2932,27,0,0,0,65.5,66.2,4,12,28,11,24,45,144,193,377,54.3,46.4,49.7,1.84,89,458,5,8,63.2,57.1,0,58.4,55.3,50.9,59.1,38.4,61.0,grammar,vocabulary,IMPROVING
1910,9,USER,529,1818,28,0,0,0,86.2,67.6,3,7,26,14,19,32,29,53,146,54.3,48.0,55.7,2.08,75,318,3,3,44.8,49.4,0,50.5,51.7,51.7,51.6,58.4,71.2,grammar,listening,STABLE
1911,3,USER,194,1221,12,1,0,0,69.1,72.3,2,11,14,5,6,17,39,81,115,64.5,65.2,69.9,1.37,65,178,0,1,0.0,75.0,4,65.3,71.2,44.8,80.5,72.2,70.5,writing,reading,STABLE
1912,2,USER,412,2072,13,1,0,0,42.6,43.6,5,9,24,11,18,29,82,134,224,54.5,59.1,53.9,1.91,93,255,4,2,54.7,43.8,0,51.3,43.6,55.3,49.7,74.7,65.6,vocabulary,speaking,STABLE
1913,4,USER,336,3094,11,3,13,1,74.2,88.3,3,10,22,16,22,40,181,253,368,60.3,65.5,67.7,2.58,156,446,3,7,62.6,50.0,5,68.3,54.3,65.4,59.3,74.2,67.9,vocabulary,speaking,DECLINING
1914,7,USER,787,1877,17,3,325,1,52.2,54.6,5,8,20,8,19,34,51,104,210,55.3,50.0,53.7,1.66,114,336,1,4,47.5,47.7,0,63.3,50.7,45.4,46.4,51.9,54.4,listening,reading,STABLE
1915,5,USER,0,1064,13,11,0,0,23.0,24.0,1,2,4,2,4,7,18,31,45,59.5,60.6,64.8,2.01,21,59,0,1,0.0,72.0,1,61.3,71.1,67.6,76.5,43.1,69.4,writing,vocabulary,DECLINING
1916,9,USER,311,1620,4,2,0,0,87.1,97.7,2,11,15,7,10,18,23,45,127,59.8,60.5,59.6,1.36,77,174,1,1,60.9,49.7,1,67.0,42.3,66.3,55.1,52.3,51.5,listening,speaking,STABLE
1917,10,USER,428,3001,25,0,0,0,75.9,84.9,4,10,30,12,28,51,74,202,411,50.3,52.9,45.8,1.85,120,471,4,9,41.3,49.7,2,48.3,40.6,36.5,45.8,67.2,52.8,vocabulary,reading,IMPROVING
1918,12,USER,669,1276,0,5,155,1,20.0,5.8,1,4,6,1,3,7,26,41,64,60.4,61.1,63.3,1.83,22,78,0,2,0.0,73.3,0,53.5,62.7,57.7,65.3,36.4,83.6,grammar,vocabulary,STABLE
1919,10,USER,76,1470,9,5,0,0,61.9,78.1,1,7,10,5,9,21,43,96,179,44.9,43.1,45.6,2.02,40,177,0,0,0.0,0.0,0,28.9,48.2,47.6,47.6,68.5,35.9,vocabulary,listening,STABLE
1920,7,USER,62,1759,17,3,0,0,80.5,88.0,3,5,12,7,10,26,33,82,127,60.1,60.1,60.2,1.89,99,234,5,0,39.4,0.0,2,64.9,79.1,65.3,39.6,59.0,64.0,speaking,writing,STABLE
1921,6,USER,0,1683,12,10,0,0,40.8,61.1,4,7,10,7,12,16,29,48,107,61.5,55.9,55.6,1.75,74,160,0,0,0.0,0.0,5,60.2,60.8,38.1,54.7,50.5,71.6,grammar,reading,IMPROVING
1922,7,USER,0,1872,6,2,0,0,45.1,39.2,2,9,14,8,15,21,54,67,116,75.9,79.8,76.0,1.6,67,180,0,3,0.0,75.8,1,50.6,79.3,66.5,57.6,69.1,72.0,speaking,listening,STABLE
1923,3,USER,258,2810,12,5,0,0,70.2,72.2,3,10,23,12,18,44,123,216,350,63.5,59.7,60.4,2.21,124,456,3,7,70.3,81.9,0,37.6,68.1,51.3,65.0,63.8,70.7,grammar,listening,STABLE
1924,4,USER,364,2402,7,3,0,0,97.7,88.4,4,9,17,9,14,24,48,133,189,62.9,66.0,69.9,1.31,72,247,0,1,0.0,70.9,1,51.0,74.8,75.2,61.3,96.1,75.3,vocabulary,listening,DECLINING
1925,2,USER,240,1026,6,2,0,0,43.7,41.1,2,2,3,1,1,4,9,21,34,52.4,51.8,51.4,1.97,9,37,3,0,73.7,0.0,0,48.6,56.4,41.6,69.1,34.5,38.6,writing,vocabulary,STABLE
1926,4,USER,85,1328,11,5,0,0,64.6,77.9,6,7,14,5,7,13,26,38,90,42.3,50.9,51.0,2.05,50,129,0,0,0.0,0.0,0,47.1,45.8,49.8,58.6,56.5,52.7,writing,speaking,DECLINING
1927,6,USER,737,1936,6,7,130,1,49.7,52.9,1,5,9,6,8,17,41,95,158,57.3,53.9,57.5,1.72,85,195,3,3,74.9,69.2,0,69.2,62.6,40.9,69.6,66.9,57.3,writing,reading,STABLE
1928,3,USER,0,1517,12,0,0,0,79.0,100.0,4,11,16,7,9,19,38,99,137,38.7,43.3,49.1,2.21,64,185,2,2,42.8,60.7,0,69.6,56.0,51.8,53.7,68.0,35.6,listening,grammar,DECLINING
1929,6,USER,194,1896,11,4,0,0,86.9,95.4,4,11,15,5,7,20,31,60,132,57.6,56.0,56.3,2.07,57,193,2,1,65.2,45.9,0,46.4,49.1,48.4,70.9,52.1,42.7,writing,grammar,STABLE
1930,8,USER,260,1865,8,2,0,0,68.1,82.7,6,11,21,6,11,27,66,100,215,49.8,48.8,47.1,1.9,82,258,2,4,41.1,51.9,0,58.1,46.9,60.1,47.9,55.2,45.3,reading,grammar,STABLE
1931,11,USER,218,1827,11,4,0,0,82.0,85.0,3,7,10,4,7,14,48,68,124,74.8,78.6,76.9,1.42,53,149,0,1,0.0,74.3,0,65.8,75.1,81.2,68.7,84.3,85.8,grammar,listening,STABLE
1932,10,USER,234,2321,12,6,14,1,56.9,52.0,3,9,22,12,20,35,67,116,231,45.6,47.3,50.9,1.87,109,322,9,3,55.5,59.4,0,56.4,59.9,24.2,52.8,42.5,63.6,grammar,reading,STABLE
1933,4,USER,621,2147,0,8,287,1,65.7,64.5,3,6,14,14,19,26,45,79,221,47.6,52.5,53.6,1.64,82,257,0,1,0.0,56.8,0,57.8,54.8,53.7,52.0,64.4,38.6,vocabulary,grammar,DECLINING
1934,12,USER,769,2760,20,0,284,1,56.3,48.4,4,8,23,14,24,39,61,112,286,60.6,63.1,64.0,1.62,209,450,1,5,62.7,60.4,0,65.3,65.5,64.3,61.7,59.5,64.6,speaking,vocabulary,STABLE
1935,1,USER,270,3055,26,2,0,0,97.8,92.7,6,10,24,15,36,50,72,174,367,51.0,48.5,49.1,2.02,223,487,7,2,66.9,45.9,1,43.1,49.7,51.8,62.9,55.6,45.8,writing,listening,STABLE
1936,2,USER,186,1914,17,2,0,0,69.9,79.5,4,8,14,11,18,27,60,78,222,44.4,44.1,47.7,1.83,68,259,2,1,60.2,56.4,0,50.7,53.6,58.6,54.2,42.6,45.5,reading,vocabulary,STABLE
1937,11,USER,193,1642,12,4,0,0,32.1,35.0,4,8,15,6,10,14,28,50,124,48.2,50.2,50.2,1.62,35,128,0,1,0.0,41.9,1,54.7,45.7,51.8,52.2,42.7,70.2,grammar,vocabulary,STABLE
1938,11,USER,491,1550,13,5,0,0,90.6,93.0,3,9,11,9,12,21,34,89,124,69.1,63.7,62.6,1.9,64,210,2,1,76.3,62.5,1,67.7,57.8,38.9,70.3,75.2,66.6,vocabulary,reading,IMPROVING
1939,7,USER,269,2076,20,8,0,0,67.8,55.9,4,9,18,9,13,22,50,68,166,48.1,48.1,51.8,2.39,85,204,2,1,40.7,58.9,2,47.5,53.5,66.9,43.5,54.4,55.9,reading,writing,STABLE
1940,6,USER,215,1500,7,7,67,1,90.1,90.1,1,8,12,6,9,15,33,51,110,61.6,56.7,55.5,1.33,34,171,1,0,53.2,0.0,1,45.3,62.1,45.1,58.5,67.0,55.9,vocabulary,reading,IMPROVING
1941,10,USER,631,2531,10,0,192,1,65.4,83.2,5,13,18,11,20,35,65,137,245,66.3,61.0,59.1,1.83,147,358,2,3,51.0,47.7,0,55.4,44.1,63.0,41.8,70.2,65.8,vocabulary,writing,IMPROVING
1942,9,USER,326,1981,15,4,0,0,75.0,70.9,4,9,20,15,23,32,102,128,193,65.5,57.4,58.8,1.4,142,323,0,4,0.0,61.9,0,58.0,55.9,56.9,55.8,70.9,61.4,vocabulary,writing,IMPROVING
1943,5,USER,201,2690,13,0,0,0,82.1,78.3,4,12,25,9,18,42,69,119,283,53.7,52.5,51.0,2.01,170,412,5,5,71.4,57.6,0,76.1,54.4,58.2,69.7,47.2,46.4,listening,grammar,STABLE
1944,12,USER,187,1713,5,10,0,0,66.1,50.1,3,7,12,5,8,14,35,79,110,57.4,59.4,61.4,2.09,57,127,2,0,50.5,0.0,4,81.2,46.7,55.5,56.3,69.6,55.5,listening,speaking,DECLINING
1945,8,USER,256,2098,18,6,0,0,79.0,94.0,3,11,19,9,21,44,99,137,215,56.7,52.5,58.8,1.85,75,397,1,3,69.9,54.8,0,36.8,59.8,65.1,65.8,71.0,48.9,vocabulary,listening,STABLE
1946,5,USER,490,2827,7,0,0,0,60.5,76.8,4,7,17,8,20,33,94,167,235,66.1,56.0,57.7,1.0,129,344,0,3,0.0,69.8,0,49.1,75.7,53.8,61.7,42.3,38.8,speaking,grammar,IMPROVING
1947,4,USER,622,2483,21,3,0,0,86.9,78.8,4,13,27,6,14,40,67,153,267,57.6,67.9,65.6,2.12,83,408,3,5,65.4,58.1,3,71.3,59.7,60.6,67.3,88.7,76.6,vocabulary,speaking,DECLINING
1948,4,USER,134,1839,10,7,0,0,52.0,44.4,2,6,9,4,6,10,41,55,86,73.9,71.2,68.3,1.59,44,119,1,1,55.3,80.3,0,63.5,71.0,83.3,62.7,72.9,70.9,reading,writing,STABLE
1949,6,USER,368,2696,7,7,151,1,55.3,52.9,2,9,19,7,18,32,66,112,222,54.5,58.6,61.2,1.92,124,356,0,1,0.0,54.7,0,67.7,50.3,68.3,61.4,66.9,78.5,grammar,speaking,DECLINING
1950,11,USER,174,2072,4,3,0,0,80.0,84.8,5,11,15,14,22,34,66,112,236,47.7,49.9,54.2,1.95,69,356,0,1,0.0,42.8,2,45.7,48.3,50.1,38.2,76.5,63.6,vocabulary,writing,DECLINING
1951,2,USER,429,3007,14,2,0,0,38.0,36.4,4,13,20,17,36,55,142,227,352,41.8,42.3,43.0,1.98,203,498,5,2,59.8,49.3,0,41.0,43.1,36.0,60.7,46.1,51.8,writing,reading,STABLE
1952,4,USER,0,589,0,5,0,0,64.6,75.3,0,1,1,0,0,1,0,0,0,41.8,45.0,44.3,1.84,11,29,0,0,0.0,0.0,4,38.3,48.4,47.8,52.4,58.9,24.9,vocabulary,grammar,STABLE
1953,6,USER,1154,2577,13,1,293,1,57.7,63.1,5,14,19,15,28,38,106,191,285,65.2,64.4,63.2,1.46,184,444,6,5,57.0,55.7,0,67.2,55.3,57.9,49.1,36.0,69.5,grammar,vocabulary,STABLE
1954,4,USER,171,1411,7,12,0,0,22.5,14.7,1,7,11,9,13,18,41,85,125,40.6,41.7,45.4,1.52,52,137,0,2,0.0,48.0,1,43.0,48.8,42.8,41.3,62.2,62.0,vocabulary,writing,DECLINING
1955,4,USER,366,2561,16,7,0,0,59.3,39.6,4,9,21,14,20,35,65,163,263,62.1,56.7,57.4,1.57,79,325,5,1,57.4,47.4,0,53.0,49.2,54.2,50.7,76.5,79.2,grammar,speaking,IMPROVING
1956,7,USER,115,1890,0,8,0,0,69.7,73.1,4,6,16,11,16,29,57,119,205,71.1,66.4,66.7,1.22,59,307,0,3,0.0,89.9,0,72.8,87.0,66.8,65.3,66.0,45.0,speaking,grammar,IMPROVING
1957,3,USER,1066,3006,25,1,342,1,95.3,91.5,5,8,26,9,18,46,83,150,303,57.0,58.1,58.8,2.28,177,534,2,3,63.1,50.1,0,68.3,49.1,53.9,51.0,57.9,54.2,listening,speaking,STABLE
1958,12,USER,393,2058,13,7,0,0,75.3,100.0,4,9,13,5,9,17,37,89,125,68.8,70.4,66.8,1.3,61,190,1,1,60.9,53.7,1,80.1,47.6,59.9,59.7,67.1,75.1,listening,speaking,STABLE
1959,5,USER,383,2088,6,2,0,0,41.3,59.7,3,8,16,8,12,28,52,139,243,63.8,62.7,60.5,1.88,85,288,0,1,0.0,67.3,0,90.6,60.0,61.6,61.0,57.3,58.8,listening,vocabulary,STABLE
1960,6,USER,2,1159,10,6,0,0,68.4,67.1,2,9,12,6,11,15,40,81,114,38.9,41.0,38.6,1.99,46,137,1,2,75.7,60.0,1,27.6,70.1,49.8,63.9,48.4,40.8,speaking,listening,STABLE
1961,12,USER,0,1863,6,8,0,0,66.3,55.1,5,6,8,4,6,12,27,58,79,78.5,72.1,65.9,1.29,21,106,0,1,0.0,72.7,0,68.7,73.9,72.3,51.8,53.7,77.8,grammar,writing,IMPROVING
1962,2,USER,422,2659,10,4,0,0,67.5,59.2,4,7,20,7,17,45,118,153,278,54.9,55.2,55.1,1.73,156,423,5,3,91.8,67.2,1,39.9,65.6,61.5,81.8,82.3,70.7,vocabulary,listening,STABLE
1963,5,USER,308,2299,10,3,0,0,68.4,59.2,3,7,23,10,19,35,95,184,269,52.0,50.1,54.0,1.67,116,348,4,4,53.8,85.1,0,75.6,71.8,52.1,55.3,54.7,35.2,listening,grammar,STABLE
1964,4,USER,240,1764,17,4,0,0,41.4,37.8,1,8,14,4,12,28,47,107,147,46.4,44.9,48.4,2.2,95,235,1,3,55.3,62.4,0,43.3,66.4,45.3,43.4,36.1,46.4,speaking,vocabulary,STABLE
1965,4,USER,144,1322,4,2,0,0,36.6,27.0,1,5,10,3,5,10,20,31,48,58.2,57.3,58.1,2.05,25,96,1,0,65.0,0.0,0,40.3,56.7,49.4,58.3,67.8,47.0,vocabulary,listening,STABLE
1966,12,USER,303,2026,9,1,0,0,57.3,56.3,3,8,15,13,17,27,83,115,193,62.3,69.2,68.7,1.8,83,278,1,2,79.7,62.0,0,64.8,60.0,86.9,70.7,58.4,63.7,reading,vocabulary,DECLINING
1967,7,USER,232,699,7,8,0,0,62.0,62.2,3,6,9,4,7,14,32,44,89,33.1,34.2,37.0,2.34,31,140,1,0,36.5,0.0,1,41.7,42.7,36.4,30.0,36.7,38.0,speaking,writing,STABLE
1968,9,USER,411,1561,0,9,232,1,71.4,77.7,1,12,14,6,12,25,72,96,172,40.8,43.5,41.9,1.92,62,246,1,1,31.9,70.7,0,57.8,70.1,59.4,29.2,38.8,41.8,speaking,writing,STABLE
1969,11,ADMIN,192,2129,13,6,0,0,94.8,100.0,4,7,14,13,19,26,40,77,187,82.6,78.1,73.8,1.74,85,274,0,5,0.0,60.5,3,72.3,60.0,87.5,65.1,62.9,45.3,reading,grammar,IMPROVING
1970,10,USER,397,2293,21,0,0,0,51.2,53.5,5,10,19,5,13,22,40,61,170,72.4,65.5,62.2,1.52,113,236,3,1,57.1,54.1,0,78.2,48.0,71.5,57.1,68.2,66.2,listening,speaking,IMPROVING
1971,3,USER,339,1851,15,1,0,0,77.5,73.4,4,9,23,7,18,32,43,75,163,56.0,55.4,51.4,1.77,93,246,5,4,62.7,35.0,0,40.5,35.1,64.0,65.7,58.2,73.2,grammar,speaking,IMPROVING
1972,5,USER,379,1274,8,12,102,1,78.6,80.6,3,6,9,4,6,10,32,52,70,49.7,53.7,52.4,1.53,48,113,1,1,56.0,64.7,0,52.6,55.7,58.1,50.0,47.3,48.3,reading,vocabulary,STABLE
1973,7,USER,29,2294,22,0,0,0,59.1,74.3,3,9,20,15,19,30,73,101,246,51.0,56.2,55.8,1.63,85,294,7,2,56.8,56.4,1,51.1,53.7,37.2,46.7,71.0,46.2,vocabulary,reading,STABLE
1974,11,USER,333,1453,3,4,140,1,81.5,81.8,2,4,10,9,12,20,51,89,123,43.6,38.9,46.1,2.22,75,197,0,2,0.0,45.1,0,46.0,55.0,34.6,65.9,54.3,63.1,writing,reading,STABLE
1975,1,USER,264,1785,8,7,0,0,37.2,57.5,3,7,12,5,7,18,65,81,173,41.7,47.4,48.2,1.75,49,182,2,2,61.3,62.6,0,47.9,48.1,39.6,51.7,47.0,43.7,writing,reading,DECLINING
1976,11,USER,1029,2246,13,7,291,1,83.7,78.0,6,14,22,18,31,42,91,114,263,57.9,57.6,55.3,1.64,184,422,5,4,49.6,57.5,0,59.3,53.2,55.2,52.1,53.6,50.6,listening,grammar,STABLE
1977,10,USER,286,2122,14,14,0,0,82.5,78.6,3,9,16,11,16,27,45,75,191,58.6,59.1,62.8,1.83,138,303,3,1,52.6,59.8,0,73.8,59.1,61.0,51.4,38.9,62.3,listening,vocabulary,DECLINING
1978,5,USER,0,1306,8,5,0,0,80.7,82.8,2,2,6,5,7,10,16,35,53,49.6,51.7,52.2,1.75,27,98,0,1,0.0,48.6,3,64.1,51.7,62.3,50.9,51.0,50.6,listening,grammar,STABLE
1979,10,USER,606,2491,21,1,0,0,50.9,37.6,5,13,24,12,16,44,92,145,316,49.7,56.2,60.7,1.95,195,447,2,2,70.0,66.1,1,58.0,59.6,51.1,62.0,48.4,71.3,grammar,vocabulary,DECLINING
1980,8,USER,1249,2997,21,0,363,1,81.7,77.0,4,9,26,26,35,52,133,220,335,61.6,71.4,75.9,1.56,267,586,4,1,74.1,61.6,0,64.3,62.7,83.7,68.6,65.7,84.4,grammar,speaking,DECLINING
1981,10,USER,341,3143,19,0,0,0,63.8,53.0,6,7,23,9,23,51,214,298,440,68.0,62.4,63.7,1.68,258,545,3,4,57.6,66.8,1,70.7,58.9,87.3,46.7,74.0,73.3,reading,writing,IMPROVING
1982,7,USER,84,1886,7,8,0,0,66.3,91.7,3,13,15,11,15,25,35,86,164,62.4,57.4,57.1,1.73,57,216,3,6,63.4,59.7,0,45.7,51.9,68.3,62.0,66.2,58.4,reading,listening,STABLE
1983,3,USER,383,1444,1,9,263,1,63.0,76.2,2,5,7,4,7,11,16,40,81,52.7,54.0,58.0,1.87,21,70,1,2,58.4,65.5,0,54.6,69.6,50.9,57.8,53.6,84.0,grammar,reading,DECLINING
1984,9,USER,131,1419,11,7,0,0,57.0,61.5,3,3,6,5,8,11,20,43,100,55.8,58.3,57.7,1.79,67,141,1,1,53.3,60.0,0,69.5,67.3,52.5,48.8,54.4,63.2,listening,writing,STABLE
1985,4,USER,0,2708,6,0,0,0,58.7,78.8,4,9,16,13,20,37,131,226,350,59.0,60.2,59.6,1.39,80,365,1,4,52.3,64.3,0,62.4,63.7,58.1,57.8,65.7,52.8,vocabulary,grammar,STABLE
1986,6,USER,94,1926,15,5,0,0,54.9,59.7,4,9,17,6,12,32,27,71,177,46.6,51.2,55.7,1.85,134,297,1,2,71.3,75.1,0,57.5,67.3,53.6,66.9,61.5,42.5,speaking,grammar,DECLINING
1987,12,USER,436,2064,10,3,254,1,83.8,100.0,5,10,22,6,12,30,26,54,140,52.0,58.2,61.8,1.92,134,285,2,6,47.3,64.8,0,53.4,63.8,77.8,46.3,69.2,59.9,reading,writing,DECLINING
1988,5,USER,168,1742,8,0,0,0,76.7,85.7,4,10,15,6,14,24,73,94,133,59.0,55.4,56.1,2.05,109,260,2,1,61.6,57.9,1,46.8,51.7,52.3,66.1,58.7,56.8,writing,listening,STABLE
1989,7,USER,0,2820,12,4,0,0,74.5,68.6,2,11,22,6,13,34,78,111,276,66.8,69.3,66.6,1.72,114,333,3,5,80.1,64.8,0,53.4,63.9,65.7,82.4,70.3,57.2,writing,listening,STABLE
1990,5,USER,149,1246,8,12,0,0,51.9,78.9,4,6,9,3,4,9,19,27,74,62.6,53.0,50.5,1.48,52,111,1,0,55.4,0.0,0,45.4,82.5,30.4,43.9,63.1,45.5,speaking,reading,IMPROVING
1991,5,USER,350,1392,9,5,0,0,54.0,63.3,0,9,14,5,11,21,52,81,139,49.2,49.6,51.2,1.51,82,178,1,1,53.4,43.6,0,58.4,44.7,49.6,52.6,38.4,65.6,grammar,vocabulary,STABLE
1992,2,USER,159,2573,13,2,0,0,49.0,35.4,4,9,23,6,16,36,93,149,297,55.4,56.0,57.2,1.79,114,357,4,4,71.6,60.6,0,51.4,51.5,60.7,68.2,65.1,32.3,writing,grammar,STABLE
1993,11,USER,449,2177,13,2,0,0,74.5,60.2,3,9,16,6,16,32,76,107,170,64.1,55.1,55.9,1.91,103,292,0,2,0.0,51.9,3,62.1,44.2,42.3,60.4,64.7,53.7,vocabulary,reading,IMPROVING
1994,10,USER,918,2720,17,1,291,1,80.6,94.7,4,8,22,8,15,41,65,169,262,59.9,56.6,60.6,1.74,141,408,2,0,59.5,0.0,2,57.5,64.2,59.1,67.6,64.0,43.5,writing,grammar,STABLE
1995,9,USER,215,2047,9,5,0,0,44.1,20.1,4,8,12,4,9,20,41,67,138,58.4,58.1,61.9,1.57,88,204,2,1,77.1,60.6,0,46.8,55.5,64.4,79.0,54.8,66.5,writing,listening,STABLE
1996,6,USER,158,1734,10,4,0,0,31.8,30.9,2,7,12,5,10,24,76,133,207,43.5,46.5,45.5,1.73,65,235,0,3,0.0,60.6,0,47.2,58.2,49.1,49.8,70.8,36.2,vocabulary,grammar,STABLE
1997,4,USER,417,1439,13,5,285,1,18.0,37.1,1,4,7,2,4,8,18,30,46,52.4,54.2,58.7,1.6,26,98,0,0,0.0,0.0,2,64.4,64.7,42.6,55.1,54.3,68.0,grammar,reading,DECLINING
1998,12,USER,35,1365,4,6,34,1,58.6,75.7,1,3,7,2,5,11,28,37,95,48.1,53.9,60.2,1.88,46,108,0,2,0.0,75.0,0,46.1,73.3,70.3,41.7,64.5,58.8,speaking,writing,DECLINING
1999,3,USER,0,1121,6,3,0,0,48.6,56.6,2,4,7,4,5,12,21,40,81,37.8,41.7,44.8,2.3,38,81,1,0,48.3,0.0,0,45.0,32.9,50.5,45.6,58.8,31.7,vocabulary,grammar,DECLINING
2000,5,USER,0,961,2,8,0,0,40.9,40.5,0,1,2,0,1,2,3,5,12,57.2,60.2,58.2,1.42,17,63,0,0,0.0,0.0,0,50.8,47.5,52.4,81.6,68.1,63.8,writing,speaking,STABLE
